-- MySQL dump 10.13  Distrib 5.7.24, for Linux (x86_64)
--
-- Host: 192.168.0.120    Database: shopping
-- ------------------------------------------------------
-- Server version	5.7.24-0ubuntu0.16.04.1

/*!40101 SET @OLD_CHARACTER_SET_CLIENT=@@CHARACTER_SET_CLIENT */;
/*!40101 SET @OLD_CHARACTER_SET_RESULTS=@@CHARACTER_SET_RESULTS */;
/*!40101 SET @OLD_COLLATION_CONNECTION=@@COLLATION_CONNECTION */;
/*!40101 SET NAMES utf8 */;
/*!40103 SET @OLD_TIME_ZONE=@@TIME_ZONE */;
/*!40103 SET TIME_ZONE='+00:00' */;
/*!40014 SET @OLD_UNIQUE_CHECKS=@@UNIQUE_CHECKS, UNIQUE_CHECKS=0 */;
/*!40014 SET @OLD_FOREIGN_KEY_CHECKS=@@FOREIGN_KEY_CHECKS, FOREIGN_KEY_CHECKS=0 */;
/*!40101 SET @OLD_SQL_MODE=@@SQL_MODE, SQL_MODE='NO_AUTO_VALUE_ON_ZERO' */;
/*!40111 SET @OLD_SQL_NOTES=@@SQL_NOTES, SQL_NOTES=0 */;

--
-- Table structure for table `areainfo`
--

DROP TABLE IF EXISTS `areainfo`;
/*!40101 SET @saved_cs_client     = @@character_set_client */;
/*!40101 SET character_set_client = utf8 */;
CREATE TABLE `areainfo` (
  `id` int(11) NOT NULL AUTO_INCREMENT,
  `atitle` varchar(30) NOT NULL,
  `aParea_id` int(11) DEFAULT NULL,
  PRIMARY KEY (`id`),
  KEY `areainfo_aParea_id_9ec28158_fk_areainfo_id` (`aParea_id`),
  CONSTRAINT `areainfo_aParea_id_9ec28158_fk_areainfo_id` FOREIGN KEY (`aParea_id`) REFERENCES `areainfo` (`id`)
) ENGINE=InnoDB AUTO_INCREMENT=820001 DEFAULT CHARSET=utf8;
/*!40101 SET character_set_client = @saved_cs_client */;

--
-- Dumping data for table `areainfo`
--

LOCK TABLES `areainfo` WRITE;
/*!40000 ALTER TABLE `areainfo` DISABLE KEYS */;
INSERT INTO `areainfo` VALUES (110000,'北京市',NULL),(110100,'市辖区',110000),(110101,'东城区',110100),(110102,'西城区',110100),(110103,'崇文区',110100),(110104,'宣武区',110100),(110105,'朝阳区',110100),(110106,'丰台区',110100),(110107,'石景山区',110100),(110108,'海淀区',110100),(110109,'门头沟区',110100),(110111,'房山区',110100),(110112,'通州区',110100),(110113,'顺义区',110100),(110114,'昌平区',110100),(110115,'大兴区',110100),(110116,'怀柔区',110100),(110117,'平谷区',110100),(110200,'县',110000),(110228,'密云县',110200),(110229,'延庆县',110200),(120000,'天津市',NULL),(120100,'市辖区',120000),(120101,'和平区',120100),(120102,'河东区',120100),(120103,'河西区',120100),(120104,'南开区',120100),(120105,'河北区',120100),(120106,'红桥区',120100),(120107,'塘沽区',120100),(120108,'汉沽区',120100),(120109,'大港区',120100),(120110,'东丽区',120100),(120111,'西青区',120100),(120112,'津南区',120100),(120113,'北辰区',120100),(120114,'武清区',120100),(120115,'宝坻区',120100),(120200,'县',120000),(120221,'宁河县',120200),(120223,'静海县',120200),(120225,'蓟　县',120200),(130000,'河北省',NULL),(130100,'石家庄市',130000),(130101,'市辖区',130100),(130102,'长安区',130100),(130103,'桥东区',130100),(130104,'桥西区',130100),(130105,'新华区',130100),(130107,'井陉矿区',130100),(130108,'裕华区',130100),(130121,'井陉县',130100),(130123,'正定县',130100),(130124,'栾城县',130100),(130125,'行唐县',130100),(130126,'灵寿县',130100),(130127,'高邑县',130100),(130128,'深泽县',130100),(130129,'赞皇县',130100),(130130,'无极县',130100),(130131,'平山县',130100),(130132,'元氏县',130100),(130133,'赵　县',130100),(130181,'辛集市',130100),(130182,'藁城市',130100),(130183,'晋州市',130100),(130184,'新乐市',130100),(130185,'鹿泉市',130100),(130200,'唐山市',130000),(130201,'市辖区',130200),(130202,'路南区',130200),(130203,'路北区',130200),(130204,'古冶区',130200),(130205,'开平区',130200),(130207,'丰南区',130200),(130208,'丰润区',130200),(130223,'滦　县',130200),(130224,'滦南县',130200),(130225,'乐亭县',130200),(130227,'迁西县',130200),(130229,'玉田县',130200),(130230,'唐海县',130200),(130281,'遵化市',130200),(130283,'迁安市',130200),(130300,'秦皇岛市',130000),(130301,'市辖区',130300),(130302,'海港区',130300),(130303,'山海关区',130300),(130304,'北戴河区',130300),(130321,'青龙满族自治县',130300),(130322,'昌黎县',130300),(130323,'抚宁县',130300),(130324,'卢龙县',130300),(130400,'邯郸市',130000),(130401,'市辖区',130400),(130402,'邯山区',130400),(130403,'丛台区',130400),(130404,'复兴区',130400),(130406,'峰峰矿区',130400),(130421,'邯郸县',130400),(130423,'临漳县',130400),(130424,'成安县',130400),(130425,'大名县',130400),(130426,'涉　县',130400),(130427,'磁　县',130400),(130428,'肥乡县',130400),(130429,'永年县',130400),(130430,'邱　县',130400),(130431,'鸡泽县',130400),(130432,'广平县',130400),(130433,'馆陶县',130400),(130434,'魏　县',130400),(130435,'曲周县',130400),(130481,'武安市',130400),(130500,'邢台市',130000),(130501,'市辖区',130500),(130502,'桥东区',130500),(130503,'桥西区',130500),(130521,'邢台县',130500),(130522,'临城县',130500),(130523,'内丘县',130500),(130524,'柏乡县',130500),(130525,'隆尧县',130500),(130526,'任　县',130500),(130527,'南和县',130500),(130528,'宁晋县',130500),(130529,'巨鹿县',130500),(130530,'新河县',130500),(130531,'广宗县',130500),(130532,'平乡县',130500),(130533,'威　县',130500),(130534,'清河县',130500),(130535,'临西县',130500),(130581,'南宫市',130500),(130582,'沙河市',130500),(130600,'保定市',130000),(130601,'市辖区',130600),(130602,'新市区',130600),(130603,'北市区',130600),(130604,'南市区',130600),(130621,'满城县',130600),(130622,'清苑县',130600),(130623,'涞水县',130600),(130624,'阜平县',130600),(130625,'徐水县',130600),(130626,'定兴县',130600),(130627,'唐　县',130600),(130628,'高阳县',130600),(130629,'容城县',130600),(130630,'涞源县',130600),(130631,'望都县',130600),(130632,'安新县',130600),(130633,'易　县',130600),(130634,'曲阳县',130600),(130635,'蠡　县',130600),(130636,'顺平县',130600),(130637,'博野县',130600),(130638,'雄　县',130600),(130681,'涿州市',130600),(130682,'定州市',130600),(130683,'安国市',130600),(130684,'高碑店市',130600),(130700,'张家口市',130000),(130701,'市辖区',130700),(130702,'桥东区',130700),(130703,'桥西区',130700),(130705,'宣化区',130700),(130706,'下花园区',130700),(130721,'宣化县',130700),(130722,'张北县',130700),(130723,'康保县',130700),(130724,'沽源县',130700),(130725,'尚义县',130700),(130726,'蔚　县',130700),(130727,'阳原县',130700),(130728,'怀安县',130700),(130729,'万全县',130700),(130730,'怀来县',130700),(130731,'涿鹿县',130700),(130732,'赤城县',130700),(130733,'崇礼县',130700),(130800,'承德市',130000),(130801,'市辖区',130800),(130802,'双桥区',130800),(130803,'双滦区',130800),(130804,'鹰手营子矿区',130800),(130821,'承德县',130800),(130822,'兴隆县',130800),(130823,'平泉县',130800),(130824,'滦平县',130800),(130825,'隆化县',130800),(130826,'丰宁满族自治县',130800),(130827,'宽城满族自治县',130800),(130828,'围场满族蒙古族自治县',130800),(130900,'沧州市',130000),(130901,'市辖区',130900),(130902,'新华区',130900),(130903,'运河区',130900),(130921,'沧　县',130900),(130922,'青　县',130900),(130923,'东光县',130900),(130924,'海兴县',130900),(130925,'盐山县',130900),(130926,'肃宁县',130900),(130927,'南皮县',130900),(130928,'吴桥县',130900),(130929,'献　县',130900),(130930,'孟村回族自治县',130900),(130981,'泊头市',130900),(130982,'任丘市',130900),(130983,'黄骅市',130900),(130984,'河间市',130900),(131000,'廊坊市',130000),(131001,'市辖区',131000),(131002,'安次区',131000),(131003,'广阳区',131000),(131022,'固安县',131000),(131023,'永清县',131000),(131024,'香河县',131000),(131025,'大城县',131000),(131026,'文安县',131000),(131028,'大厂回族自治县',131000),(131081,'霸州市',131000),(131082,'三河市',131000),(131100,'衡水市',130000),(131101,'市辖区',131100),(131102,'桃城区',131100),(131121,'枣强县',131100),(131122,'武邑县',131100),(131123,'武强县',131100),(131124,'饶阳县',131100),(131125,'安平县',131100),(131126,'故城县',131100),(131127,'景　县',131100),(131128,'阜城县',131100),(131181,'冀州市',131100),(131182,'深州市',131100),(140000,'山西省',NULL),(140100,'太原市',140000),(140101,'市辖区',140100),(140105,'小店区',140100),(140106,'迎泽区',140100),(140107,'杏花岭区',140100),(140108,'尖草坪区',140100),(140109,'万柏林区',140100),(140110,'晋源区',140100),(140121,'清徐县',140100),(140122,'阳曲县',140100),(140123,'娄烦县',140100),(140181,'古交市',140100),(140200,'大同市',140000),(140201,'市辖区',140200),(140202,'城　区',140200),(140203,'矿　区',140200),(140211,'南郊区',140200),(140212,'新荣区',140200),(140221,'阳高县',140200),(140222,'天镇县',140200),(140223,'广灵县',140200),(140224,'灵丘县',140200),(140225,'浑源县',140200),(140226,'左云县',140200),(140227,'大同县',140200),(140300,'阳泉市',140000),(140301,'市辖区',140300),(140302,'城　区',140300),(140303,'矿　区',140300),(140311,'郊　区',140300),(140321,'平定县',140300),(140322,'盂　县',140300),(140400,'长治市',140000),(140401,'市辖区',140400),(140402,'城　区',140400),(140411,'郊　区',140400),(140421,'长治县',140400),(140423,'襄垣县',140400),(140424,'屯留县',140400),(140425,'平顺县',140400),(140426,'黎城县',140400),(140427,'壶关县',140400),(140428,'长子县',140400),(140429,'武乡县',140400),(140430,'沁　县',140400),(140431,'沁源县',140400),(140481,'潞城市',140400),(140500,'晋城市',140000),(140501,'市辖区',140500),(140502,'城　区',140500),(140521,'沁水县',140500),(140522,'阳城县',140500),(140524,'陵川县',140500),(140525,'泽州县',140500),(140581,'高平市',140500),(140600,'朔州市',140000),(140601,'市辖区',140600),(140602,'朔城区',140600),(140603,'平鲁区',140600),(140621,'山阴县',140600),(140622,'应　县',140600),(140623,'右玉县',140600),(140624,'怀仁县',140600),(140700,'晋中市',140000),(140701,'市辖区',140700),(140702,'榆次区',140700),(140721,'榆社县',140700),(140722,'左权县',140700),(140723,'和顺县',140700),(140724,'昔阳县',140700),(140725,'寿阳县',140700),(140726,'太谷县',140700),(140727,'祁　县',140700),(140728,'平遥县',140700),(140729,'灵石县',140700),(140781,'介休市',140700),(140800,'运城市',140000),(140801,'市辖区',140800),(140802,'盐湖区',140800),(140821,'临猗县',140800),(140822,'万荣县',140800),(140823,'闻喜县',140800),(140824,'稷山县',140800),(140825,'新绛县',140800),(140826,'绛　县',140800),(140827,'垣曲县',140800),(140828,'夏　县',140800),(140829,'平陆县',140800),(140830,'芮城县',140800),(140881,'永济市',140800),(140882,'河津市',140800),(140900,'忻州市',140000),(140901,'市辖区',140900),(140902,'忻府区',140900),(140921,'定襄县',140900),(140922,'五台县',140900),(140923,'代　县',140900),(140924,'繁峙县',140900),(140925,'宁武县',140900),(140926,'静乐县',140900),(140927,'神池县',140900),(140928,'五寨县',140900),(140929,'岢岚县',140900),(140930,'河曲县',140900),(140931,'保德县',140900),(140932,'偏关县',140900),(140981,'原平市',140900),(141000,'临汾市',140000),(141001,'市辖区',141000),(141002,'尧都区',141000),(141021,'曲沃县',141000),(141022,'翼城县',141000),(141023,'襄汾县',141000),(141024,'洪洞县',141000),(141025,'古　县',141000),(141026,'安泽县',141000),(141027,'浮山县',141000),(141028,'吉　县',141000),(141029,'乡宁县',141000),(141030,'大宁县',141000),(141031,'隰　县',141000),(141032,'永和县',141000),(141033,'蒲　县',141000),(141034,'汾西县',141000),(141081,'侯马市',141000),(141082,'霍州市',141000),(141100,'吕梁市',140000),(141101,'市辖区',141100),(141102,'离石区',141100),(141121,'文水县',141100),(141122,'交城县',141100),(141123,'兴　县',141100),(141124,'临　县',141100),(141125,'柳林县',141100),(141126,'石楼县',141100),(141127,'岚　县',141100),(141128,'方山县',141100),(141129,'中阳县',141100),(141130,'交口县',141100),(141181,'孝义市',141100),(141182,'汾阳市',141100),(150000,'内蒙古自治区',NULL),(150100,'呼和浩特市',150000),(150101,'市辖区',150100),(150102,'新城区',150100),(150103,'回民区',150100),(150104,'玉泉区',150100),(150105,'赛罕区',150100),(150121,'土默特左旗',150100),(150122,'托克托县',150100),(150123,'和林格尔县',150100),(150124,'清水河县',150100),(150125,'武川县',150100),(150200,'包头市',150000),(150201,'市辖区',150200),(150202,'东河区',150200),(150203,'昆都仑区',150200),(150204,'青山区',150200),(150205,'石拐区',150200),(150206,'白云矿区',150200),(150207,'九原区',150200),(150221,'土默特右旗',150200),(150222,'固阳县',150200),(150223,'达尔罕茂明安联合旗',150200),(150300,'乌海市',150000),(150301,'市辖区',150300),(150302,'海勃湾区',150300),(150303,'海南区',150300),(150304,'乌达区',150300),(150400,'赤峰市',150000),(150401,'市辖区',150400),(150402,'红山区',150400),(150403,'元宝山区',150400),(150404,'松山区',150400),(150421,'阿鲁科尔沁旗',150400),(150422,'巴林左旗',150400),(150423,'巴林右旗',150400),(150424,'林西县',150400),(150425,'克什克腾旗',150400),(150426,'翁牛特旗',150400),(150428,'喀喇沁旗',150400),(150429,'宁城县',150400),(150430,'敖汉旗',150400),(150500,'通辽市',150000),(150501,'市辖区',150500),(150502,'科尔沁区',150500),(150521,'科尔沁左翼中旗',150500),(150522,'科尔沁左翼后旗',150500),(150523,'开鲁县',150500),(150524,'库伦旗',150500),(150525,'奈曼旗',150500),(150526,'扎鲁特旗',150500),(150581,'霍林郭勒市',150500),(150600,'鄂尔多斯市',150000),(150602,'东胜区',150600),(150621,'达拉特旗',150600),(150622,'准格尔旗',150600),(150623,'鄂托克前旗',150600),(150624,'鄂托克旗',150600),(150625,'杭锦旗',150600),(150626,'乌审旗',150600),(150627,'伊金霍洛旗',150600),(150700,'呼伦贝尔市',150000),(150701,'市辖区',150700),(150702,'海拉尔区',150700),(150721,'阿荣旗',150700),(150722,'莫力达瓦达斡尔族自治旗',150700),(150723,'鄂伦春自治旗',150700),(150724,'鄂温克族自治旗',150700),(150725,'陈巴尔虎旗',150700),(150726,'新巴尔虎左旗',150700),(150727,'新巴尔虎右旗',150700),(150781,'满洲里市',150700),(150782,'牙克石市',150700),(150783,'扎兰屯市',150700),(150784,'额尔古纳市',150700),(150785,'根河市',150700),(150800,'巴彦淖尔市',150000),(150801,'市辖区',150800),(150802,'临河区',150800),(150821,'五原县',150800),(150822,'磴口县',150800),(150823,'乌拉特前旗',150800),(150824,'乌拉特中旗',150800),(150825,'乌拉特后旗',150800),(150826,'杭锦后旗',150800),(150900,'乌兰察布市',150000),(150901,'市辖区',150900),(150902,'集宁区',150900),(150921,'卓资县',150900),(150922,'化德县',150900),(150923,'商都县',150900),(150924,'兴和县',150900),(150925,'凉城县',150900),(150926,'察哈尔右翼前旗',150900),(150927,'察哈尔右翼中旗',150900),(150928,'察哈尔右翼后旗',150900),(150929,'四子王旗',150900),(150981,'丰镇市',150900),(152200,'兴安盟',150000),(152201,'乌兰浩特市',152200),(152202,'阿尔山市',152200),(152221,'科尔沁右翼前旗',152200),(152222,'科尔沁右翼中旗',152200),(152223,'扎赉特旗',152200),(152224,'突泉县',152200),(152500,'锡林郭勒盟',150000),(152501,'二连浩特市',152500),(152502,'锡林浩特市',152500),(152522,'阿巴嘎旗',152500),(152523,'苏尼特左旗',152500),(152524,'苏尼特右旗',152500),(152525,'东乌珠穆沁旗',152500),(152526,'西乌珠穆沁旗',152500),(152527,'太仆寺旗',152500),(152528,'镶黄旗',152500),(152529,'正镶白旗',152500),(152530,'正蓝旗',152500),(152531,'多伦县',152500),(152900,'阿拉善盟',150000),(152921,'阿拉善左旗',152900),(152922,'阿拉善右旗',152900),(152923,'额济纳旗',152900),(210000,'辽宁省',NULL),(210100,'沈阳市',210000),(210101,'市辖区',210100),(210102,'和平区',210100),(210103,'沈河区',210100),(210104,'大东区',210100),(210105,'皇姑区',210100),(210106,'铁西区',210100),(210111,'苏家屯区',210100),(210112,'东陵区',210100),(210113,'新城子区',210100),(210114,'于洪区',210100),(210122,'辽中县',210100),(210123,'康平县',210100),(210124,'法库县',210100),(210181,'新民市',210100),(210200,'大连市',210000),(210201,'市辖区',210200),(210202,'中山区',210200),(210203,'西岗区',210200),(210204,'沙河口区',210200),(210211,'甘井子区',210200),(210212,'旅顺口区',210200),(210213,'金州区',210200),(210224,'长海县',210200),(210281,'瓦房店市',210200),(210282,'普兰店市',210200),(210283,'庄河市',210200),(210300,'鞍山市',210000),(210301,'市辖区',210300),(210302,'铁东区',210300),(210303,'铁西区',210300),(210304,'立山区',210300),(210311,'千山区',210300),(210321,'台安县',210300),(210323,'岫岩满族自治县',210300),(210381,'海城市',210300),(210400,'抚顺市',210000),(210401,'市辖区',210400),(210402,'新抚区',210400),(210403,'东洲区',210400),(210404,'望花区',210400),(210411,'顺城区',210400),(210421,'抚顺县',210400),(210422,'新宾满族自治县',210400),(210423,'清原满族自治县',210400),(210500,'本溪市',210000),(210501,'市辖区',210500),(210502,'平山区',210500),(210503,'溪湖区',210500),(210504,'明山区',210500),(210505,'南芬区',210500),(210521,'本溪满族自治县',210500),(210522,'桓仁满族自治县',210500),(210600,'丹东市',210000),(210601,'市辖区',210600),(210602,'元宝区',210600),(210603,'振兴区',210600),(210604,'振安区',210600),(210624,'宽甸满族自治县',210600),(210681,'东港市',210600),(210682,'凤城市',210600),(210700,'锦州市',210000),(210701,'市辖区',210700),(210702,'古塔区',210700),(210703,'凌河区',210700),(210711,'太和区',210700),(210726,'黑山县',210700),(210727,'义　县',210700),(210781,'凌海市',210700),(210782,'北宁市',210700),(210800,'营口市',210000),(210801,'市辖区',210800),(210802,'站前区',210800),(210803,'西市区',210800),(210804,'鲅鱼圈区',210800),(210811,'老边区',210800),(210881,'盖州市',210800),(210882,'大石桥市',210800),(210900,'阜新市',210000),(210901,'市辖区',210900),(210902,'海州区',210900),(210903,'新邱区',210900),(210904,'太平区',210900),(210905,'清河门区',210900),(210911,'细河区',210900),(210921,'阜新蒙古族自治县',210900),(210922,'彰武县',210900),(211000,'辽阳市',210000),(211001,'市辖区',211000),(211002,'白塔区',211000),(211003,'文圣区',211000),(211004,'宏伟区',211000),(211005,'弓长岭区',211000),(211011,'太子河区',211000),(211021,'辽阳县',211000),(211081,'灯塔市',211000),(211100,'盘锦市',210000),(211101,'市辖区',211100),(211102,'双台子区',211100),(211103,'兴隆台区',211100),(211121,'大洼县',211100),(211122,'盘山县',211100),(211200,'铁岭市',210000),(211201,'市辖区',211200),(211202,'银州区',211200),(211204,'清河区',211200),(211221,'铁岭县',211200),(211223,'西丰县',211200),(211224,'昌图县',211200),(211281,'调兵山市',211200),(211282,'开原市',211200),(211300,'朝阳市',210000),(211301,'市辖区',211300),(211302,'双塔区',211300),(211303,'龙城区',211300),(211321,'朝阳县',211300),(211322,'建平县',211300),(211324,'喀喇沁左翼蒙古族自治县',211300),(211381,'北票市',211300),(211382,'凌源市',211300),(211400,'葫芦岛市',210000),(211401,'市辖区',211400),(211402,'连山区',211400),(211403,'龙港区',211400),(211404,'南票区',211400),(211421,'绥中县',211400),(211422,'建昌县',211400),(211481,'兴城市',211400),(220000,'吉林省',NULL),(220100,'长春市',220000),(220101,'市辖区',220100),(220102,'南关区',220100),(220103,'宽城区',220100),(220104,'朝阳区',220100),(220105,'二道区',220100),(220106,'绿园区',220100),(220112,'双阳区',220100),(220122,'农安县',220100),(220181,'九台市',220100),(220182,'榆树市',220100),(220183,'德惠市',220100),(220200,'吉林市',220000),(220201,'市辖区',220200),(220202,'昌邑区',220200),(220203,'龙潭区',220200),(220204,'船营区',220200),(220211,'丰满区',220200),(220221,'永吉县',220200),(220281,'蛟河市',220200),(220282,'桦甸市',220200),(220283,'舒兰市',220200),(220284,'磐石市',220200),(220300,'四平市',220000),(220301,'市辖区',220300),(220302,'铁西区',220300),(220303,'铁东区',220300),(220322,'梨树县',220300),(220323,'伊通满族自治县',220300),(220381,'公主岭市',220300),(220382,'双辽市',220300),(220400,'辽源市',220000),(220401,'市辖区',220400),(220402,'龙山区',220400),(220403,'西安区',220400),(220421,'东丰县',220400),(220422,'东辽县',220400),(220500,'通化市',220000),(220501,'市辖区',220500),(220502,'东昌区',220500),(220503,'二道江区',220500),(220521,'通化县',220500),(220523,'辉南县',220500),(220524,'柳河县',220500),(220581,'梅河口市',220500),(220582,'集安市',220500),(220600,'白山市',220000),(220601,'市辖区',220600),(220602,'八道江区',220600),(220621,'抚松县',220600),(220622,'靖宇县',220600),(220623,'长白朝鲜族自治县',220600),(220625,'江源县',220600),(220681,'临江市',220600),(220700,'松原市',220000),(220701,'市辖区',220700),(220702,'宁江区',220700),(220721,'前郭尔罗斯蒙古族自治县',220700),(220722,'长岭县',220700),(220723,'乾安县',220700),(220724,'扶余县',220700),(220800,'白城市',220000),(220801,'市辖区',220800),(220802,'洮北区',220800),(220821,'镇赉县',220800),(220822,'通榆县',220800),(220881,'洮南市',220800),(220882,'大安市',220800),(222400,'延边朝鲜族自治州',220000),(222401,'延吉市',222400),(222402,'图们市',222400),(222403,'敦化市',222400),(222404,'珲春市',222400),(222405,'龙井市',222400),(222406,'和龙市',222400),(222424,'汪清县',222400),(222426,'安图县',222400),(230000,'黑龙江省',NULL),(230100,'哈尔滨市',230000),(230101,'市辖区',230100),(230102,'道里区',230100),(230103,'南岗区',230100),(230104,'道外区',230100),(230106,'香坊区',230100),(230107,'动力区',230100),(230108,'平房区',230100),(230109,'松北区',230100),(230111,'呼兰区',230100),(230123,'依兰县',230100),(230124,'方正县',230100),(230125,'宾　县',230100),(230126,'巴彦县',230100),(230127,'木兰县',230100),(230128,'通河县',230100),(230129,'延寿县',230100),(230181,'阿城市',230100),(230182,'双城市',230100),(230183,'尚志市',230100),(230184,'五常市',230100),(230200,'齐齐哈尔市',230000),(230201,'市辖区',230200),(230202,'龙沙区',230200),(230203,'建华区',230200),(230204,'铁锋区',230200),(230205,'昂昂溪区',230200),(230206,'富拉尔基区',230200),(230207,'碾子山区',230200),(230208,'梅里斯达斡尔族区',230200),(230221,'龙江县',230200),(230223,'依安县',230200),(230224,'泰来县',230200),(230225,'甘南县',230200),(230227,'富裕县',230200),(230229,'克山县',230200),(230230,'克东县',230200),(230231,'拜泉县',230200),(230281,'讷河市',230200),(230300,'鸡西市',230000),(230301,'市辖区',230300),(230302,'鸡冠区',230300),(230303,'恒山区',230300),(230304,'滴道区',230300),(230305,'梨树区',230300),(230306,'城子河区',230300),(230307,'麻山区',230300),(230321,'鸡东县',230300),(230381,'虎林市',230300),(230382,'密山市',230300),(230400,'鹤岗市',230000),(230401,'市辖区',230400),(230402,'向阳区',230400),(230403,'工农区',230400),(230404,'南山区',230400),(230405,'兴安区',230400),(230406,'东山区',230400),(230407,'兴山区',230400),(230421,'萝北县',230400),(230422,'绥滨县',230400),(230500,'双鸭山市',230000),(230501,'市辖区',230500),(230502,'尖山区',230500),(230503,'岭东区',230500),(230505,'四方台区',230500),(230506,'宝山区',230500),(230521,'集贤县',230500),(230522,'友谊县',230500),(230523,'宝清县',230500),(230524,'饶河县',230500),(230600,'大庆市',230000),(230601,'市辖区',230600),(230602,'萨尔图区',230600),(230603,'龙凤区',230600),(230604,'让胡路区',230600),(230605,'红岗区',230600),(230606,'大同区',230600),(230621,'肇州县',230600),(230622,'肇源县',230600),(230623,'林甸县',230600),(230624,'杜尔伯特蒙古族自治县',230600),(230700,'伊春市',230000),(230701,'市辖区',230700),(230702,'伊春区',230700),(230703,'南岔区',230700),(230704,'友好区',230700),(230705,'西林区',230700),(230706,'翠峦区',230700),(230707,'新青区',230700),(230708,'美溪区',230700),(230709,'金山屯区',230700),(230710,'五营区',230700),(230711,'乌马河区',230700),(230712,'汤旺河区',230700),(230713,'带岭区',230700),(230714,'乌伊岭区',230700),(230715,'红星区',230700),(230716,'上甘岭区',230700),(230722,'嘉荫县',230700),(230781,'铁力市',230700),(230800,'佳木斯市',230000),(230801,'市辖区',230800),(230802,'永红区',230800),(230803,'向阳区',230800),(230804,'前进区',230800),(230805,'东风区',230800),(230811,'郊　区',230800),(230822,'桦南县',230800),(230826,'桦川县',230800),(230828,'汤原县',230800),(230833,'抚远县',230800),(230881,'同江市',230800),(230882,'富锦市',230800),(230900,'七台河市',230000),(230901,'市辖区',230900),(230902,'新兴区',230900),(230903,'桃山区',230900),(230904,'茄子河区',230900),(230921,'勃利县',230900),(231000,'牡丹江市',230000),(231001,'市辖区',231000),(231002,'东安区',231000),(231003,'阳明区',231000),(231004,'爱民区',231000),(231005,'西安区',231000),(231024,'东宁县',231000),(231025,'林口县',231000),(231081,'绥芬河市',231000),(231083,'海林市',231000),(231084,'宁安市',231000),(231085,'穆棱市',231000),(231100,'黑河市',230000),(231101,'市辖区',231100),(231102,'爱辉区',231100),(231121,'嫩江县',231100),(231123,'逊克县',231100),(231124,'孙吴县',231100),(231181,'北安市',231100),(231182,'五大连池市',231100),(231200,'绥化市',230000),(231201,'市辖区',231200),(231202,'北林区',231200),(231221,'望奎县',231200),(231222,'兰西县',231200),(231223,'青冈县',231200),(231224,'庆安县',231200),(231225,'明水县',231200),(231226,'绥棱县',231200),(231281,'安达市',231200),(231282,'肇东市',231200),(231283,'海伦市',231200),(232700,'大兴安岭地区',230000),(232721,'呼玛县',232700),(232722,'塔河县',232700),(232723,'漠河县',232700),(310000,'上海市',NULL),(310100,'市辖区',310000),(310101,'黄浦区',310100),(310103,'卢湾区',310100),(310104,'徐汇区',310100),(310105,'长宁区',310100),(310106,'静安区',310100),(310107,'普陀区',310100),(310108,'闸北区',310100),(310109,'虹口区',310100),(310110,'杨浦区',310100),(310112,'闵行区',310100),(310113,'宝山区',310100),(310114,'嘉定区',310100),(310115,'浦东新区',310100),(310116,'金山区',310100),(310117,'松江区',310100),(310118,'青浦区',310100),(310119,'南汇区',310100),(310120,'奉贤区',310100),(310200,'县',310000),(310230,'崇明县',310200),(320000,'江苏省',NULL),(320100,'南京市',320000),(320101,'市辖区',320100),(320102,'玄武区',320100),(320103,'白下区',320100),(320104,'秦淮区',320100),(320105,'建邺区',320100),(320106,'鼓楼区',320100),(320107,'下关区',320100),(320111,'浦口区',320100),(320113,'栖霞区',320100),(320114,'雨花台区',320100),(320115,'江宁区',320100),(320116,'六合区',320100),(320124,'溧水县',320100),(320125,'高淳县',320100),(320200,'无锡市',320000),(320201,'市辖区',320200),(320202,'崇安区',320200),(320203,'南长区',320200),(320204,'北塘区',320200),(320205,'锡山区',320200),(320206,'惠山区',320200),(320211,'滨湖区',320200),(320281,'江阴市',320200),(320282,'宜兴市',320200),(320300,'徐州市',320000),(320301,'市辖区',320300),(320302,'鼓楼区',320300),(320303,'云龙区',320300),(320304,'九里区',320300),(320305,'贾汪区',320300),(320311,'泉山区',320300),(320321,'丰　县',320300),(320322,'沛　县',320300),(320323,'铜山县',320300),(320324,'睢宁县',320300),(320381,'新沂市',320300),(320382,'邳州市',320300),(320400,'常州市',320000),(320401,'市辖区',320400),(320402,'天宁区',320400),(320404,'钟楼区',320400),(320405,'戚墅堰区',320400),(320411,'新北区',320400),(320412,'武进区',320400),(320481,'溧阳市',320400),(320482,'金坛市',320400),(320500,'苏州市',320000),(320501,'市辖区',320500),(320502,'沧浪区',320500),(320503,'平江区',320500),(320504,'金阊区',320500),(320505,'虎丘区',320500),(320506,'吴中区',320500),(320507,'相城区',320500),(320581,'常熟市',320500),(320582,'张家港市',320500),(320583,'昆山市',320500),(320584,'吴江市',320500),(320585,'太仓市',320500),(320600,'南通市',320000),(320601,'市辖区',320600),(320602,'崇川区',320600),(320611,'港闸区',320600),(320621,'海安县',320600),(320623,'如东县',320600),(320681,'启东市',320600),(320682,'如皋市',320600),(320683,'通州市',320600),(320684,'海门市',320600),(320700,'连云港市',320000),(320701,'市辖区',320700),(320703,'连云区',320700),(320705,'新浦区',320700),(320706,'海州区',320700),(320721,'赣榆县',320700),(320722,'东海县',320700),(320723,'灌云县',320700),(320724,'灌南县',320700),(320800,'淮安市',320000),(320801,'市辖区',320800),(320802,'清河区',320800),(320803,'楚州区',320800),(320804,'淮阴区',320800),(320811,'清浦区',320800),(320826,'涟水县',320800),(320829,'洪泽县',320800),(320830,'盱眙县',320800),(320831,'金湖县',320800),(320900,'盐城市',320000),(320901,'市辖区',320900),(320902,'亭湖区',320900),(320903,'盐都区',320900),(320921,'响水县',320900),(320922,'滨海县',320900),(320923,'阜宁县',320900),(320924,'射阳县',320900),(320925,'建湖县',320900),(320981,'东台市',320900),(320982,'大丰市',320900),(321000,'扬州市',320000),(321001,'市辖区',321000),(321002,'广陵区',321000),(321003,'邗江区',321000),(321011,'郊　区',321000),(321023,'宝应县',321000),(321081,'仪征市',321000),(321084,'高邮市',321000),(321088,'江都市',321000),(321100,'镇江市',320000),(321101,'市辖区',321100),(321102,'京口区',321100),(321111,'润州区',321100),(321112,'丹徒区',321100),(321181,'丹阳市',321100),(321182,'扬中市',321100),(321183,'句容市',321100),(321200,'泰州市',320000),(321201,'市辖区',321200),(321202,'海陵区',321200),(321203,'高港区',321200),(321281,'兴化市',321200),(321282,'靖江市',321200),(321283,'泰兴市',321200),(321284,'姜堰市',321200),(321300,'宿迁市',320000),(321301,'市辖区',321300),(321302,'宿城区',321300),(321311,'宿豫区',321300),(321322,'沭阳县',321300),(321323,'泗阳县',321300),(321324,'泗洪县',321300),(330000,'浙江省',NULL),(330100,'杭州市',330000),(330101,'市辖区',330100),(330102,'上城区',330100),(330103,'下城区',330100),(330104,'江干区',330100),(330105,'拱墅区',330100),(330106,'西湖区',330100),(330108,'滨江区',330100),(330109,'萧山区',330100),(330110,'余杭区',330100),(330122,'桐庐县',330100),(330127,'淳安县',330100),(330182,'建德市',330100),(330183,'富阳市',330100),(330185,'临安市',330100),(330200,'宁波市',330000),(330201,'市辖区',330200),(330203,'海曙区',330200),(330204,'江东区',330200),(330205,'江北区',330200),(330206,'北仑区',330200),(330211,'镇海区',330200),(330212,'鄞州区',330200),(330225,'象山县',330200),(330226,'宁海县',330200),(330281,'余姚市',330200),(330282,'慈溪市',330200),(330283,'奉化市',330200),(330300,'温州市',330000),(330301,'市辖区',330300),(330302,'鹿城区',330300),(330303,'龙湾区',330300),(330304,'瓯海区',330300),(330322,'洞头县',330300),(330324,'永嘉县',330300),(330326,'平阳县',330300),(330327,'苍南县',330300),(330328,'文成县',330300),(330329,'泰顺县',330300),(330381,'瑞安市',330300),(330382,'乐清市',330300),(330400,'嘉兴市',330000),(330401,'市辖区',330400),(330402,'秀城区',330400),(330411,'秀洲区',330400),(330421,'嘉善县',330400),(330424,'海盐县',330400),(330481,'海宁市',330400),(330482,'平湖市',330400),(330483,'桐乡市',330400),(330500,'湖州市',330000),(330501,'市辖区',330500),(330502,'吴兴区',330500),(330503,'南浔区',330500),(330521,'德清县',330500),(330522,'长兴县',330500),(330523,'安吉县',330500),(330600,'绍兴市',330000),(330601,'市辖区',330600),(330602,'越城区',330600),(330621,'绍兴县',330600),(330624,'新昌县',330600),(330681,'诸暨市',330600),(330682,'上虞市',330600),(330683,'嵊州市',330600),(330700,'金华市',330000),(330701,'市辖区',330700),(330702,'婺城区',330700),(330703,'金东区',330700),(330723,'武义县',330700),(330726,'浦江县',330700),(330727,'磐安县',330700),(330781,'兰溪市',330700),(330782,'义乌市',330700),(330783,'东阳市',330700),(330784,'永康市',330700),(330800,'衢州市',330000),(330801,'市辖区',330800),(330802,'柯城区',330800),(330803,'衢江区',330800),(330822,'常山县',330800),(330824,'开化县',330800),(330825,'龙游县',330800),(330881,'江山市',330800),(330900,'舟山市',330000),(330901,'市辖区',330900),(330902,'定海区',330900),(330903,'普陀区',330900),(330921,'岱山县',330900),(330922,'嵊泗县',330900),(331000,'台州市',330000),(331001,'市辖区',331000),(331002,'椒江区',331000),(331003,'黄岩区',331000),(331004,'路桥区',331000),(331021,'玉环县',331000),(331022,'三门县',331000),(331023,'天台县',331000),(331024,'仙居县',331000),(331081,'温岭市',331000),(331082,'临海市',331000),(331100,'丽水市',330000),(331101,'市辖区',331100),(331102,'莲都区',331100),(331121,'青田县',331100),(331122,'缙云县',331100),(331123,'遂昌县',331100),(331124,'松阳县',331100),(331125,'云和县',331100),(331126,'庆元县',331100),(331127,'景宁畲族自治县',331100),(331181,'龙泉市',331100),(340000,'安徽省',NULL),(340100,'合肥市',340000),(340101,'市辖区',340100),(340102,'瑶海区',340100),(340103,'庐阳区',340100),(340104,'蜀山区',340100),(340111,'包河区',340100),(340121,'长丰县',340100),(340122,'肥东县',340100),(340123,'肥西县',340100),(340200,'芜湖市',340000),(340201,'市辖区',340200),(340202,'镜湖区',340200),(340203,'马塘区',340200),(340204,'新芜区',340200),(340207,'鸠江区',340200),(340221,'芜湖县',340200),(340222,'繁昌县',340200),(340223,'南陵县',340200),(340300,'蚌埠市',340000),(340301,'市辖区',340300),(340302,'龙子湖区',340300),(340303,'蚌山区',340300),(340304,'禹会区',340300),(340311,'淮上区',340300),(340321,'怀远县',340300),(340322,'五河县',340300),(340323,'固镇县',340300),(340400,'淮南市',340000),(340401,'市辖区',340400),(340402,'大通区',340400),(340403,'田家庵区',340400),(340404,'谢家集区',340400),(340405,'八公山区',340400),(340406,'潘集区',340400),(340421,'凤台县',340400),(340500,'马鞍山市',340000),(340501,'市辖区',340500),(340502,'金家庄区',340500),(340503,'花山区',340500),(340504,'雨山区',340500),(340521,'当涂县',340500),(340600,'淮北市',340000),(340601,'市辖区',340600),(340602,'杜集区',340600),(340603,'相山区',340600),(340604,'烈山区',340600),(340621,'濉溪县',340600),(340700,'铜陵市',340000),(340701,'市辖区',340700),(340702,'铜官山区',340700),(340703,'狮子山区',340700),(340711,'郊　区',340700),(340721,'铜陵县',340700),(340800,'安庆市',340000),(340801,'市辖区',340800),(340802,'迎江区',340800),(340803,'大观区',340800),(340811,'郊　区',340800),(340822,'怀宁县',340800),(340823,'枞阳县',340800),(340824,'潜山县',340800),(340825,'太湖县',340800),(340826,'宿松县',340800),(340827,'望江县',340800),(340828,'岳西县',340800),(340881,'桐城市',340800),(341000,'黄山市',340000),(341001,'市辖区',341000),(341002,'屯溪区',341000),(341003,'黄山区',341000),(341004,'徽州区',341000),(341021,'歙　县',341000),(341022,'休宁县',341000),(341023,'黟　县',341000),(341024,'祁门县',341000),(341100,'滁州市',340000),(341101,'市辖区',341100),(341102,'琅琊区',341100),(341103,'南谯区',341100),(341122,'来安县',341100),(341124,'全椒县',341100),(341125,'定远县',341100),(341126,'凤阳县',341100),(341181,'天长市',341100),(341182,'明光市',341100),(341200,'阜阳市',340000),(341201,'市辖区',341200),(341202,'颍州区',341200),(341203,'颍东区',341200),(341204,'颍泉区',341200),(341221,'临泉县',341200),(341222,'太和县',341200),(341225,'阜南县',341200),(341226,'颍上县',341200),(341282,'界首市',341200),(341300,'宿州市',340000),(341301,'市辖区',341300),(341302,'墉桥区',341300),(341321,'砀山县',341300),(341322,'萧　县',341300),(341323,'灵璧县',341300),(341324,'泗　县',341300),(341400,'巢湖市',340000),(341401,'市辖区',341400),(341402,'居巢区',341400),(341421,'庐江县',341400),(341422,'无为县',341400),(341423,'含山县',341400),(341424,'和　县',341400),(341500,'六安市',340000),(341501,'市辖区',341500),(341502,'金安区',341500),(341503,'裕安区',341500),(341521,'寿　县',341500),(341522,'霍邱县',341500),(341523,'舒城县',341500),(341524,'金寨县',341500),(341525,'霍山县',341500),(341600,'亳州市',340000),(341601,'市辖区',341600),(341602,'谯城区',341600),(341621,'涡阳县',341600),(341622,'蒙城县',341600),(341623,'利辛县',341600),(341700,'池州市',340000),(341701,'市辖区',341700),(341702,'贵池区',341700),(341721,'东至县',341700),(341722,'石台县',341700),(341723,'青阳县',341700),(341800,'宣城市',340000),(341801,'市辖区',341800),(341802,'宣州区',341800),(341821,'郎溪县',341800),(341822,'广德县',341800),(341823,'泾　县',341800),(341824,'绩溪县',341800),(341825,'旌德县',341800),(341881,'宁国市',341800),(350000,'福建省',NULL),(350100,'福州市',350000),(350101,'市辖区',350100),(350102,'鼓楼区',350100),(350103,'台江区',350100),(350104,'仓山区',350100),(350105,'马尾区',350100),(350111,'晋安区',350100),(350121,'闽侯县',350100),(350122,'连江县',350100),(350123,'罗源县',350100),(350124,'闽清县',350100),(350125,'永泰县',350100),(350128,'平潭县',350100),(350181,'福清市',350100),(350182,'长乐市',350100),(350200,'厦门市',350000),(350201,'市辖区',350200),(350203,'思明区',350200),(350205,'海沧区',350200),(350206,'湖里区',350200),(350211,'集美区',350200),(350212,'同安区',350200),(350213,'翔安区',350200),(350300,'莆田市',350000),(350301,'市辖区',350300),(350302,'城厢区',350300),(350303,'涵江区',350300),(350304,'荔城区',350300),(350305,'秀屿区',350300),(350322,'仙游县',350300),(350400,'三明市',350000),(350401,'市辖区',350400),(350402,'梅列区',350400),(350403,'三元区',350400),(350421,'明溪县',350400),(350423,'清流县',350400),(350424,'宁化县',350400),(350425,'大田县',350400),(350426,'尤溪县',350400),(350427,'沙　县',350400),(350428,'将乐县',350400),(350429,'泰宁县',350400),(350430,'建宁县',350400),(350481,'永安市',350400),(350500,'泉州市',350000),(350501,'市辖区',350500),(350502,'鲤城区',350500),(350503,'丰泽区',350500),(350504,'洛江区',350500),(350505,'泉港区',350500),(350521,'惠安县',350500),(350524,'安溪县',350500),(350525,'永春县',350500),(350526,'德化县',350500),(350527,'金门县',350500),(350581,'石狮市',350500),(350582,'晋江市',350500),(350583,'南安市',350500),(350600,'漳州市',350000),(350601,'市辖区',350600),(350602,'芗城区',350600),(350603,'龙文区',350600),(350622,'云霄县',350600),(350623,'漳浦县',350600),(350624,'诏安县',350600),(350625,'长泰县',350600),(350626,'东山县',350600),(350627,'南靖县',350600),(350628,'平和县',350600),(350629,'华安县',350600),(350681,'龙海市',350600),(350700,'南平市',350000),(350701,'市辖区',350700),(350702,'延平区',350700),(350721,'顺昌县',350700),(350722,'浦城县',350700),(350723,'光泽县',350700),(350724,'松溪县',350700),(350725,'政和县',350700),(350781,'邵武市',350700),(350782,'武夷山市',350700),(350783,'建瓯市',350700),(350784,'建阳市',350700),(350800,'龙岩市',350000),(350801,'市辖区',350800),(350802,'新罗区',350800),(350821,'长汀县',350800),(350822,'永定县',350800),(350823,'上杭县',350800),(350824,'武平县',350800),(350825,'连城县',350800),(350881,'漳平市',350800),(350900,'宁德市',350000),(350901,'市辖区',350900),(350902,'蕉城区',350900),(350921,'霞浦县',350900),(350922,'古田县',350900),(350923,'屏南县',350900),(350924,'寿宁县',350900),(350925,'周宁县',350900),(350926,'柘荣县',350900),(350981,'福安市',350900),(350982,'福鼎市',350900),(360000,'江西省',NULL),(360100,'南昌市',360000),(360101,'市辖区',360100),(360102,'东湖区',360100),(360103,'西湖区',360100),(360104,'青云谱区',360100),(360105,'湾里区',360100),(360111,'青山湖区',360100),(360121,'南昌县',360100),(360122,'新建县',360100),(360123,'安义县',360100),(360124,'进贤县',360100),(360200,'景德镇市',360000),(360201,'市辖区',360200),(360202,'昌江区',360200),(360203,'珠山区',360200),(360222,'浮梁县',360200),(360281,'乐平市',360200),(360300,'萍乡市',360000),(360301,'市辖区',360300),(360302,'安源区',360300),(360313,'湘东区',360300),(360321,'莲花县',360300),(360322,'上栗县',360300),(360323,'芦溪县',360300),(360400,'九江市',360000),(360401,'市辖区',360400),(360402,'庐山区',360400),(360403,'浔阳区',360400),(360421,'九江县',360400),(360423,'武宁县',360400),(360424,'修水县',360400),(360425,'永修县',360400),(360426,'德安县',360400),(360427,'星子县',360400),(360428,'都昌县',360400),(360429,'湖口县',360400),(360430,'彭泽县',360400),(360481,'瑞昌市',360400),(360500,'新余市',360000),(360501,'市辖区',360500),(360502,'渝水区',360500),(360521,'分宜县',360500),(360600,'鹰潭市',360000),(360601,'市辖区',360600),(360602,'月湖区',360600),(360622,'余江县',360600),(360681,'贵溪市',360600),(360700,'赣州市',360000),(360701,'市辖区',360700),(360702,'章贡区',360700),(360721,'赣　县',360700),(360722,'信丰县',360700),(360723,'大余县',360700),(360724,'上犹县',360700),(360725,'崇义县',360700),(360726,'安远县',360700),(360727,'龙南县',360700),(360728,'定南县',360700),(360729,'全南县',360700),(360730,'宁都县',360700),(360731,'于都县',360700),(360732,'兴国县',360700),(360733,'会昌县',360700),(360734,'寻乌县',360700),(360735,'石城县',360700),(360781,'瑞金市',360700),(360782,'南康市',360700),(360800,'吉安市',360000),(360801,'市辖区',360800),(360802,'吉州区',360800),(360803,'青原区',360800),(360821,'吉安县',360800),(360822,'吉水县',360800),(360823,'峡江县',360800),(360824,'新干县',360800),(360825,'永丰县',360800),(360826,'泰和县',360800),(360827,'遂川县',360800),(360828,'万安县',360800),(360829,'安福县',360800),(360830,'永新县',360800),(360881,'井冈山市',360800),(360900,'宜春市',360000),(360901,'市辖区',360900),(360902,'袁州区',360900),(360921,'奉新县',360900),(360922,'万载县',360900),(360923,'上高县',360900),(360924,'宜丰县',360900),(360925,'靖安县',360900),(360926,'铜鼓县',360900),(360981,'丰城市',360900),(360982,'樟树市',360900),(360983,'高安市',360900),(361000,'抚州市',360000),(361001,'市辖区',361000),(361002,'临川区',361000),(361021,'南城县',361000),(361022,'黎川县',361000),(361023,'南丰县',361000),(361024,'崇仁县',361000),(361025,'乐安县',361000),(361026,'宜黄县',361000),(361027,'金溪县',361000),(361028,'资溪县',361000),(361029,'东乡县',361000),(361030,'广昌县',361000),(361100,'上饶市',360000),(361101,'市辖区',361100),(361102,'信州区',361100),(361121,'上饶县',361100),(361122,'广丰县',361100),(361123,'玉山县',361100),(361124,'铅山县',361100),(361125,'横峰县',361100),(361126,'弋阳县',361100),(361127,'余干县',361100),(361128,'鄱阳县',361100),(361129,'万年县',361100),(361130,'婺源县',361100),(361181,'德兴市',361100),(370000,'山东省',NULL),(370100,'济南市',370000),(370101,'市辖区',370100),(370102,'历下区',370100),(370103,'市中区',370100),(370104,'槐荫区',370100),(370105,'天桥区',370100),(370112,'历城区',370100),(370113,'长清区',370100),(370124,'平阴县',370100),(370125,'济阳县',370100),(370126,'商河县',370100),(370181,'章丘市',370100),(370200,'青岛市',370000),(370201,'市辖区',370200),(370202,'市南区',370200),(370203,'市北区',370200),(370205,'四方区',370200),(370211,'黄岛区',370200),(370212,'崂山区',370200),(370213,'李沧区',370200),(370214,'城阳区',370200),(370281,'胶州市',370200),(370282,'即墨市',370200),(370283,'平度市',370200),(370284,'胶南市',370200),(370285,'莱西市',370200),(370300,'淄博市',370000),(370301,'市辖区',370300),(370302,'淄川区',370300),(370303,'张店区',370300),(370304,'博山区',370300),(370305,'临淄区',370300),(370306,'周村区',370300),(370321,'桓台县',370300),(370322,'高青县',370300),(370323,'沂源县',370300),(370400,'枣庄市',370000),(370401,'市辖区',370400),(370402,'市中区',370400),(370403,'薛城区',370400),(370404,'峄城区',370400),(370405,'台儿庄区',370400),(370406,'山亭区',370400),(370481,'滕州市',370400),(370500,'东营市',370000),(370501,'市辖区',370500),(370502,'东营区',370500),(370503,'河口区',370500),(370521,'垦利县',370500),(370522,'利津县',370500),(370523,'广饶县',370500),(370600,'烟台市',370000),(370601,'市辖区',370600),(370602,'芝罘区',370600),(370611,'福山区',370600),(370612,'牟平区',370600),(370613,'莱山区',370600),(370634,'长岛县',370600),(370681,'龙口市',370600),(370682,'莱阳市',370600),(370683,'莱州市',370600),(370684,'蓬莱市',370600),(370685,'招远市',370600),(370686,'栖霞市',370600),(370687,'海阳市',370600),(370700,'潍坊市',370000),(370701,'市辖区',370700),(370702,'潍城区',370700),(370703,'寒亭区',370700),(370704,'坊子区',370700),(370705,'奎文区',370700),(370724,'临朐县',370700),(370725,'昌乐县',370700),(370781,'青州市',370700),(370782,'诸城市',370700),(370783,'寿光市',370700),(370784,'安丘市',370700),(370785,'高密市',370700),(370786,'昌邑市',370700),(370800,'济宁市',370000),(370801,'市辖区',370800),(370802,'市中区',370800),(370811,'任城区',370800),(370826,'微山县',370800),(370827,'鱼台县',370800),(370828,'金乡县',370800),(370829,'嘉祥县',370800),(370830,'汶上县',370800),(370831,'泗水县',370800),(370832,'梁山县',370800),(370881,'曲阜市',370800),(370882,'兖州市',370800),(370883,'邹城市',370800),(370900,'泰安市',370000),(370901,'市辖区',370900),(370902,'泰山区',370900),(370903,'岱岳区',370900),(370921,'宁阳县',370900),(370923,'东平县',370900),(370982,'新泰市',370900),(370983,'肥城市',370900),(371000,'威海市',370000),(371001,'市辖区',371000),(371002,'环翠区',371000),(371081,'文登市',371000),(371082,'荣成市',371000),(371083,'乳山市',371000),(371100,'日照市',370000),(371101,'市辖区',371100),(371102,'东港区',371100),(371103,'岚山区',371100),(371121,'五莲县',371100),(371122,'莒　县',371100),(371200,'莱芜市',370000),(371201,'市辖区',371200),(371202,'莱城区',371200),(371203,'钢城区',371200),(371300,'临沂市',370000),(371301,'市辖区',371300),(371302,'兰山区',371300),(371311,'罗庄区',371300),(371312,'河东区',371300),(371321,'沂南县',371300),(371322,'郯城县',371300),(371323,'沂水县',371300),(371324,'苍山县',371300),(371325,'费　县',371300),(371326,'平邑县',371300),(371327,'莒南县',371300),(371328,'蒙阴县',371300),(371329,'临沭县',371300),(371400,'德州市',370000),(371401,'市辖区',371400),(371402,'德城区',371400),(371421,'陵　县',371400),(371422,'宁津县',371400),(371423,'庆云县',371400),(371424,'临邑县',371400),(371425,'齐河县',371400),(371426,'平原县',371400),(371427,'夏津县',371400),(371428,'武城县',371400),(371481,'乐陵市',371400),(371482,'禹城市',371400),(371500,'聊城市',370000),(371501,'市辖区',371500),(371502,'东昌府区',371500),(371521,'阳谷县',371500),(371522,'莘　县',371500),(371523,'茌平县',371500),(371524,'东阿县',371500),(371525,'冠　县',371500),(371526,'高唐县',371500),(371581,'临清市',371500),(371600,'滨州市',370000),(371601,'市辖区',371600),(371602,'滨城区',371600),(371621,'惠民县',371600),(371622,'阳信县',371600),(371623,'无棣县',371600),(371624,'沾化县',371600),(371625,'博兴县',371600),(371626,'邹平县',371600),(371700,'荷泽市',370000),(371701,'市辖区',371700),(371702,'牡丹区',371700),(371721,'曹　县',371700),(371722,'单　县',371700),(371723,'成武县',371700),(371724,'巨野县',371700),(371725,'郓城县',371700),(371726,'鄄城县',371700),(371727,'定陶县',371700),(371728,'东明县',371700),(410000,'河南省',NULL),(410100,'郑州市',410000),(410101,'市辖区',410100),(410102,'中原区',410100),(410103,'二七区',410100),(410104,'管城回族区',410100),(410105,'金水区',410100),(410106,'上街区',410100),(410108,'邙山区',410100),(410122,'中牟县',410100),(410181,'巩义市',410100),(410182,'荥阳市',410100),(410183,'新密市',410100),(410184,'新郑市',410100),(410185,'登封市',410100),(410200,'开封市',410000),(410201,'市辖区',410200),(410202,'龙亭区',410200),(410203,'顺河回族区',410200),(410204,'鼓楼区',410200),(410205,'南关区',410200),(410211,'郊　区',410200),(410221,'杞　县',410200),(410222,'通许县',410200),(410223,'尉氏县',410200),(410224,'开封县',410200),(410225,'兰考县',410200),(410300,'洛阳市',410000),(410301,'市辖区',410300),(410302,'老城区',410300),(410303,'西工区',410300),(410304,'廛河回族区',410300),(410305,'涧西区',410300),(410306,'吉利区',410300),(410307,'洛龙区',410300),(410322,'孟津县',410300),(410323,'新安县',410300),(410324,'栾川县',410300),(410325,'嵩　县',410300),(410326,'汝阳县',410300),(410327,'宜阳县',410300),(410328,'洛宁县',410300),(410329,'伊川县',410300),(410381,'偃师市',410300),(410400,'平顶山市',410000),(410401,'市辖区',410400),(410402,'新华区',410400),(410403,'卫东区',410400),(410404,'石龙区',410400),(410411,'湛河区',410400),(410421,'宝丰县',410400),(410422,'叶　县',410400),(410423,'鲁山县',410400),(410425,'郏　县',410400),(410481,'舞钢市',410400),(410482,'汝州市',410400),(410500,'安阳市',410000),(410501,'市辖区',410500),(410502,'文峰区',410500),(410503,'北关区',410500),(410505,'殷都区',410500),(410506,'龙安区',410500),(410522,'安阳县',410500),(410523,'汤阴县',410500),(410526,'滑　县',410500),(410527,'内黄县',410500),(410581,'林州市',410500),(410600,'鹤壁市',410000),(410601,'市辖区',410600),(410602,'鹤山区',410600),(410603,'山城区',410600),(410611,'淇滨区',410600),(410621,'浚　县',410600),(410622,'淇　县',410600),(410700,'新乡市',410000),(410701,'市辖区',410700),(410702,'红旗区',410700),(410703,'卫滨区',410700),(410704,'凤泉区',410700),(410711,'牧野区',410700),(410721,'新乡县',410700),(410724,'获嘉县',410700),(410725,'原阳县',410700),(410726,'延津县',410700),(410727,'封丘县',410700),(410728,'长垣县',410700),(410781,'卫辉市',410700),(410782,'辉县市',410700),(410800,'焦作市',410000),(410801,'市辖区',410800),(410802,'解放区',410800),(410803,'中站区',410800),(410804,'马村区',410800),(410811,'山阳区',410800),(410821,'修武县',410800),(410822,'博爱县',410800),(410823,'武陟县',410800),(410825,'温　县',410800),(410881,'济源市',410800),(410882,'沁阳市',410800),(410883,'孟州市',410800),(410900,'濮阳市',410000),(410901,'市辖区',410900),(410902,'华龙区',410900),(410922,'清丰县',410900),(410923,'南乐县',410900),(410926,'范　县',410900),(410927,'台前县',410900),(410928,'濮阳县',410900),(411000,'许昌市',410000),(411001,'市辖区',411000),(411002,'魏都区',411000),(411023,'许昌县',411000),(411024,'鄢陵县',411000),(411025,'襄城县',411000),(411081,'禹州市',411000),(411082,'长葛市',411000),(411100,'漯河市',410000),(411101,'市辖区',411100),(411102,'源汇区',411100),(411103,'郾城区',411100),(411104,'召陵区',411100),(411121,'舞阳县',411100),(411122,'临颍县',411100),(411200,'三门峡市',410000),(411201,'市辖区',411200),(411202,'湖滨区',411200),(411221,'渑池县',411200),(411222,'陕　县',411200),(411224,'卢氏县',411200),(411281,'义马市',411200),(411282,'灵宝市',411200),(411300,'南阳市',410000),(411301,'市辖区',411300),(411302,'宛城区',411300),(411303,'卧龙区',411300),(411321,'南召县',411300),(411322,'方城县',411300),(411323,'西峡县',411300),(411324,'镇平县',411300),(411325,'内乡县',411300),(411326,'淅川县',411300),(411327,'社旗县',411300),(411328,'唐河县',411300),(411329,'新野县',411300),(411330,'桐柏县',411300),(411381,'邓州市',411300),(411400,'商丘市',410000),(411401,'市辖区',411400),(411402,'梁园区',411400),(411403,'睢阳区',411400),(411421,'民权县',411400),(411422,'睢　县',411400),(411423,'宁陵县',411400),(411424,'柘城县',411400),(411425,'虞城县',411400),(411426,'夏邑县',411400),(411481,'永城市',411400),(411500,'信阳市',410000),(411501,'市辖区',411500),(411502,'师河区',411500),(411503,'平桥区',411500),(411521,'罗山县',411500),(411522,'光山县',411500),(411523,'新　县',411500),(411524,'商城县',411500),(411525,'固始县',411500),(411526,'潢川县',411500),(411527,'淮滨县',411500),(411528,'息　县',411500),(411600,'周口市',410000),(411601,'市辖区',411600),(411602,'川汇区',411600),(411621,'扶沟县',411600),(411622,'西华县',411600),(411623,'商水县',411600),(411624,'沈丘县',411600),(411625,'郸城县',411600),(411626,'淮阳县',411600),(411627,'太康县',411600),(411628,'鹿邑县',411600),(411681,'项城市',411600),(411700,'驻马店市',410000),(411701,'市辖区',411700),(411702,'驿城区',411700),(411721,'西平县',411700),(411722,'上蔡县',411700),(411723,'平舆县',411700),(411724,'正阳县',411700),(411725,'确山县',411700),(411726,'泌阳县',411700),(411727,'汝南县',411700),(411728,'遂平县',411700),(411729,'新蔡县',411700),(420000,'湖北省',NULL),(420100,'武汉市',420000),(420101,'市辖区',420100),(420102,'江岸区',420100),(420103,'江汉区',420100),(420104,'乔口区',420100),(420105,'汉阳区',420100),(420106,'武昌区',420100),(420107,'青山区',420100),(420111,'洪山区',420100),(420112,'东西湖区',420100),(420113,'汉南区',420100),(420114,'蔡甸区',420100),(420115,'江夏区',420100),(420116,'黄陂区',420100),(420117,'新洲区',420100),(420200,'黄石市',420000),(420201,'市辖区',420200),(420202,'黄石港区',420200),(420203,'西塞山区',420200),(420204,'下陆区',420200),(420205,'铁山区',420200),(420222,'阳新县',420200),(420281,'大冶市',420200),(420300,'十堰市',420000),(420301,'市辖区',420300),(420302,'茅箭区',420300),(420303,'张湾区',420300),(420321,'郧　县',420300),(420322,'郧西县',420300),(420323,'竹山县',420300),(420324,'竹溪县',420300),(420325,'房　县',420300),(420381,'丹江口市',420300),(420500,'宜昌市',420000),(420501,'市辖区',420500),(420502,'西陵区',420500),(420503,'伍家岗区',420500),(420504,'点军区',420500),(420505,'猇亭区',420500),(420506,'夷陵区',420500),(420525,'远安县',420500),(420526,'兴山县',420500),(420527,'秭归县',420500),(420528,'长阳土家族自治县',420500),(420529,'五峰土家族自治县',420500),(420581,'宜都市',420500),(420582,'当阳市',420500),(420583,'枝江市',420500),(420600,'襄樊市',420000),(420601,'市辖区',420600),(420602,'襄城区',420600),(420606,'樊城区',420600),(420607,'襄阳区',420600),(420624,'南漳县',420600),(420625,'谷城县',420600),(420626,'保康县',420600),(420682,'老河口市',420600),(420683,'枣阳市',420600),(420684,'宜城市',420600),(420700,'鄂州市',420000),(420701,'市辖区',420700),(420702,'梁子湖区',420700),(420703,'华容区',420700),(420704,'鄂城区',420700),(420800,'荆门市',420000),(420801,'市辖区',420800),(420802,'东宝区',420800),(420804,'掇刀区',420800),(420821,'京山县',420800),(420822,'沙洋县',420800),(420881,'钟祥市',420800),(420900,'孝感市',420000),(420901,'市辖区',420900),(420902,'孝南区',420900),(420921,'孝昌县',420900),(420922,'大悟县',420900),(420923,'云梦县',420900),(420981,'应城市',420900),(420982,'安陆市',420900),(420984,'汉川市',420900),(421000,'荆州市',420000),(421001,'市辖区',421000),(421002,'沙市区',421000),(421003,'荆州区',421000),(421022,'公安县',421000),(421023,'监利县',421000),(421024,'江陵县',421000),(421081,'石首市',421000),(421083,'洪湖市',421000),(421087,'松滋市',421000),(421100,'黄冈市',420000),(421101,'市辖区',421100),(421102,'黄州区',421100),(421121,'团风县',421100),(421122,'红安县',421100),(421123,'罗田县',421100),(421124,'英山县',421100),(421125,'浠水县',421100),(421126,'蕲春县',421100),(421127,'黄梅县',421100),(421181,'麻城市',421100),(421182,'武穴市',421100),(421200,'咸宁市',420000),(421201,'市辖区',421200),(421202,'咸安区',421200),(421221,'嘉鱼县',421200),(421222,'通城县',421200),(421223,'崇阳县',421200),(421224,'通山县',421200),(421281,'赤壁市',421200),(421300,'随州市',420000),(421301,'市辖区',421300),(421302,'曾都区',421300),(421381,'广水市',421300),(422800,'恩施土家族苗族自治州',420000),(422801,'恩施市',422800),(422802,'利川市',422800),(422822,'建始县',422800),(422823,'巴东县',422800),(422825,'宣恩县',422800),(422826,'咸丰县',422800),(422827,'来凤县',422800),(422828,'鹤峰县',422800),(429000,'省直辖行政单位',420000),(429004,'仙桃市',429000),(429005,'潜江市',429000),(429006,'天门市',429000),(429021,'神农架林区',429000),(430000,'湖南省',NULL),(430100,'长沙市',430000),(430101,'市辖区',430100),(430102,'芙蓉区',430100),(430103,'天心区',430100),(430104,'岳麓区',430100),(430105,'开福区',430100),(430111,'雨花区',430100),(430121,'长沙县',430100),(430122,'望城县',430100),(430124,'宁乡县',430100),(430181,'浏阳市',430100),(430200,'株洲市',430000),(430201,'市辖区',430200),(430202,'荷塘区',430200),(430203,'芦淞区',430200),(430204,'石峰区',430200),(430211,'天元区',430200),(430221,'株洲县',430200),(430223,'攸　县',430200),(430224,'茶陵县',430200),(430225,'炎陵县',430200),(430281,'醴陵市',430200),(430300,'湘潭市',430000),(430301,'市辖区',430300),(430302,'雨湖区',430300),(430304,'岳塘区',430300),(430321,'湘潭县',430300),(430381,'湘乡市',430300),(430382,'韶山市',430300),(430400,'衡阳市',430000),(430401,'市辖区',430400),(430405,'珠晖区',430400),(430406,'雁峰区',430400),(430407,'石鼓区',430400),(430408,'蒸湘区',430400),(430412,'南岳区',430400),(430421,'衡阳县',430400),(430422,'衡南县',430400),(430423,'衡山县',430400),(430424,'衡东县',430400),(430426,'祁东县',430400),(430481,'耒阳市',430400),(430482,'常宁市',430400),(430500,'邵阳市',430000),(430501,'市辖区',430500),(430502,'双清区',430500),(430503,'大祥区',430500),(430511,'北塔区',430500),(430521,'邵东县',430500),(430522,'新邵县',430500),(430523,'邵阳县',430500),(430524,'隆回县',430500),(430525,'洞口县',430500),(430527,'绥宁县',430500),(430528,'新宁县',430500),(430529,'城步苗族自治县',430500),(430581,'武冈市',430500),(430600,'岳阳市',430000),(430601,'市辖区',430600),(430602,'岳阳楼区',430600),(430603,'云溪区',430600),(430611,'君山区',430600),(430621,'岳阳县',430600),(430623,'华容县',430600),(430624,'湘阴县',430600),(430626,'平江县',430600),(430681,'汨罗市',430600),(430682,'临湘市',430600),(430700,'常德市',430000),(430701,'市辖区',430700),(430702,'武陵区',430700),(430703,'鼎城区',430700),(430721,'安乡县',430700),(430722,'汉寿县',430700),(430723,'澧　县',430700),(430724,'临澧县',430700),(430725,'桃源县',430700),(430726,'石门县',430700),(430781,'津市市',430700),(430800,'张家界市',430000),(430801,'市辖区',430800),(430802,'永定区',430800),(430811,'武陵源区',430800),(430821,'慈利县',430800),(430822,'桑植县',430800),(430900,'益阳市',430000),(430901,'市辖区',430900),(430902,'资阳区',430900),(430903,'赫山区',430900),(430921,'南　县',430900),(430922,'桃江县',430900),(430923,'安化县',430900),(430981,'沅江市',430900),(431000,'郴州市',430000),(431001,'市辖区',431000),(431002,'北湖区',431000),(431003,'苏仙区',431000),(431021,'桂阳县',431000),(431022,'宜章县',431000),(431023,'永兴县',431000),(431024,'嘉禾县',431000),(431025,'临武县',431000),(431026,'汝城县',431000),(431027,'桂东县',431000),(431028,'安仁县',431000),(431081,'资兴市',431000),(431100,'永州市',430000),(431101,'市辖区',431100),(431102,'芝山区',431100),(431103,'冷水滩区',431100),(431121,'祁阳县',431100),(431122,'东安县',431100),(431123,'双牌县',431100),(431124,'道　县',431100),(431125,'江永县',431100),(431126,'宁远县',431100),(431127,'蓝山县',431100),(431128,'新田县',431100),(431129,'江华瑶族自治县',431100),(431200,'怀化市',430000),(431201,'市辖区',431200),(431202,'鹤城区',431200),(431221,'中方县',431200),(431222,'沅陵县',431200),(431223,'辰溪县',431200),(431224,'溆浦县',431200),(431225,'会同县',431200),(431226,'麻阳苗族自治县',431200),(431227,'新晃侗族自治县',431200),(431228,'芷江侗族自治县',431200),(431229,'靖州苗族侗族自治县',431200),(431230,'通道侗族自治县',431200),(431281,'洪江市',431200),(431300,'娄底市',430000),(431301,'市辖区',431300),(431302,'娄星区',431300),(431321,'双峰县',431300),(431322,'新化县',431300),(431381,'冷水江市',431300),(431382,'涟源市',431300),(433100,'湘西土家族苗族自治州',430000),(433101,'吉首市',433100),(433122,'泸溪县',433100),(433123,'凤凰县',433100),(433124,'花垣县',433100),(433125,'保靖县',433100),(433126,'古丈县',433100),(433127,'永顺县',433100),(433130,'龙山县',433100),(440000,'广东省',NULL),(440100,'广州市',440000),(440101,'市辖区',440100),(440102,'东山区',440100),(440103,'荔湾区',440100),(440104,'越秀区',440100),(440105,'海珠区',440100),(440106,'天河区',440100),(440107,'芳村区',440100),(440111,'白云区',440100),(440112,'黄埔区',440100),(440113,'番禺区',440100),(440114,'花都区',440100),(440183,'增城市',440100),(440184,'从化市',440100),(440200,'韶关市',440000),(440201,'市辖区',440200),(440203,'武江区',440200),(440204,'浈江区',440200),(440205,'曲江区',440200),(440222,'始兴县',440200),(440224,'仁化县',440200),(440229,'翁源县',440200),(440232,'乳源瑶族自治县',440200),(440233,'新丰县',440200),(440281,'乐昌市',440200),(440282,'南雄市',440200),(440300,'深圳市',440000),(440301,'市辖区',440300),(440303,'罗湖区',440300),(440304,'福田区',440300),(440305,'南山区',440300),(440306,'宝安区',440300),(440307,'龙岗区',440300),(440308,'盐田区',440300),(440400,'珠海市',440000),(440401,'市辖区',440400),(440402,'香洲区',440400),(440403,'斗门区',440400),(440404,'金湾区',440400),(440500,'汕头市',440000),(440501,'市辖区',440500),(440507,'龙湖区',440500),(440511,'金平区',440500),(440512,'濠江区',440500),(440513,'潮阳区',440500),(440514,'潮南区',440500),(440515,'澄海区',440500),(440523,'南澳县',440500),(440600,'佛山市',440000),(440601,'市辖区',440600),(440604,'禅城区',440600),(440605,'南海区',440600),(440606,'顺德区',440600),(440607,'三水区',440600),(440608,'高明区',440600),(440700,'江门市',440000),(440701,'市辖区',440700),(440703,'蓬江区',440700),(440704,'江海区',440700),(440705,'新会区',440700),(440781,'台山市',440700),(440783,'开平市',440700),(440784,'鹤山市',440700),(440785,'恩平市',440700),(440800,'湛江市',440000),(440801,'市辖区',440800),(440802,'赤坎区',440800),(440803,'霞山区',440800),(440804,'坡头区',440800),(440811,'麻章区',440800),(440823,'遂溪县',440800),(440825,'徐闻县',440800),(440881,'廉江市',440800),(440882,'雷州市',440800),(440883,'吴川市',440800),(440900,'茂名市',440000),(440901,'市辖区',440900),(440902,'茂南区',440900),(440903,'茂港区',440900),(440923,'电白县',440900),(440981,'高州市',440900),(440982,'化州市',440900),(440983,'信宜市',440900),(441200,'肇庆市',440000),(441201,'市辖区',441200),(441202,'端州区',441200),(441203,'鼎湖区',441200),(441223,'广宁县',441200),(441224,'怀集县',441200),(441225,'封开县',441200),(441226,'德庆县',441200),(441283,'高要市',441200),(441284,'四会市',441200),(441300,'惠州市',440000),(441301,'市辖区',441300),(441302,'惠城区',441300),(441303,'惠阳区',441300),(441322,'博罗县',441300),(441323,'惠东县',441300),(441324,'龙门县',441300),(441400,'梅州市',440000),(441401,'市辖区',441400),(441402,'梅江区',441400),(441421,'梅　县',441400),(441422,'大埔县',441400),(441423,'丰顺县',441400),(441424,'五华县',441400),(441426,'平远县',441400),(441427,'蕉岭县',441400),(441481,'兴宁市',441400),(441500,'汕尾市',440000),(441501,'市辖区',441500),(441502,'城　区',441500),(441521,'海丰县',441500),(441523,'陆河县',441500),(441581,'陆丰市',441500),(441600,'河源市',440000),(441601,'市辖区',441600),(441602,'源城区',441600),(441621,'紫金县',441600),(441622,'龙川县',441600),(441623,'连平县',441600),(441624,'和平县',441600),(441625,'东源县',441600),(441700,'阳江市',440000),(441701,'市辖区',441700),(441702,'江城区',441700),(441721,'阳西县',441700),(441723,'阳东县',441700),(441781,'阳春市',441700),(441800,'清远市',440000),(441801,'市辖区',441800),(441802,'清城区',441800),(441821,'佛冈县',441800),(441823,'阳山县',441800),(441825,'连山壮族瑶族自治县',441800),(441826,'连南瑶族自治县',441800),(441827,'清新县',441800),(441881,'英德市',441800),(441882,'连州市',441800),(441900,'东莞市',440000),(442000,'中山市',440000),(445100,'潮州市',440000),(445101,'市辖区',445100),(445102,'湘桥区',445100),(445121,'潮安县',445100),(445122,'饶平县',445100),(445200,'揭阳市',440000),(445201,'市辖区',445200),(445202,'榕城区',445200),(445221,'揭东县',445200),(445222,'揭西县',445200),(445224,'惠来县',445200),(445281,'普宁市',445200),(445300,'云浮市',440000),(445301,'市辖区',445300),(445302,'云城区',445300),(445321,'新兴县',445300),(445322,'郁南县',445300),(445323,'云安县',445300),(445381,'罗定市',445300),(450000,'广西壮族自治区',NULL),(450100,'南宁市',450000),(450101,'市辖区',450100),(450102,'兴宁区',450100),(450103,'青秀区',450100),(450105,'江南区',450100),(450107,'西乡塘区',450100),(450108,'良庆区',450100),(450109,'邕宁区',450100),(450122,'武鸣县',450100),(450123,'隆安县',450100),(450124,'马山县',450100),(450125,'上林县',450100),(450126,'宾阳县',450100),(450127,'横　县',450100),(450200,'柳州市',450000),(450201,'市辖区',450200),(450202,'城中区',450200),(450203,'鱼峰区',450200),(450204,'柳南区',450200),(450205,'柳北区',450200),(450221,'柳江县',450200),(450222,'柳城县',450200),(450223,'鹿寨县',450200),(450224,'融安县',450200),(450225,'融水苗族自治县',450200),(450226,'三江侗族自治县',450200),(450300,'桂林市',450000),(450301,'市辖区',450300),(450302,'秀峰区',450300),(450303,'叠彩区',450300),(450304,'象山区',450300),(450305,'七星区',450300),(450311,'雁山区',450300),(450321,'阳朔县',450300),(450322,'临桂县',450300),(450323,'灵川县',450300),(450324,'全州县',450300),(450325,'兴安县',450300),(450326,'永福县',450300),(450327,'灌阳县',450300),(450328,'龙胜各族自治县',450300),(450329,'资源县',450300),(450330,'平乐县',450300),(450331,'荔蒲县',450300),(450332,'恭城瑶族自治县',450300),(450400,'梧州市',450000),(450401,'市辖区',450400),(450403,'万秀区',450400),(450404,'蝶山区',450400),(450405,'长洲区',450400),(450421,'苍梧县',450400),(450422,'藤　县',450400),(450423,'蒙山县',450400),(450481,'岑溪市',450400),(450500,'北海市',450000),(450501,'市辖区',450500),(450502,'海城区',450500),(450503,'银海区',450500),(450512,'铁山港区',450500),(450521,'合浦县',450500),(450600,'防城港市',450000),(450601,'市辖区',450600),(450602,'港口区',450600),(450603,'防城区',450600),(450621,'上思县',450600),(450681,'东兴市',450600),(450700,'钦州市',450000),(450701,'市辖区',450700),(450702,'钦南区',450700),(450703,'钦北区',450700),(450721,'灵山县',450700),(450722,'浦北县',450700),(450800,'贵港市',450000),(450801,'市辖区',450800),(450802,'港北区',450800),(450803,'港南区',450800),(450804,'覃塘区',450800),(450821,'平南县',450800),(450881,'桂平市',450800),(450900,'玉林市',450000),(450901,'市辖区',450900),(450902,'玉州区',450900),(450921,'容　县',450900),(450922,'陆川县',450900),(450923,'博白县',450900),(450924,'兴业县',450900),(450981,'北流市',450900),(451000,'百色市',450000),(451001,'市辖区',451000),(451002,'右江区',451000),(451021,'田阳县',451000),(451022,'田东县',451000),(451023,'平果县',451000),(451024,'德保县',451000),(451025,'靖西县',451000),(451026,'那坡县',451000),(451027,'凌云县',451000),(451028,'乐业县',451000),(451029,'田林县',451000),(451030,'西林县',451000),(451031,'隆林各族自治县',451000),(451100,'贺州市',450000),(451101,'市辖区',451100),(451102,'八步区',451100),(451121,'昭平县',451100),(451122,'钟山县',451100),(451123,'富川瑶族自治县',451100),(451200,'河池市',450000),(451201,'市辖区',451200),(451202,'金城江区',451200),(451221,'南丹县',451200),(451222,'天峨县',451200),(451223,'凤山县',451200),(451224,'东兰县',451200),(451225,'罗城仫佬族自治县',451200),(451226,'环江毛南族自治县',451200),(451227,'巴马瑶族自治县',451200),(451228,'都安瑶族自治县',451200),(451229,'大化瑶族自治县',451200),(451281,'宜州市',451200),(451300,'来宾市',450000),(451301,'市辖区',451300),(451302,'兴宾区',451300),(451321,'忻城县',451300),(451322,'象州县',451300),(451323,'武宣县',451300),(451324,'金秀瑶族自治县',451300),(451381,'合山市',451300),(451400,'崇左市',450000),(451401,'市辖区',451400),(451402,'江洲区',451400),(451421,'扶绥县',451400),(451422,'宁明县',451400),(451423,'龙州县',451400),(451424,'大新县',451400),(451425,'天等县',451400),(451481,'凭祥市',451400),(460000,'海南省',NULL),(460100,'海口市',460000),(460101,'市辖区',460100),(460105,'秀英区',460100),(460106,'龙华区',460100),(460107,'琼山区',460100),(460108,'美兰区',460100),(460200,'三亚市',460000),(460201,'市辖区',460200),(469000,'省直辖县级行政单位',460000),(469001,'五指山市',469000),(469002,'琼海市',469000),(469003,'儋州市',469000),(469005,'文昌市',469000),(469006,'万宁市',469000),(469007,'东方市',469000),(469025,'定安县',469000),(469026,'屯昌县',469000),(469027,'澄迈县',469000),(469028,'临高县',469000),(469030,'白沙黎族自治县',469000),(469031,'昌江黎族自治县',469000),(469033,'乐东黎族自治县',469000),(469034,'陵水黎族自治县',469000),(469035,'保亭黎族苗族自治县',469000),(469036,'琼中黎族苗族自治县',469000),(469037,'西沙群岛',469000),(469038,'南沙群岛',469000),(469039,'中沙群岛的岛礁及其海域',469000),(500000,'重庆市',NULL),(500100,'市辖区',500000),(500101,'万州区',500100),(500102,'涪陵区',500100),(500103,'渝中区',500100),(500104,'大渡口区',500100),(500105,'江北区',500100),(500106,'沙坪坝区',500100),(500107,'九龙坡区',500100),(500108,'南岸区',500100),(500109,'北碚区',500100),(500110,'万盛区',500100),(500111,'双桥区',500100),(500112,'渝北区',500100),(500113,'巴南区',500100),(500114,'黔江区',500100),(500115,'长寿区',500100),(500200,'县',500000),(500222,'綦江县',500200),(500223,'潼南县',500200),(500224,'铜梁县',500200),(500225,'大足县',500200),(500226,'荣昌县',500200),(500227,'璧山县',500200),(500228,'梁平县',500200),(500229,'城口县',500200),(500230,'丰都县',500200),(500231,'垫江县',500200),(500232,'武隆县',500200),(500233,'忠　县',500200),(500234,'开　县',500200),(500235,'云阳县',500200),(500236,'奉节县',500200),(500237,'巫山县',500200),(500238,'巫溪县',500200),(500240,'石柱土家族自治县',500200),(500241,'秀山土家族苗族自治县',500200),(500242,'酉阳土家族苗族自治县',500200),(500243,'彭水苗族土家族自治县',500200),(500300,'市',500000),(500381,'江津市',500300),(500382,'合川市',500300),(500383,'永川市',500300),(500384,'南川市',500300),(510000,'四川省',NULL),(510100,'成都市',510000),(510101,'市辖区',510100),(510104,'锦江区',510100),(510105,'青羊区',510100),(510106,'金牛区',510100),(510107,'武侯区',510100),(510108,'成华区',510100),(510112,'龙泉驿区',510100),(510113,'青白江区',510100),(510114,'新都区',510100),(510115,'温江县',510100),(510121,'金堂县',510100),(510122,'双流县',510100),(510124,'郫　县',510100),(510129,'大邑县',510100),(510131,'蒲江县',510100),(510132,'新津县',510100),(510181,'都江堰市',510100),(510182,'彭州市',510100),(510183,'邛崃市',510100),(510184,'崇州市',510100),(510300,'自贡市',510000),(510301,'市辖区',510300),(510302,'自流井区',510300),(510303,'贡井区',510300),(510304,'大安区',510300),(510311,'沿滩区',510300),(510321,'荣　县',510300),(510322,'富顺县',510300),(510400,'攀枝花市',510000),(510401,'市辖区',510400),(510402,'东　区',510400),(510403,'西　区',510400),(510411,'仁和区',510400),(510421,'米易县',510400),(510422,'盐边县',510400),(510500,'泸州市',510000),(510501,'市辖区',510500),(510502,'江阳区',510500),(510503,'纳溪区',510500),(510504,'龙马潭区',510500),(510521,'泸　县',510500),(510522,'合江县',510500),(510524,'叙永县',510500),(510525,'古蔺县',510500),(510600,'德阳市',510000),(510601,'市辖区',510600),(510603,'旌阳区',510600),(510623,'中江县',510600),(510626,'罗江县',510600),(510681,'广汉市',510600),(510682,'什邡市',510600),(510683,'绵竹市',510600),(510700,'绵阳市',510000),(510701,'市辖区',510700),(510703,'涪城区',510700),(510704,'游仙区',510700),(510722,'三台县',510700),(510723,'盐亭县',510700),(510724,'安　县',510700),(510725,'梓潼县',510700),(510726,'北川羌族自治县',510700),(510727,'平武县',510700),(510781,'江油市',510700),(510800,'广元市',510000),(510801,'市辖区',510800),(510802,'市中区',510800),(510811,'元坝区',510800),(510812,'朝天区',510800),(510821,'旺苍县',510800),(510822,'青川县',510800),(510823,'剑阁县',510800),(510824,'苍溪县',510800),(510900,'遂宁市',510000),(510901,'市辖区',510900),(510903,'船山区',510900),(510904,'安居区',510900),(510921,'蓬溪县',510900),(510922,'射洪县',510900),(510923,'大英县',510900),(511000,'内江市',510000),(511001,'市辖区',511000),(511002,'市中区',511000),(511011,'东兴区',511000),(511024,'威远县',511000),(511025,'资中县',511000),(511028,'隆昌县',511000),(511100,'乐山市',510000),(511101,'市辖区',511100),(511102,'市中区',511100),(511111,'沙湾区',511100),(511112,'五通桥区',511100),(511113,'金口河区',511100),(511123,'犍为县',511100),(511124,'井研县',511100),(511126,'夹江县',511100),(511129,'沐川县',511100),(511132,'峨边彝族自治县',511100),(511133,'马边彝族自治县',511100),(511181,'峨眉山市',511100),(511300,'南充市',510000),(511301,'市辖区',511300),(511302,'顺庆区',511300),(511303,'高坪区',511300),(511304,'嘉陵区',511300),(511321,'南部县',511300),(511322,'营山县',511300),(511323,'蓬安县',511300),(511324,'仪陇县',511300),(511325,'西充县',511300),(511381,'阆中市',511300),(511400,'眉山市',510000),(511401,'市辖区',511400),(511402,'东坡区',511400),(511421,'仁寿县',511400),(511422,'彭山县',511400),(511423,'洪雅县',511400),(511424,'丹棱县',511400),(511425,'青神县',511400),(511500,'宜宾市',510000),(511501,'市辖区',511500),(511502,'翠屏区',511500),(511521,'宜宾县',511500),(511522,'南溪县',511500),(511523,'江安县',511500),(511524,'长宁县',511500),(511525,'高　县',511500),(511526,'珙　县',511500),(511527,'筠连县',511500),(511528,'兴文县',511500),(511529,'屏山县',511500),(511600,'广安市',510000),(511601,'市辖区',511600),(511602,'广安区',511600),(511621,'岳池县',511600),(511622,'武胜县',511600),(511623,'邻水县',511600),(511681,'华莹市',511600),(511700,'达州市',510000),(511701,'市辖区',511700),(511702,'通川区',511700),(511721,'达　县',511700),(511722,'宣汉县',511700),(511723,'开江县',511700),(511724,'大竹县',511700),(511725,'渠　县',511700),(511781,'万源市',511700),(511800,'雅安市',510000),(511801,'市辖区',511800),(511802,'雨城区',511800),(511821,'名山县',511800),(511822,'荥经县',511800),(511823,'汉源县',511800),(511824,'石棉县',511800),(511825,'天全县',511800),(511826,'芦山县',511800),(511827,'宝兴县',511800),(511900,'巴中市',510000),(511901,'市辖区',511900),(511902,'巴州区',511900),(511921,'通江县',511900),(511922,'南江县',511900),(511923,'平昌县',511900),(512000,'资阳市',510000),(512001,'市辖区',512000),(512002,'雁江区',512000),(512021,'安岳县',512000),(512022,'乐至县',512000),(512081,'简阳市',512000),(513200,'阿坝藏族羌族自治州',510000),(513221,'汶川县',513200),(513222,'理　县',513200),(513223,'茂　县',513200),(513224,'松潘县',513200),(513225,'九寨沟县',513200),(513226,'金川县',513200),(513227,'小金县',513200),(513228,'黑水县',513200),(513229,'马尔康县',513200),(513230,'壤塘县',513200),(513231,'阿坝县',513200),(513232,'若尔盖县',513200),(513233,'红原县',513200),(513300,'甘孜藏族自治州',510000),(513321,'康定县',513300),(513322,'泸定县',513300),(513323,'丹巴县',513300),(513324,'九龙县',513300),(513325,'雅江县',513300),(513326,'道孚县',513300),(513327,'炉霍县',513300),(513328,'甘孜县',513300),(513329,'新龙县',513300),(513330,'德格县',513300),(513331,'白玉县',513300),(513332,'石渠县',513300),(513333,'色达县',513300),(513334,'理塘县',513300),(513335,'巴塘县',513300),(513336,'乡城县',513300),(513337,'稻城县',513300),(513338,'得荣县',513300),(513400,'凉山彝族自治州',510000),(513401,'西昌市',513400),(513422,'木里藏族自治县',513400),(513423,'盐源县',513400),(513424,'德昌县',513400),(513425,'会理县',513400),(513426,'会东县',513400),(513427,'宁南县',513400),(513428,'普格县',513400),(513429,'布拖县',513400),(513430,'金阳县',513400),(513431,'昭觉县',513400),(513432,'喜德县',513400),(513433,'冕宁县',513400),(513434,'越西县',513400),(513435,'甘洛县',513400),(513436,'美姑县',513400),(513437,'雷波县',513400),(520000,'贵州省',NULL),(520100,'贵阳市',520000),(520101,'市辖区',520100),(520102,'南明区',520100),(520103,'云岩区',520100),(520111,'花溪区',520100),(520112,'乌当区',520100),(520113,'白云区',520100),(520114,'小河区',520100),(520121,'开阳县',520100),(520122,'息烽县',520100),(520123,'修文县',520100),(520181,'清镇市',520100),(520200,'六盘水市',520000),(520201,'钟山区',520200),(520203,'六枝特区',520200),(520221,'水城县',520200),(520222,'盘　县',520200),(520300,'遵义市',520000),(520301,'市辖区',520300),(520302,'红花岗区',520300),(520303,'汇川区',520300),(520321,'遵义县',520300),(520322,'桐梓县',520300),(520323,'绥阳县',520300),(520324,'正安县',520300),(520325,'道真仡佬族苗族自治县',520300),(520326,'务川仡佬族苗族自治县',520300),(520327,'凤冈县',520300),(520328,'湄潭县',520300),(520329,'余庆县',520300),(520330,'习水县',520300),(520381,'赤水市',520300),(520382,'仁怀市',520300),(520400,'安顺市',520000),(520401,'市辖区',520400),(520402,'西秀区',520400),(520421,'平坝县',520400),(520422,'普定县',520400),(520423,'镇宁布依族苗族自治县',520400),(520424,'关岭布依族苗族自治县',520400),(520425,'紫云苗族布依族自治县',520400),(522200,'铜仁地区',520000),(522201,'铜仁市',522200),(522222,'江口县',522200),(522223,'玉屏侗族自治县',522200),(522224,'石阡县',522200),(522225,'思南县',522200),(522226,'印江土家族苗族自治县',522200),(522227,'德江县',522200),(522228,'沿河土家族自治县',522200),(522229,'松桃苗族自治县',522200),(522230,'万山特区',522200),(522300,'黔西南布依族苗族自治州',520000),(522301,'兴义市',522300),(522322,'兴仁县',522300),(522323,'普安县',522300),(522324,'晴隆县',522300),(522325,'贞丰县',522300),(522326,'望谟县',522300),(522327,'册亨县',522300),(522328,'安龙县',522300),(522400,'毕节地区',520000),(522401,'毕节市',522400),(522422,'大方县',522400),(522423,'黔西县',522400),(522424,'金沙县',522400),(522425,'织金县',522400),(522426,'纳雍县',522400),(522427,'威宁彝族回族苗族自治县',522400),(522428,'赫章县',522400),(522600,'黔东南苗族侗族自治州',520000),(522601,'凯里市',522600),(522622,'黄平县',522600),(522623,'施秉县',522600),(522624,'三穗县',522600),(522625,'镇远县',522600),(522626,'岑巩县',522600),(522627,'天柱县',522600),(522628,'锦屏县',522600),(522629,'剑河县',522600),(522630,'台江县',522600),(522631,'黎平县',522600),(522632,'榕江县',522600),(522633,'从江县',522600),(522634,'雷山县',522600),(522635,'麻江县',522600),(522636,'丹寨县',522600),(522700,'黔南布依族苗族自治州',520000),(522701,'都匀市',522700),(522702,'福泉市',522700),(522722,'荔波县',522700),(522723,'贵定县',522700),(522725,'瓮安县',522700),(522726,'独山县',522700),(522727,'平塘县',522700),(522728,'罗甸县',522700),(522729,'长顺县',522700),(522730,'龙里县',522700),(522731,'惠水县',522700),(522732,'三都水族自治县',522700),(530000,'云南省',NULL),(530100,'昆明市',530000),(530101,'市辖区',530100),(530102,'五华区',530100),(530103,'盘龙区',530100),(530111,'官渡区',530100),(530112,'西山区',530100),(530113,'东川区',530100),(530121,'呈贡县',530100),(530122,'晋宁县',530100),(530124,'富民县',530100),(530125,'宜良县',530100),(530126,'石林彝族自治县',530100),(530127,'嵩明县',530100),(530128,'禄劝彝族苗族自治县',530100),(530129,'寻甸回族彝族自治县',530100),(530181,'安宁市',530100),(530300,'曲靖市',530000),(530301,'市辖区',530300),(530302,'麒麟区',530300),(530321,'马龙县',530300),(530322,'陆良县',530300),(530323,'师宗县',530300),(530324,'罗平县',530300),(530325,'富源县',530300),(530326,'会泽县',530300),(530328,'沾益县',530300),(530381,'宣威市',530300),(530400,'玉溪市',530000),(530401,'市辖区',530400),(530402,'红塔区',530400),(530421,'江川县',530400),(530422,'澄江县',530400),(530423,'通海县',530400),(530424,'华宁县',530400),(530425,'易门县',530400),(530426,'峨山彝族自治县',530400),(530427,'新平彝族傣族自治县',530400),(530428,'元江哈尼族彝族傣族自治县',530400),(530500,'保山市',530000),(530501,'市辖区',530500),(530502,'隆阳区',530500),(530521,'施甸县',530500),(530522,'腾冲县',530500),(530523,'龙陵县',530500),(530524,'昌宁县',530500),(530600,'昭通市',530000),(530601,'市辖区',530600),(530602,'昭阳区',530600),(530621,'鲁甸县',530600),(530622,'巧家县',530600),(530623,'盐津县',530600),(530624,'大关县',530600),(530625,'永善县',530600),(530626,'绥江县',530600),(530627,'镇雄县',530600),(530628,'彝良县',530600),(530629,'威信县',530600),(530630,'水富县',530600),(530700,'丽江市',530000),(530701,'市辖区',530700),(530702,'古城区',530700),(530721,'玉龙纳西族自治县',530700),(530722,'永胜县',530700),(530723,'华坪县',530700),(530724,'宁蒗彝族自治县',530700),(530800,'思茅市',530000),(530801,'市辖区',530800),(530802,'翠云区',530800),(530821,'普洱哈尼族彝族自治县',530800),(530822,'墨江哈尼族自治县',530800),(530823,'景东彝族自治县',530800),(530824,'景谷傣族彝族自治县',530800),(530825,'镇沅彝族哈尼族拉祜族自治县',530800),(530826,'江城哈尼族彝族自治县',530800),(530827,'孟连傣族拉祜族佤族自治县',530800),(530828,'澜沧拉祜族自治县',530800),(530829,'西盟佤族自治县',530800),(530900,'临沧市',530000),(530901,'市辖区',530900),(530902,'临翔区',530900),(530921,'凤庆县',530900),(530922,'云　县',530900),(530923,'永德县',530900),(530924,'镇康县',530900),(530925,'双江拉祜族佤族布朗族傣族自治县',530900),(530926,'耿马傣族佤族自治县',530900),(530927,'沧源佤族自治县',530900),(532300,'楚雄彝族自治州',530000),(532301,'楚雄市',532300),(532322,'双柏县',532300),(532323,'牟定县',532300),(532324,'南华县',532300),(532325,'姚安县',532300),(532326,'大姚县',532300),(532327,'永仁县',532300),(532328,'元谋县',532300),(532329,'武定县',532300),(532331,'禄丰县',532300),(532500,'红河哈尼族彝族自治州',530000),(532501,'个旧市',532500),(532502,'开远市',532500),(532522,'蒙自县',532500),(532523,'屏边苗族自治县',532500),(532524,'建水县',532500),(532525,'石屏县',532500),(532526,'弥勒县',532500),(532527,'泸西县',532500),(532528,'元阳县',532500),(532529,'红河县',532500),(532530,'金平苗族瑶族傣族自治县',532500),(532531,'绿春县',532500),(532532,'河口瑶族自治县',532500),(532600,'文山壮族苗族自治州',530000),(532621,'文山县',532600),(532622,'砚山县',532600),(532623,'西畴县',532600),(532624,'麻栗坡县',532600),(532625,'马关县',532600),(532626,'丘北县',532600),(532627,'广南县',532600),(532628,'富宁县',532600),(532800,'西双版纳傣族自治州',530000),(532801,'景洪市',532800),(532822,'勐海县',532800),(532823,'勐腊县',532800),(532900,'大理白族自治州',530000),(532901,'大理市',532900),(532922,'漾濞彝族自治县',532900),(532923,'祥云县',532900),(532924,'宾川县',532900),(532925,'弥渡县',532900),(532926,'南涧彝族自治县',532900),(532927,'巍山彝族回族自治县',532900),(532928,'永平县',532900),(532929,'云龙县',532900),(532930,'洱源县',532900),(532931,'剑川县',532900),(532932,'鹤庆县',532900),(533100,'德宏傣族景颇族自治州',530000),(533102,'瑞丽市',533100),(533103,'潞西市',533100),(533122,'梁河县',533100),(533123,'盈江县',533100),(533124,'陇川县',533100),(533300,'怒江傈僳族自治州',530000),(533321,'泸水县',533300),(533323,'福贡县',533300),(533324,'贡山独龙族怒族自治县',533300),(533325,'兰坪白族普米族自治县',533300),(533400,'迪庆藏族自治州',530000),(533421,'香格里拉县',533400),(533422,'德钦县',533400),(533423,'维西傈僳族自治县',533400),(540000,'西藏自治区',NULL),(540100,'拉萨市',540000),(540101,'市辖区',540100),(540102,'城关区',540100),(540121,'林周县',540100),(540122,'当雄县',540100),(540123,'尼木县',540100),(540124,'曲水县',540100),(540125,'堆龙德庆县',540100),(540126,'达孜县',540100),(540127,'墨竹工卡县',540100),(542100,'昌都地区',540000),(542121,'昌都县',542100),(542122,'江达县',542100),(542123,'贡觉县',542100),(542124,'类乌齐县',542100),(542125,'丁青县',542100),(542126,'察雅县',542100),(542127,'八宿县',542100),(542128,'左贡县',542100),(542129,'芒康县',542100),(542132,'洛隆县',542100),(542133,'边坝县',542100),(542200,'山南地区',540000),(542221,'乃东县',542200),(542222,'扎囊县',542200),(542223,'贡嘎县',542200),(542224,'桑日县',542200),(542225,'琼结县',542200),(542226,'曲松县',542200),(542227,'措美县',542200),(542228,'洛扎县',542200),(542229,'加查县',542200),(542231,'隆子县',542200),(542232,'错那县',542200),(542233,'浪卡子县',542200),(542300,'日喀则地区',540000),(542301,'日喀则市',542300),(542322,'南木林县',542300),(542323,'江孜县',542300),(542324,'定日县',542300),(542325,'萨迦县',542300),(542326,'拉孜县',542300),(542327,'昂仁县',542300),(542328,'谢通门县',542300),(542329,'白朗县',542300),(542330,'仁布县',542300),(542331,'康马县',542300),(542332,'定结县',542300),(542333,'仲巴县',542300),(542334,'亚东县',542300),(542335,'吉隆县',542300),(542336,'聂拉木县',542300),(542337,'萨嘎县',542300),(542338,'岗巴县',542300),(542400,'那曲地区',540000),(542421,'那曲县',542400),(542422,'嘉黎县',542400),(542423,'比如县',542400),(542424,'聂荣县',542400),(542425,'安多县',542400),(542426,'申扎县',542400),(542427,'索　县',542400),(542428,'班戈县',542400),(542429,'巴青县',542400),(542430,'尼玛县',542400),(542500,'阿里地区',540000),(542521,'普兰县',542500),(542522,'札达县',542500),(542523,'噶尔县',542500),(542524,'日土县',542500),(542525,'革吉县',542500),(542526,'改则县',542500),(542527,'措勤县',542500),(542600,'林芝地区',540000),(542621,'林芝县',542600),(542622,'工布江达县',542600),(542623,'米林县',542600),(542624,'墨脱县',542600),(542625,'波密县',542600),(542626,'察隅县',542600),(542627,'朗　县',542600),(610000,'陕西省',NULL),(610100,'西安市',610000),(610101,'市辖区',610100),(610102,'新城区',610100),(610103,'碑林区',610100),(610104,'莲湖区',610100),(610111,'灞桥区',610100),(610112,'未央区',610100),(610113,'雁塔区',610100),(610114,'阎良区',610100),(610115,'临潼区',610100),(610116,'长安区',610100),(610122,'蓝田县',610100),(610124,'周至县',610100),(610125,'户　县',610100),(610126,'高陵县',610100),(610200,'铜川市',610000),(610201,'市辖区',610200),(610202,'王益区',610200),(610203,'印台区',610200),(610204,'耀州区',610200),(610222,'宜君县',610200),(610300,'宝鸡市',610000),(610301,'市辖区',610300),(610302,'渭滨区',610300),(610303,'金台区',610300),(610304,'陈仓区',610300),(610322,'凤翔县',610300),(610323,'岐山县',610300),(610324,'扶风县',610300),(610326,'眉　县',610300),(610327,'陇　县',610300),(610328,'千阳县',610300),(610329,'麟游县',610300),(610330,'凤　县',610300),(610331,'太白县',610300),(610400,'咸阳市',610000),(610401,'市辖区',610400),(610402,'秦都区',610400),(610403,'杨凌区',610400),(610404,'渭城区',610400),(610422,'三原县',610400),(610423,'泾阳县',610400),(610424,'乾　县',610400),(610425,'礼泉县',610400),(610426,'永寿县',610400),(610427,'彬　县',610400),(610428,'长武县',610400),(610429,'旬邑县',610400),(610430,'淳化县',610400),(610431,'武功县',610400),(610481,'兴平市',610400),(610500,'渭南市',610000),(610501,'市辖区',610500),(610502,'临渭区',610500),(610521,'华　县',610500),(610522,'潼关县',610500),(610523,'大荔县',610500),(610524,'合阳县',610500),(610525,'澄城县',610500),(610526,'蒲城县',610500),(610527,'白水县',610500),(610528,'富平县',610500),(610581,'韩城市',610500),(610582,'华阴市',610500),(610600,'延安市',610000),(610601,'市辖区',610600),(610602,'宝塔区',610600),(610621,'延长县',610600),(610622,'延川县',610600),(610623,'子长县',610600),(610624,'安塞县',610600),(610625,'志丹县',610600),(610626,'吴旗县',610600),(610627,'甘泉县',610600),(610628,'富　县',610600),(610629,'洛川县',610600),(610630,'宜川县',610600),(610631,'黄龙县',610600),(610632,'黄陵县',610600),(610700,'汉中市',610000),(610701,'市辖区',610700),(610702,'汉台区',610700),(610721,'南郑县',610700),(610722,'城固县',610700),(610723,'洋　县',610700),(610724,'西乡县',610700),(610725,'勉　县',610700),(610726,'宁强县',610700),(610727,'略阳县',610700),(610728,'镇巴县',610700),(610729,'留坝县',610700),(610730,'佛坪县',610700),(610800,'榆林市',610000),(610801,'市辖区',610800),(610802,'榆阳区',610800),(610821,'神木县',610800),(610822,'府谷县',610800),(610823,'横山县',610800),(610824,'靖边县',610800),(610825,'定边县',610800),(610826,'绥德县',610800),(610827,'米脂县',610800),(610828,'佳　县',610800),(610829,'吴堡县',610800),(610830,'清涧县',610800),(610831,'子洲县',610800),(610900,'安康市',610000),(610901,'市辖区',610900),(610902,'汉滨区',610900),(610921,'汉阴县',610900),(610922,'石泉县',610900),(610923,'宁陕县',610900),(610924,'紫阳县',610900),(610925,'岚皋县',610900),(610926,'平利县',610900),(610927,'镇坪县',610900),(610928,'旬阳县',610900),(610929,'白河县',610900),(611000,'商洛市',610000),(611001,'市辖区',611000),(611002,'商州区',611000),(611021,'洛南县',611000),(611022,'丹凤县',611000),(611023,'商南县',611000),(611024,'山阳县',611000),(611025,'镇安县',611000),(611026,'柞水县',611000),(620000,'甘肃省',NULL),(620100,'兰州市',620000),(620101,'市辖区',620100),(620102,'城关区',620100),(620103,'七里河区',620100),(620104,'西固区',620100),(620105,'安宁区',620100),(620111,'红古区',620100),(620121,'永登县',620100),(620122,'皋兰县',620100),(620123,'榆中县',620100),(620200,'嘉峪关市',620000),(620201,'市辖区',620200),(620300,'金昌市',620000),(620301,'市辖区',620300),(620302,'金川区',620300),(620321,'永昌县',620300),(620400,'白银市',620000),(620401,'市辖区',620400),(620402,'白银区',620400),(620403,'平川区',620400),(620421,'靖远县',620400),(620422,'会宁县',620400),(620423,'景泰县',620400),(620500,'天水市',620000),(620501,'市辖区',620500),(620502,'秦城区',620500),(620503,'北道区',620500),(620521,'清水县',620500),(620522,'秦安县',620500),(620523,'甘谷县',620500),(620524,'武山县',620500),(620525,'张家川回族自治县',620500),(620600,'武威市',620000),(620601,'市辖区',620600),(620602,'凉州区',620600),(620621,'民勤县',620600),(620622,'古浪县',620600),(620623,'天祝藏族自治县',620600),(620700,'张掖市',620000),(620701,'市辖区',620700),(620702,'甘州区',620700),(620721,'肃南裕固族自治县',620700),(620722,'民乐县',620700),(620723,'临泽县',620700),(620724,'高台县',620700),(620725,'山丹县',620700),(620800,'平凉市',620000),(620801,'市辖区',620800),(620802,'崆峒区',620800),(620821,'泾川县',620800),(620822,'灵台县',620800),(620823,'崇信县',620800),(620824,'华亭县',620800),(620825,'庄浪县',620800),(620826,'静宁县',620800),(620900,'酒泉市',620000),(620901,'市辖区',620900),(620902,'肃州区',620900),(620921,'金塔县',620900),(620922,'安西县',620900),(620923,'肃北蒙古族自治县',620900),(620924,'阿克塞哈萨克族自治县',620900),(620981,'玉门市',620900),(620982,'敦煌市',620900),(621000,'庆阳市',620000),(621001,'市辖区',621000),(621002,'西峰区',621000),(621021,'庆城县',621000),(621022,'环　县',621000),(621023,'华池县',621000),(621024,'合水县',621000),(621025,'正宁县',621000),(621026,'宁　县',621000),(621027,'镇原县',621000),(621100,'定西市',620000),(621101,'市辖区',621100),(621102,'安定区',621100),(621121,'通渭县',621100),(621122,'陇西县',621100),(621123,'渭源县',621100),(621124,'临洮县',621100),(621125,'漳　县',621100),(621126,'岷　县',621100),(621200,'陇南市',620000),(621201,'市辖区',621200),(621202,'武都区',621200),(621221,'成　县',621200),(621222,'文　县',621200),(621223,'宕昌县',621200),(621224,'康　县',621200),(621225,'西和县',621200),(621226,'礼　县',621200),(621227,'徽　县',621200),(621228,'两当县',621200),(622900,'临夏回族自治州',620000),(622901,'临夏市',622900),(622921,'临夏县',622900),(622922,'康乐县',622900),(622923,'永靖县',622900),(622924,'广河县',622900),(622925,'和政县',622900),(622926,'东乡族自治县',622900),(622927,'积石山保安族东乡族撒拉族自治县',622900),(623000,'甘南藏族自治州',620000),(623001,'合作市',623000),(623021,'临潭县',623000),(623022,'卓尼县',623000),(623023,'舟曲县',623000),(623024,'迭部县',623000),(623025,'玛曲县',623000),(623026,'碌曲县',623000),(623027,'夏河县',623000),(630000,'青海省',NULL),(630100,'西宁市',630000),(630101,'市辖区',630100),(630102,'城东区',630100),(630103,'城中区',630100),(630104,'城西区',630100),(630105,'城北区',630100),(630121,'大通回族土族自治县',630100),(630122,'湟中县',630100),(630123,'湟源县',630100),(632100,'海东地区',630000),(632121,'平安县',632100),(632122,'民和回族土族自治县',632100),(632123,'乐都县',632100),(632126,'互助土族自治县',632100),(632127,'化隆回族自治县',632100),(632128,'循化撒拉族自治县',632100),(632200,'海北藏族自治州',630000),(632221,'门源回族自治县',632200),(632222,'祁连县',632200),(632223,'海晏县',632200),(632224,'刚察县',632200),(632300,'黄南藏族自治州',630000),(632321,'同仁县',632300),(632322,'尖扎县',632300),(632323,'泽库县',632300),(632324,'河南蒙古族自治县',632300),(632500,'海南藏族自治州',630000),(632521,'共和县',632500),(632522,'同德县',632500),(632523,'贵德县',632500),(632524,'兴海县',632500),(632525,'贵南县',632500),(632600,'果洛藏族自治州',630000),(632621,'玛沁县',632600),(632622,'班玛县',632600),(632623,'甘德县',632600),(632624,'达日县',632600),(632625,'久治县',632600),(632626,'玛多县',632600),(632700,'玉树藏族自治州',630000),(632721,'玉树县',632700),(632722,'杂多县',632700),(632723,'称多县',632700),(632724,'治多县',632700),(632725,'囊谦县',632700),(632726,'曲麻莱县',632700),(632800,'海西蒙古族藏族自治州',630000),(632801,'格尔木市',632800),(632802,'德令哈市',632800),(632821,'乌兰县',632800),(632822,'都兰县',632800),(632823,'天峻县',632800),(640000,'宁夏回族自治区',NULL),(640100,'银川市',640000),(640101,'市辖区',640100),(640104,'兴庆区',640100),(640105,'西夏区',640100),(640106,'金凤区',640100),(640121,'永宁县',640100),(640122,'贺兰县',640100),(640181,'灵武市',640100),(640200,'石嘴山市',640000),(640201,'市辖区',640200),(640202,'大武口区',640200),(640205,'惠农区',640200),(640221,'平罗县',640200),(640300,'吴忠市',640000),(640301,'市辖区',640300),(640302,'利通区',640300),(640323,'盐池县',640300),(640324,'同心县',640300),(640381,'青铜峡市',640300),(640400,'固原市',640000),(640401,'市辖区',640400),(640402,'原州区',640400),(640422,'西吉县',640400),(640423,'隆德县',640400),(640424,'泾源县',640400),(640425,'彭阳县',640400),(640500,'中卫市',640000),(640501,'市辖区',640500),(640502,'沙坡头区',640500),(640521,'中宁县',640500),(640522,'海原县',640400),(650000,'新疆维吾尔自治区',NULL),(650100,'乌鲁木齐市',650000),(650101,'市辖区',650100),(650102,'天山区',650100),(650103,'沙依巴克区',650100),(650104,'新市区',650100),(650105,'水磨沟区',650100),(650106,'头屯河区',650100),(650107,'达坂城区',650100),(650108,'东山区',650100),(650121,'乌鲁木齐县',650100),(650200,'克拉玛依市',650000),(650201,'市辖区',650200),(650202,'独山子区',650200),(650203,'克拉玛依区',650200),(650204,'白碱滩区',650200),(650205,'乌尔禾区',650200),(652100,'吐鲁番地区',650000),(652101,'吐鲁番市',652100),(652122,'鄯善县',652100),(652123,'托克逊县',652100),(652200,'哈密地区',650000),(652201,'哈密市',652200),(652222,'巴里坤哈萨克自治县',652200),(652223,'伊吾县',652200),(652300,'昌吉回族自治州',650000),(652301,'昌吉市',652300),(652302,'阜康市',652300),(652303,'米泉市',652300),(652323,'呼图壁县',652300),(652324,'玛纳斯县',652300),(652325,'奇台县',652300),(652327,'吉木萨尔县',652300),(652328,'木垒哈萨克自治县',652300),(652700,'博尔塔拉蒙古自治州',650000),(652701,'博乐市',652700),(652722,'精河县',652700),(652723,'温泉县',652700),(652800,'巴音郭楞蒙古自治州',650000),(652801,'库尔勒市',652800),(652822,'轮台县',652800),(652823,'尉犁县',652800),(652824,'若羌县',652800),(652825,'且末县',652800),(652826,'焉耆回族自治县',652800),(652827,'和静县',652800),(652828,'和硕县',652800),(652829,'博湖县',652800),(652900,'阿克苏地区',650000),(652901,'阿克苏市',652900),(652922,'温宿县',652900),(652923,'库车县',652900),(652924,'沙雅县',652900),(652925,'新和县',652900),(652926,'拜城县',652900),(652927,'乌什县',652900),(652928,'阿瓦提县',652900),(652929,'柯坪县',652900),(653000,'克孜勒苏柯尔克孜自治州',650000),(653001,'阿图什市',653000),(653022,'阿克陶县',653000),(653023,'阿合奇县',653000),(653024,'乌恰县',653000),(653100,'喀什地区',650000),(653101,'喀什市',653100),(653121,'疏附县',653100),(653122,'疏勒县',653100),(653123,'英吉沙县',653100),(653124,'泽普县',653100),(653125,'莎车县',653100),(653126,'叶城县',653100),(653127,'麦盖提县',653100),(653128,'岳普湖县',653100),(653129,'伽师县',653100),(653130,'巴楚县',653100),(653131,'塔什库尔干塔吉克自治县',653100),(653200,'和田地区',650000),(653201,'和田市',653200),(653221,'和田县',653200),(653222,'墨玉县',653200),(653223,'皮山县',653200),(653224,'洛浦县',653200),(653225,'策勒县',653200),(653226,'于田县',653200),(653227,'民丰县',653200),(654000,'伊犁哈萨克自治州',650000),(654002,'伊宁市',654000),(654003,'奎屯市',654000),(654021,'伊宁县',654000),(654022,'察布查尔锡伯自治县',654000),(654023,'霍城县',654000),(654024,'巩留县',654000),(654025,'新源县',654000),(654026,'昭苏县',654000),(654027,'特克斯县',654000),(654028,'尼勒克县',654000),(654200,'塔城地区',650000),(654201,'塔城市',654200),(654202,'乌苏市',654200),(654221,'额敏县',654200),(654223,'沙湾县',654200),(654224,'托里县',654200),(654225,'裕民县',654200),(654226,'和布克赛尔蒙古自治县',654200),(654300,'阿勒泰地区',650000),(654301,'阿勒泰市',654300),(654321,'布尔津县',654300),(654322,'富蕴县',654300),(654323,'福海县',654300),(654324,'哈巴河县',654300),(654325,'青河县',654300),(654326,'吉木乃县',654300),(659000,'省直辖行政单位',650000),(659001,'石河子市',659000),(659002,'阿拉尔市',659000),(659003,'图木舒克市',659000),(659004,'五家渠市',659000),(710000,'台湾省',NULL),(810000,'香港特别行政区',NULL),(820000,'澳门特别行政区',NULL);
/*!40000 ALTER TABLE `areainfo` ENABLE KEYS */;
UNLOCK TABLES;

--
-- Table structure for table `auth_group`
--

DROP TABLE IF EXISTS `auth_group`;
/*!40101 SET @saved_cs_client     = @@character_set_client */;
/*!40101 SET character_set_client = utf8 */;
CREATE TABLE `auth_group` (
  `id` int(11) NOT NULL AUTO_INCREMENT,
  `name` varchar(80) NOT NULL,
  PRIMARY KEY (`id`),
  UNIQUE KEY `name` (`name`)
) ENGINE=InnoDB DEFAULT CHARSET=utf8;
/*!40101 SET character_set_client = @saved_cs_client */;

--
-- Dumping data for table `auth_group`
--

LOCK TABLES `auth_group` WRITE;
/*!40000 ALTER TABLE `auth_group` DISABLE KEYS */;
/*!40000 ALTER TABLE `auth_group` ENABLE KEYS */;
UNLOCK TABLES;

--
-- Table structure for table `auth_group_permissions`
--

DROP TABLE IF EXISTS `auth_group_permissions`;
/*!40101 SET @saved_cs_client     = @@character_set_client */;
/*!40101 SET character_set_client = utf8 */;
CREATE TABLE `auth_group_permissions` (
  `id` int(11) NOT NULL AUTO_INCREMENT,
  `group_id` int(11) NOT NULL,
  `permission_id` int(11) NOT NULL,
  PRIMARY KEY (`id`),
  UNIQUE KEY `auth_group_permissions_group_id_permission_id_0cd325b0_uniq` (`group_id`,`permission_id`),
  KEY `auth_group_permissio_permission_id_84c5c92e_fk_auth_perm` (`permission_id`),
  CONSTRAINT `auth_group_permissio_permission_id_84c5c92e_fk_auth_perm` FOREIGN KEY (`permission_id`) REFERENCES `auth_permission` (`id`),
  CONSTRAINT `auth_group_permissions_group_id_b120cbf9_fk_auth_group_id` FOREIGN KEY (`group_id`) REFERENCES `auth_group` (`id`)
) ENGINE=InnoDB DEFAULT CHARSET=utf8;
/*!40101 SET character_set_client = @saved_cs_client */;

--
-- Dumping data for table `auth_group_permissions`
--

LOCK TABLES `auth_group_permissions` WRITE;
/*!40000 ALTER TABLE `auth_group_permissions` DISABLE KEYS */;
/*!40000 ALTER TABLE `auth_group_permissions` ENABLE KEYS */;
UNLOCK TABLES;

--
-- Table structure for table `auth_permission`
--

DROP TABLE IF EXISTS `auth_permission`;
/*!40101 SET @saved_cs_client     = @@character_set_client */;
/*!40101 SET character_set_client = utf8 */;
CREATE TABLE `auth_permission` (
  `id` int(11) NOT NULL AUTO_INCREMENT,
  `name` varchar(255) NOT NULL,
  `content_type_id` int(11) NOT NULL,
  `codename` varchar(100) NOT NULL,
  PRIMARY KEY (`id`),
  UNIQUE KEY `auth_permission_content_type_id_codename_01ab375a_uniq` (`content_type_id`,`codename`),
  CONSTRAINT `auth_permission_content_type_id_2f476e4b_fk_django_co` FOREIGN KEY (`content_type_id`) REFERENCES `django_content_type` (`id`)
) ENGINE=InnoDB AUTO_INCREMENT=52 DEFAULT CHARSET=utf8;
/*!40101 SET character_set_client = @saved_cs_client */;

--
-- Dumping data for table `auth_permission`
--

LOCK TABLES `auth_permission` WRITE;
/*!40000 ALTER TABLE `auth_permission` DISABLE KEYS */;
INSERT INTO `auth_permission` VALUES (1,'Can add log entry',1,'add_logentry'),(2,'Can change log entry',1,'change_logentry'),(3,'Can delete log entry',1,'delete_logentry'),(4,'Can add group',2,'add_group'),(5,'Can change group',2,'change_group'),(6,'Can delete group',2,'delete_group'),(7,'Can add permission',3,'add_permission'),(8,'Can change permission',3,'change_permission'),(9,'Can delete permission',3,'delete_permission'),(10,'Can add user',4,'add_user'),(11,'Can change user',4,'change_user'),(12,'Can delete user',4,'delete_user'),(13,'Can add content type',5,'add_contenttype'),(14,'Can change content type',5,'change_contenttype'),(15,'Can delete content type',5,'delete_contenttype'),(16,'Can add session',6,'add_session'),(17,'Can change session',6,'change_session'),(18,'Can delete session',6,'delete_session'),(19,'Can add user info',7,'add_userinfo'),(20,'Can change user info',7,'change_userinfo'),(21,'Can delete user info',7,'delete_userinfo'),(22,'Can add user address info',8,'add_useraddressinfo'),(23,'Can change user address info',8,'change_useraddressinfo'),(24,'Can delete user address info',8,'delete_useraddressinfo'),(25,'Can add goods info',9,'add_goodsinfo'),(26,'Can change goods info',9,'change_goodsinfo'),(27,'Can delete goods info',9,'delete_goodsinfo'),(28,'Can add good category info',10,'add_goodcategoryinfo'),(29,'Can change good category info',10,'change_goodcategoryinfo'),(30,'Can delete good category info',10,'delete_goodcategoryinfo'),(31,'Can add category info',10,'add_categoryinfo'),(32,'Can change category info',10,'change_categoryinfo'),(33,'Can delete category info',10,'delete_categoryinfo'),(34,'Can add user add info',11,'add_useraddinfo'),(35,'Can change user add info',11,'change_useraddinfo'),(36,'Can delete user add info',11,'delete_useraddinfo'),(37,'Can add area info',12,'add_areainfo'),(38,'Can change area info',12,'change_areainfo'),(39,'Can delete area info',12,'delete_areainfo'),(40,'Can add cart info',13,'add_cartinfo'),(41,'Can change cart info',13,'change_cartinfo'),(42,'Can delete cart info',13,'delete_cartinfo'),(43,'Can add order detail info',14,'add_orderdetailinfo'),(44,'Can change order detail info',14,'change_orderdetailinfo'),(45,'Can delete order detail info',14,'delete_orderdetailinfo'),(46,'Can add order info',15,'add_orderinfo'),(47,'Can change order info',15,'change_orderinfo'),(48,'Can delete order info',15,'delete_orderinfo'),(49,'Can add comment info',16,'add_commentinfo'),(50,'Can change comment info',16,'change_commentinfo'),(51,'Can delete comment info',16,'delete_commentinfo');
/*!40000 ALTER TABLE `auth_permission` ENABLE KEYS */;
UNLOCK TABLES;

--
-- Table structure for table `auth_user`
--

DROP TABLE IF EXISTS `auth_user`;
/*!40101 SET @saved_cs_client     = @@character_set_client */;
/*!40101 SET character_set_client = utf8 */;
CREATE TABLE `auth_user` (
  `id` int(11) NOT NULL AUTO_INCREMENT,
  `password` varchar(128) NOT NULL,
  `last_login` datetime(6) DEFAULT NULL,
  `is_superuser` tinyint(1) NOT NULL,
  `username` varchar(150) NOT NULL,
  `first_name` varchar(30) NOT NULL,
  `last_name` varchar(30) NOT NULL,
  `email` varchar(254) NOT NULL,
  `is_staff` tinyint(1) NOT NULL,
  `is_active` tinyint(1) NOT NULL,
  `date_joined` datetime(6) NOT NULL,
  PRIMARY KEY (`id`),
  UNIQUE KEY `username` (`username`)
) ENGINE=InnoDB AUTO_INCREMENT=4 DEFAULT CHARSET=utf8;
/*!40101 SET character_set_client = @saved_cs_client */;

--
-- Dumping data for table `auth_user`
--

LOCK TABLES `auth_user` WRITE;
/*!40000 ALTER TABLE `auth_user` DISABLE KEYS */;
INSERT INTO `auth_user` VALUES (1,'pbkdf2_sha256$36000$WACklOqgCkb6$ISdiTH6HFe7oejlBTDmlBz6kxjhMNfMxdEODntT//nM=','2018-10-23 07:28:45.705000',1,'running','','','',1,1,'2018-10-18 03:24:32.902000'),(2,'pbkdf2_sha256$36000$rDpKEp793MEo$TwIXQJ2z0P04fhKCYSi88S5kVmLBnuFjXfKD8uJEIsM=','2018-10-25 13:01:26.450000',1,'admin','','','',1,1,'2018-10-23 13:41:35.276000'),(3,'pbkdf2_sha256$36000$IjhYmiu9SpRL$gL3aUXOju4ayCR5tMAkrcR9lCKFxX1S8dJizMULeNQY=','2018-10-29 12:43:07.149000',1,'running123','','','',1,1,'2018-10-25 14:32:06.124000');
/*!40000 ALTER TABLE `auth_user` ENABLE KEYS */;
UNLOCK TABLES;

--
-- Table structure for table `auth_user_groups`
--

DROP TABLE IF EXISTS `auth_user_groups`;
/*!40101 SET @saved_cs_client     = @@character_set_client */;
/*!40101 SET character_set_client = utf8 */;
CREATE TABLE `auth_user_groups` (
  `id` int(11) NOT NULL AUTO_INCREMENT,
  `user_id` int(11) NOT NULL,
  `group_id` int(11) NOT NULL,
  PRIMARY KEY (`id`),
  UNIQUE KEY `auth_user_groups_user_id_group_id_94350c0c_uniq` (`user_id`,`group_id`),
  KEY `auth_user_groups_group_id_97559544_fk_auth_group_id` (`group_id`),
  CONSTRAINT `auth_user_groups_group_id_97559544_fk_auth_group_id` FOREIGN KEY (`group_id`) REFERENCES `auth_group` (`id`),
  CONSTRAINT `auth_user_groups_user_id_6a12ed8b_fk_auth_user_id` FOREIGN KEY (`user_id`) REFERENCES `auth_user` (`id`)
) ENGINE=InnoDB DEFAULT CHARSET=utf8;
/*!40101 SET character_set_client = @saved_cs_client */;

--
-- Dumping data for table `auth_user_groups`
--

LOCK TABLES `auth_user_groups` WRITE;
/*!40000 ALTER TABLE `auth_user_groups` DISABLE KEYS */;
/*!40000 ALTER TABLE `auth_user_groups` ENABLE KEYS */;
UNLOCK TABLES;

--
-- Table structure for table `auth_user_user_permissions`
--

DROP TABLE IF EXISTS `auth_user_user_permissions`;
/*!40101 SET @saved_cs_client     = @@character_set_client */;
/*!40101 SET character_set_client = utf8 */;
CREATE TABLE `auth_user_user_permissions` (
  `id` int(11) NOT NULL AUTO_INCREMENT,
  `user_id` int(11) NOT NULL,
  `permission_id` int(11) NOT NULL,
  PRIMARY KEY (`id`),
  UNIQUE KEY `auth_user_user_permissions_user_id_permission_id_14a6b632_uniq` (`user_id`,`permission_id`),
  KEY `auth_user_user_permi_permission_id_1fbb5f2c_fk_auth_perm` (`permission_id`),
  CONSTRAINT `auth_user_user_permi_permission_id_1fbb5f2c_fk_auth_perm` FOREIGN KEY (`permission_id`) REFERENCES `auth_permission` (`id`),
  CONSTRAINT `auth_user_user_permissions_user_id_a95ead1b_fk_auth_user_id` FOREIGN KEY (`user_id`) REFERENCES `auth_user` (`id`)
) ENGINE=InnoDB DEFAULT CHARSET=utf8;
/*!40101 SET character_set_client = @saved_cs_client */;

--
-- Dumping data for table `auth_user_user_permissions`
--

LOCK TABLES `auth_user_user_permissions` WRITE;
/*!40000 ALTER TABLE `auth_user_user_permissions` DISABLE KEYS */;
/*!40000 ALTER TABLE `auth_user_user_permissions` ENABLE KEYS */;
UNLOCK TABLES;

--
-- Table structure for table `cartinfo`
--

DROP TABLE IF EXISTS `cartinfo`;
/*!40101 SET @saved_cs_client     = @@character_set_client */;
/*!40101 SET character_set_client = utf8 */;
CREATE TABLE `cartinfo` (
  `id` int(11) NOT NULL AUTO_INCREMENT,
  `count` int(11) NOT NULL,
  `cgoods_id` int(11) NOT NULL,
  `cuser_id` int(11) NOT NULL,
  PRIMARY KEY (`id`),
  KEY `carttest_cartinfo_cgoods_id_4eb5abec_fk_goodsinfo_id` (`cgoods_id`),
  KEY `carttest_cartinfo_cuser_id_59e4a366_fk_userinfo_id` (`cuser_id`),
  CONSTRAINT `carttest_cartinfo_cgoods_id_4eb5abec_fk_goodsinfo_id` FOREIGN KEY (`cgoods_id`) REFERENCES `goodsinfo` (`id`),
  CONSTRAINT `carttest_cartinfo_cuser_id_59e4a366_fk_userinfo_id` FOREIGN KEY (`cuser_id`) REFERENCES `userinfo` (`id`)
) ENGINE=InnoDB AUTO_INCREMENT=67 DEFAULT CHARSET=utf8;
/*!40101 SET character_set_client = @saved_cs_client */;

--
-- Dumping data for table `cartinfo`
--

LOCK TABLES `cartinfo` WRITE;
/*!40000 ALTER TABLE `cartinfo` DISABLE KEYS */;
INSERT INTO `cartinfo` VALUES (8,1,17,1),(9,5,9,1),(10,1,5,1),(11,1,4,1),(12,5,3,1),(64,1,50,2),(65,3,2,2),(66,1,51,2);
/*!40000 ALTER TABLE `cartinfo` ENABLE KEYS */;
UNLOCK TABLES;

--
-- Table structure for table `categoryinfo`
--

DROP TABLE IF EXISTS `categoryinfo`;
/*!40101 SET @saved_cs_client     = @@character_set_client */;
/*!40101 SET character_set_client = utf8 */;
CREATE TABLE `categoryinfo` (
  `id` int(11) NOT NULL AUTO_INCREMENT,
  `ttitle` varchar(20) NOT NULL,
  `isDelete` tinyint(1) NOT NULL,
  PRIMARY KEY (`id`)
) ENGINE=InnoDB AUTO_INCREMENT=7 DEFAULT CHARSET=utf8;
/*!40101 SET character_set_client = @saved_cs_client */;

--
-- Dumping data for table `categoryinfo`
--

LOCK TABLES `categoryinfo` WRITE;
/*!40000 ALTER TABLE `categoryinfo` DISABLE KEYS */;
INSERT INTO `categoryinfo` VALUES (1,'新鲜水果',1),(2,'海鲜水产',1),(3,'猪牛羊肉',1),(4,'禽类蛋品',1),(5,'新鲜蔬菜',1),(6,'速冻食品',1);
/*!40000 ALTER TABLE `categoryinfo` ENABLE KEYS */;
UNLOCK TABLES;

--
-- Table structure for table `django_admin_log`
--

DROP TABLE IF EXISTS `django_admin_log`;
/*!40101 SET @saved_cs_client     = @@character_set_client */;
/*!40101 SET character_set_client = utf8 */;
CREATE TABLE `django_admin_log` (
  `id` int(11) NOT NULL AUTO_INCREMENT,
  `action_time` datetime(6) NOT NULL,
  `object_id` longtext,
  `object_repr` varchar(200) NOT NULL,
  `action_flag` smallint(5) unsigned NOT NULL,
  `change_message` longtext NOT NULL,
  `content_type_id` int(11) DEFAULT NULL,
  `user_id` int(11) NOT NULL,
  PRIMARY KEY (`id`),
  KEY `django_admin_log_content_type_id_c4bce8eb_fk_django_co` (`content_type_id`),
  KEY `django_admin_log_user_id_c564eba6_fk_auth_user_id` (`user_id`),
  CONSTRAINT `django_admin_log_content_type_id_c4bce8eb_fk_django_co` FOREIGN KEY (`content_type_id`) REFERENCES `django_content_type` (`id`),
  CONSTRAINT `django_admin_log_user_id_c564eba6_fk_auth_user_id` FOREIGN KEY (`user_id`) REFERENCES `auth_user` (`id`)
) ENGINE=InnoDB AUTO_INCREMENT=155 DEFAULT CHARSET=utf8;
/*!40101 SET character_set_client = @saved_cs_client */;

--
-- Dumping data for table `django_admin_log`
--

LOCK TABLES `django_admin_log` WRITE;
/*!40000 ALTER TABLE `django_admin_log` DISABLE KEYS */;
INSERT INTO `django_admin_log` VALUES (1,'2018-10-18 03:24:57.051000','1','哈哈',1,'[{\"added\": {}}]',7,1),(2,'2018-10-18 03:25:12.068000','1','新鲜水果',1,'[{\"added\": {}}]',9,1),(3,'2018-10-18 03:27:37.856000','1','红富士苹果',1,'[{\"added\": {}}]',9,1),(4,'2018-10-18 03:50:53.189000','1','runnig',1,'[{\"added\": {}}]',8,1),(5,'2018-10-18 07:18:27.429000','2','海鲜水产',1,'[{\"added\": {}}]',10,1),(6,'2018-10-18 07:18:44.436000','3','猪牛羊肉',1,'[{\"added\": {}}]',10,1),(7,'2018-10-18 07:19:07.681000','4','禽类蛋品',1,'[{\"added\": {}}]',10,1),(8,'2018-10-18 07:19:20.630000','5','新鲜蔬菜',1,'[{\"added\": {}}]',10,1),(9,'2018-10-18 07:19:32.406000','6','速冻食品',1,'[{\"added\": {}}]',10,1),(10,'2018-10-18 07:34:20.634000','2','烟台红富士苹果',1,'[{\"added\": {}}]',9,1),(11,'2018-10-18 07:37:57.288000','3','新疆红提',1,'[{\"added\": {}}]',9,1),(12,'2018-10-18 07:39:47.000000','4','四川金艳黄心猕猴桃金果',1,'[{\"added\": {}}]',9,1),(13,'2018-10-18 07:41:38.692000','5','新鲜草莓水果',1,'[{\"added\": {}}]',9,1),(14,'2018-10-18 07:45:24.107000','1','轩品会临海涌泉蜜桔橘子高山桔子无核薄皮黄',2,'[{\"changed\": {\"fields\": [\"gtitle\", \"ggoods_info\", \"gimage\", \"gweight\", \"gprice\", \"gclick\", \"gintroduction\", \"gstore\"]}}]',9,1),(15,'2018-10-18 11:59:47.195000','6','泰国活冻黑虎虾',1,'[{\"added\": {}}]',9,1),(16,'2018-10-18 12:09:37.269000','7','冷冻无公害金鲳鱼',1,'[{\"added\": {}}]',9,1),(17,'2018-10-18 12:11:36.941000','8','冷冻南极磷虾 南极捕捞',1,'[{\"added\": {}}]',9,1),(18,'2018-10-18 12:14:57.964000','9','协东盛 冷冻太湖银鱼 淡水',1,'[{\"added\": {}}]',9,1),(19,'2018-10-18 12:17:58.278000','10','京觅 熟冻麻辣小龙虾',1,'[{\"added\": {}}]',9,1),(20,'2018-10-18 12:26:39.129000','11','草原力生 内蒙古羊肉羔羊排骨',1,'[{\"added\": {}}]',9,1),(21,'2018-10-18 12:28:18.280000','12','额尔敦内蒙古散养草饲羊肉羊肉片',1,'[{\"added\": {}}]',9,1),(22,'2018-10-18 12:30:41.416000','13','内蒙古锡盟草原散养清真新鲜带骨羔羊腿肉',1,'[{\"added\": {}}]',9,1),(23,'2018-10-18 12:31:44.101000','14','伊为乐 宁夏盐池滩羊肉',1,'[{\"added\": {}}]',9,1),(24,'2018-10-18 12:33:54.656000','15','对面小城 鸽子肉乳鸽老鸽子肉',1,'[{\"added\": {}}]',9,1),(25,'2018-10-18 12:36:06.165000','16','聚福鲜 山东冷冻法式鹅肝',1,'[{\"added\": {}}]',9,1),(26,'2018-10-18 12:37:27.759000','17','溧阳馆 咸鹅',1,'[{\"added\": {}}]',9,1),(27,'2018-10-18 12:40:36.290000','18','上海青',1,'[{\"added\": {}}]',9,1),(28,'2018-10-18 12:42:09.091000','19','西红柿',1,'[{\"added\": {}}]',9,1),(29,'2018-10-18 12:43:41.777000','20','三宝白菜',1,'[{\"added\": {}}]',9,1),(30,'2018-10-18 12:45:09.953000','21','胡萝卜',1,'[{\"added\": {}}]',9,1),(31,'2018-10-18 12:46:28.203000','22','红洋葱',1,'[{\"added\": {}}]',9,1),(32,'2018-10-19 00:42:13.595000','19','西红柿',2,'[{\"changed\": {\"fields\": [\"gtype\"]}}]',9,1),(33,'2018-10-19 00:46:30.078000','23','冰菜 冰草 沙拉菜',1,'[{\"added\": {}}]',9,1),(34,'2018-10-19 00:48:00.142000','23','冰菜 冰草 沙拉菜',2,'[{\"changed\": {\"fields\": [\"gintroduction\"]}}]',9,1),(35,'2018-10-19 00:49:23.106000','23','冰菜 冰草 沙拉菜',2,'[{\"changed\": {\"fields\": [\"gintroduction\"]}}]',9,1),(36,'2018-10-19 00:51:42.167000','24','有机蔬菜套装',1,'[{\"added\": {}}]',9,1),(37,'2018-10-19 00:53:58.189000','25','奥一农场绿色混合沙拉菜食材',1,'[{\"added\": {}}]',9,1),(38,'2018-10-19 00:55:44.992000','26','三峡红薯',1,'[{\"added\": {}}]',9,1),(39,'2018-10-19 00:57:36.791000','27','新鲜红薯地瓜番薯',1,'[{\"added\": {}}]',9,1),(40,'2018-10-19 00:59:58.990000','28','豆角蛇豆角长豆角',1,'[{\"added\": {}}]',9,1),(41,'2018-10-19 01:01:23.056000','29','紫色圆茄子',1,'[{\"added\": {}}]',9,1),(42,'2018-10-19 01:03:09.116000','30','VLQ冷冻蔬菜',1,'[{\"added\": {}}]',9,1),(43,'2018-10-19 01:18:29.654000','31','水东芥菜包心芥菜',1,'[{\"added\": {}}]',9,1),(44,'2018-10-19 03:33:37.770000','32','小油菜',1,'[{\"added\": {}}]',9,1),(45,'2018-10-19 03:34:55.870000','33','VLQ野荠菜碎',1,'[{\"added\": {}}]',9,1),(46,'2018-10-19 03:36:42.273000','34','荔浦香芋粉糯芋头',1,'[{\"added\": {}}]',9,1),(47,'2018-10-19 03:38:10.199000','35','带泥湿花生',1,'[{\"added\": {}}]',9,1),(48,'2018-10-19 03:39:39.271000','36','有机马铃薯土豆',1,'[{\"added\": {}}]',9,1),(49,'2018-10-19 03:41:40.608000','37','板栗薯',1,'[{\"added\": {}}]',9,1),(50,'2018-10-23 07:33:31.711000','20181023141626263706','OrderInfo object',3,'',15,1),(51,'2018-10-23 07:33:31.746000','20181023141624902420','OrderInfo object',3,'',15,1),(52,'2018-10-23 07:33:31.751000','20181023141622255819','OrderInfo object',3,'',15,1),(53,'2018-10-23 07:33:31.755000','20181023141437578442','OrderInfo object',3,'',15,1),(54,'2018-10-23 07:33:31.758000','20181023141310397013','OrderInfo object',3,'',15,1),(55,'2018-10-23 07:33:31.763000','20181023141246883824','OrderInfo object',3,'',15,1),(56,'2018-10-23 07:33:31.768000','20181023140807958008','OrderInfo object',3,'',15,1),(57,'2018-10-23 07:33:31.775000','20181023140704585550','OrderInfo object',3,'',15,1),(58,'2018-10-23 07:33:31.778000','20181023140545755561','OrderInfo object',3,'',15,1),(59,'2018-10-23 07:33:31.782000','20181023140504116400','OrderInfo object',3,'',15,1),(60,'2018-10-23 07:33:31.786000','20181023140407138116','OrderInfo object',3,'',15,1),(61,'2018-10-23 07:33:31.790000','20181023140257259707','OrderInfo object',3,'',15,1),(62,'2018-10-23 07:33:31.795000','20181023135623501046','OrderInfo object',3,'',15,1),(63,'2018-10-23 07:33:31.799000','20181023135602804044','OrderInfo object',3,'',15,1),(64,'2018-10-23 07:33:31.805000','20181023135546781361','OrderInfo object',3,'',15,1),(65,'2018-10-23 07:33:31.810000','20181023135458702696','OrderInfo object',3,'',15,1),(66,'2018-10-23 07:33:31.814000','20181023135447877669','OrderInfo object',3,'',15,1),(67,'2018-10-23 07:33:31.818000','20181023135029994712','OrderInfo object',3,'',15,1),(68,'2018-10-23 07:33:31.822000','20181023134949226155','OrderInfo object',3,'',15,1),(69,'2018-10-23 07:33:31.826000','20181023134837199399','OrderInfo object',3,'',15,1),(70,'2018-10-23 07:33:31.830000','20181023134805626982','OrderInfo object',3,'',15,1),(71,'2018-10-23 07:33:31.834000','20181023134723390158','OrderInfo object',3,'',15,1),(72,'2018-10-23 07:33:31.838000','20181023134644328378','OrderInfo object',3,'',15,1),(73,'2018-10-23 07:33:31.842000','20181023134406651171','OrderInfo object',3,'',15,1),(74,'2018-10-23 07:33:31.846000','20181023134317288190','OrderInfo object',3,'',15,1),(75,'2018-10-23 07:33:31.851000','10231523311178','OrderInfo object',3,'',15,1),(76,'2018-10-23 07:37:47.939000','13','内蒙古带骨羔羊腿肉',2,'[{\"changed\": {\"fields\": [\"gtitle\"]}}]',9,1),(77,'2018-10-23 07:38:01.951000','25','绿色混合沙拉菜食材',2,'[{\"changed\": {\"fields\": [\"gtitle\"]}}]',9,1),(78,'2018-10-23 07:38:22.615000','16','山东冷冻法式鹅肝',2,'[{\"changed\": {\"fields\": [\"gtitle\"]}}]',9,1),(79,'2018-10-23 07:38:36.189000','12','内蒙古散养草饲羊肉羊肉片',2,'[{\"changed\": {\"fields\": [\"gtitle\"]}}]',9,1),(80,'2018-10-23 07:39:03.882000','1','轩品会蜜桔橘子高山桔子',2,'[{\"changed\": {\"fields\": [\"gtitle\"]}}]',9,1),(81,'2018-10-23 07:39:16.232000','1','蜜桔橘子高山桔子',2,'[{\"changed\": {\"fields\": [\"gtitle\"]}}]',9,1),(82,'2018-10-23 07:39:48.102000','11','内蒙古羊肉羔羊排骨',2,'[{\"changed\": {\"fields\": [\"gtitle\"]}}]',9,1),(83,'2018-10-23 07:39:58.825000','15','鸽子肉乳鸽老鸽子肉',2,'[{\"changed\": {\"fields\": [\"gtitle\"]}}]',9,1),(84,'2018-10-23 07:40:11.903000','12','内蒙古羊肉羊肉片',2,'[{\"changed\": {\"fields\": [\"gtitle\"]}}]',9,1),(85,'2018-10-23 07:40:23.071000','9','冷冻太湖银鱼 淡水',2,'[{\"changed\": {\"fields\": [\"gtitle\", \"gintroduction\"]}}]',9,1),(86,'2018-10-23 07:40:38.768000','8','南极捕捞',2,'[{\"changed\": {\"fields\": [\"gtitle\"]}}]',9,1),(87,'2018-10-23 07:40:47.943000','14','宁夏盐池滩羊肉',2,'[{\"changed\": {\"fields\": [\"gtitle\"]}}]',9,1),(88,'2018-10-23 07:41:00.834000','4','金艳黄心猕猴桃金果',2,'[{\"changed\": {\"fields\": [\"gtitle\"]}}]',9,1),(89,'2018-10-23 07:41:20.977000','15','乳鸽老鸽子肉',2,'[{\"changed\": {\"fields\": [\"gtitle\"]}}]',9,1),(90,'2018-10-23 07:56:59.130000','66','OrderDetailInfo object',1,'[{\"added\": {}}]',14,1),(91,'2018-10-23 08:18:28.920000','82','OrderDetailInfo object',1,'[{\"added\": {}}]',14,1),(92,'2018-10-23 09:44:31.161000','10231743349815','OrderInfo object',2,'[{\"changed\": {\"fields\": [\"statu\"]}}]',15,1),(93,'2018-10-23 13:46:29.818000','8','OrderDetailInfo object',3,'',14,2),(94,'2018-10-23 13:46:29.852000','7','OrderDetailInfo object',3,'',14,2),(95,'2018-10-23 13:46:29.860000','6','OrderDetailInfo object',3,'',14,2),(96,'2018-10-23 13:46:29.864000','5','OrderDetailInfo object',3,'',14,2),(97,'2018-10-23 13:46:29.869000','4','OrderDetailInfo object',3,'',14,2),(98,'2018-10-23 13:46:29.874000','3','OrderDetailInfo object',3,'',14,2),(99,'2018-10-23 13:46:29.879000','2','OrderDetailInfo object',3,'',14,2),(100,'2018-10-23 13:46:29.883000','1','OrderDetailInfo object',3,'',14,2),(101,'2018-10-23 13:46:41.501000','10231917067382','OrderInfo object',3,'',15,2),(102,'2018-10-23 13:46:41.527000','10231743349815','OrderInfo object',3,'',15,2),(103,'2018-10-23 13:46:41.575000','10231743001713','OrderInfo object',3,'',15,2),(104,'2018-10-23 13:46:41.581000','10231738585449','OrderInfo object',3,'',15,2),(105,'2018-10-24 07:45:50.208000','3','haha',1,'[{\"added\": {}}]',7,2),(106,'2018-10-24 08:47:58.176000','2','RUNNING_007',2,'[{\"changed\": {\"fields\": [\"goodsids\"]}}]',7,2),(107,'2018-10-24 08:48:13.802000','1','running',2,'[{\"changed\": {\"fields\": [\"goodsids\"]}}]',7,2),(108,'2018-10-24 08:48:30.753000','3','haha',2,'[{\"changed\": {\"fields\": [\"goodsids\"]}}]',7,2),(109,'2018-10-24 09:02:24.787000','2','RUNNING_007',2,'[{\"changed\": {\"fields\": [\"goodsids\"]}}]',7,2),(110,'2018-10-24 09:03:24.560000','2','RUNNING_007',2,'[{\"changed\": {\"fields\": [\"goodsids\"]}}]',7,2),(111,'2018-10-25 14:37:30.915000','1','CommentInfo object',1,'[{\"added\": {}}]',16,3),(112,'2018-10-25 14:37:50.992000','2','CommentInfo object',1,'[{\"added\": {}}]',16,3),(113,'2018-10-25 14:38:08.249000','3','CommentInfo object',1,'[{\"added\": {}}]',16,3),(114,'2018-10-25 14:38:28.467000','4','CommentInfo object',1,'[{\"added\": {}}]',16,3),(115,'2018-10-25 14:38:54.769000','5','CommentInfo object',1,'[{\"added\": {}}]',16,3),(116,'2018-10-25 14:39:14.311000','6','CommentInfo object',1,'[{\"added\": {}}]',16,3),(117,'2018-10-25 14:39:26.960000','7','CommentInfo object',1,'[{\"added\": {}}]',16,3),(118,'2018-10-25 14:51:03.287000','2','烟台红富士苹果',2,'[{\"changed\": {\"fields\": [\"gstore\"]}}]',9,3),(119,'2018-10-25 14:51:12.521000','3','新疆红提',2,'[{\"changed\": {\"fields\": [\"gstore\"]}}]',9,3),(120,'2018-10-25 14:51:22.772000','4','金艳黄心猕猴桃金果',2,'[{\"changed\": {\"fields\": [\"gstore\"]}}]',9,3),(121,'2018-10-26 07:02:33.081000','7','CommentInfo object',2,'[{\"changed\": {\"fields\": [\"user\"]}}]',16,3),(122,'2018-10-26 07:02:38.883000','4','CommentInfo object',2,'[{\"changed\": {\"fields\": [\"user\"]}}]',16,3),(123,'2018-10-26 07:02:54.389000','3','CommentInfo object',2,'[{\"changed\": {\"fields\": [\"user\"]}}]',16,3),(124,'2018-10-26 08:42:54.766000','10232209537611','OrderInfo object',2,'[{\"changed\": {\"fields\": [\"statu\"]}}]',15,3),(125,'2018-10-26 08:43:01.165000','10232213447025','OrderInfo object',2,'[{\"changed\": {\"fields\": [\"statu\"]}}]',15,3),(126,'2018-10-26 12:22:29.470000','38','haha',1,'[{\"added\": {}}]',9,3),(127,'2018-10-27 07:57:48.270000','2','CommentInfo object',2,'[{\"changed\": {\"fields\": [\"grade\"]}}]',16,3),(128,'2018-10-27 07:58:13.936000','4','CommentInfo object',2,'[{\"changed\": {\"fields\": [\"grade\"]}}]',16,3),(129,'2018-10-27 07:58:17.500000','4','CommentInfo object',2,'[]',16,3),(130,'2018-10-27 07:58:19.990000','4','CommentInfo object',2,'[]',16,3),(131,'2018-10-27 07:58:35.832000','6','CommentInfo object',2,'[{\"changed\": {\"fields\": [\"grade\"]}}]',16,3),(132,'2018-10-27 07:58:45.253000','11','CommentInfo object',2,'[{\"changed\": {\"fields\": [\"grade\"]}}]',16,3),(133,'2018-10-29 06:09:30.207000','1','蜜桔橘子高山桔子',2,'[{\"changed\": {\"fields\": [\"gimage\"]}}]',9,3),(134,'2018-10-29 06:09:39.188000','2','烟台红富士苹果',2,'[{\"changed\": {\"fields\": [\"gimage\"]}}]',9,3),(135,'2018-10-29 06:09:49.011000','3','新疆红提',2,'[{\"changed\": {\"fields\": [\"gimage\"]}}]',9,3),(136,'2018-10-29 06:09:57.059000','4','金艳黄心猕猴桃金果',2,'[{\"changed\": {\"fields\": [\"gimage\"]}}]',9,3),(137,'2018-10-29 06:10:11.062000','5','新鲜草莓水果',2,'[{\"changed\": {\"fields\": [\"gimage\"]}}]',9,3),(138,'2018-10-29 06:24:21.934000','2','烟台红富士苹果',2,'[]',9,3),(139,'2018-10-29 06:26:12.595000','39','烟台红富士苹果',1,'[{\"added\": {}}]',9,3),(140,'2018-10-29 07:59:12.607000','40','烟台红富士苹果',1,'[{\"added\": {}}]',9,3),(141,'2018-10-29 07:59:43.564000','41','烟台红富士苹果',1,'[{\"added\": {}}]',9,3),(142,'2018-10-29 08:00:06.029000','42','烟台红富士苹果',1,'[{\"added\": {}}]',9,3),(143,'2018-10-29 08:00:28.145000','43','烟台红富士苹果',1,'[{\"added\": {}}]',9,3),(144,'2018-10-29 08:00:48.996000','44','烟台红富士苹果',1,'[{\"added\": {}}]',9,3),(145,'2018-10-29 08:01:55.245000','1','蜜桔橘子高山桔子',2,'[]',9,3),(146,'2018-10-29 08:03:08.437000','45','蜜桔橘子高山桔子',1,'[{\"added\": {}}]',9,3),(147,'2018-10-29 08:03:34.161000','46','蜜桔橘子高山桔子',1,'[{\"added\": {}}]',9,3),(148,'2018-10-29 08:03:55.426000','47','蜜桔橘子高山桔子',1,'[{\"added\": {}}]',9,3),(149,'2018-10-29 08:04:14.502000','48','蜜桔橘子高山桔子',1,'[{\"added\": {}}]',9,3),(150,'2018-10-29 08:04:38.347000','49','烟台红富士苹果',1,'[{\"added\": {}}]',9,3),(151,'2018-10-29 08:05:00.210000','50','蜜桔橘子高山桔子',1,'[{\"added\": {}}]',9,3),(152,'2018-10-29 08:06:42.349000','51','烟台红富士苹果',1,'[{\"added\": {}}]',9,3),(153,'2018-10-29 08:07:05.589000','2','烟台红富士苹果',2,'[{\"changed\": {\"fields\": [\"gprice\"]}}]',9,3),(154,'2018-10-29 08:07:46.782000','2','烟台红富士苹果',2,'[{\"changed\": {\"fields\": [\"gclick\"]}}]',9,3);
/*!40000 ALTER TABLE `django_admin_log` ENABLE KEYS */;
UNLOCK TABLES;

--
-- Table structure for table `django_content_type`
--

DROP TABLE IF EXISTS `django_content_type`;
/*!40101 SET @saved_cs_client     = @@character_set_client */;
/*!40101 SET character_set_client = utf8 */;
CREATE TABLE `django_content_type` (
  `id` int(11) NOT NULL AUTO_INCREMENT,
  `app_label` varchar(100) NOT NULL,
  `model` varchar(100) NOT NULL,
  PRIMARY KEY (`id`),
  UNIQUE KEY `django_content_type_app_label_model_76bd3d3b_uniq` (`app_label`,`model`)
) ENGINE=InnoDB AUTO_INCREMENT=17 DEFAULT CHARSET=utf8;
/*!40101 SET character_set_client = @saved_cs_client */;

--
-- Dumping data for table `django_content_type`
--

LOCK TABLES `django_content_type` WRITE;
/*!40000 ALTER TABLE `django_content_type` DISABLE KEYS */;
INSERT INTO `django_content_type` VALUES (1,'admin','logentry'),(2,'auth','group'),(3,'auth','permission'),(4,'auth','user'),(13,'carttest','cartinfo'),(5,'contenttypes','contenttype'),(10,'goodstest','categoryinfo'),(16,'goodstest','commentinfo'),(9,'goodstest','goodsinfo'),(14,'ordertest','orderdetailinfo'),(15,'ordertest','orderinfo'),(6,'sessions','session'),(12,'usertest','areainfo'),(11,'usertest','useraddinfo'),(8,'usertest','useraddressinfo'),(7,'usertest','userinfo');
/*!40000 ALTER TABLE `django_content_type` ENABLE KEYS */;
UNLOCK TABLES;

--
-- Table structure for table `django_migrations`
--

DROP TABLE IF EXISTS `django_migrations`;
/*!40101 SET @saved_cs_client     = @@character_set_client */;
/*!40101 SET character_set_client = utf8 */;
CREATE TABLE `django_migrations` (
  `id` int(11) NOT NULL AUTO_INCREMENT,
  `app` varchar(255) NOT NULL,
  `name` varchar(255) NOT NULL,
  `applied` datetime(6) NOT NULL,
  PRIMARY KEY (`id`)
) ENGINE=InnoDB AUTO_INCREMENT=43 DEFAULT CHARSET=utf8;
/*!40101 SET character_set_client = @saved_cs_client */;

--
-- Dumping data for table `django_migrations`
--

LOCK TABLES `django_migrations` WRITE;
/*!40000 ALTER TABLE `django_migrations` DISABLE KEYS */;
INSERT INTO `django_migrations` VALUES (1,'contenttypes','0001_initial','2018-10-18 03:23:30.096000'),(2,'auth','0001_initial','2018-10-18 03:23:31.300000'),(3,'admin','0001_initial','2018-10-18 03:23:31.432000'),(4,'admin','0002_logentry_remove_auto_add','2018-10-18 03:23:31.450000'),(5,'contenttypes','0002_remove_content_type_name','2018-10-18 03:23:31.541000'),(6,'auth','0002_alter_permission_name_max_length','2018-10-18 03:23:31.634000'),(7,'auth','0003_alter_user_email_max_length','2018-10-18 03:23:31.738000'),(8,'auth','0004_alter_user_username_opts','2018-10-18 03:23:31.756000'),(9,'auth','0005_alter_user_last_login_null','2018-10-18 03:23:31.803000'),(10,'auth','0006_require_contenttypes_0002','2018-10-18 03:23:31.808000'),(11,'auth','0007_alter_validators_add_error_messages','2018-10-18 03:23:31.825000'),(12,'auth','0008_alter_user_username_max_length','2018-10-18 03:23:31.903000'),(13,'goodstest','0001_initial','2018-10-18 03:23:32.016000'),(14,'sessions','0001_initial','2018-10-18 03:23:32.055000'),(16,'goodstest','0002_auto_20181018_1547','2018-10-18 07:47:59.111000'),(17,'goodstest','0003_auto_20181019_1640','2018-10-19 08:41:04.421000'),(23,'usertest','0001_initial','2018-10-20 08:06:13.654000'),(24,'usertest','0002_userinfo_default_id','2018-10-21 10:07:45.484000'),(25,'carttest','0001_initial','2018-10-22 02:02:56.123000'),(26,'carttest','0002_auto_20181022_1003','2018-10-22 02:03:53.600000'),(30,'ordertest','0001_initial','2018-10-23 09:01:04.311000'),(31,'ordertest','0002_auto_20181023_1830','2018-10-23 10:30:33.148000'),(32,'ordertest','0003_orderinfo_omoney','2018-10-23 11:12:43.275000'),(33,'usertest','0003_userinfo_goodsids','2018-10-24 07:38:32.207000'),(34,'usertest','0004_auto_20181024_1544','2018-10-24 07:44:58.277000'),(35,'usertest','0005_auto_20181024_1708','2018-10-24 09:08:25.605000'),(36,'goodstest','0004_commentinfo','2018-10-25 14:30:12.827000'),(37,'ordertest','0004_auto_20181026_1641','2018-10-26 08:42:02.600000'),(38,'goodstest','0005_auto_20181026_2149','2018-10-26 13:50:02.568000'),(39,'goodstest','0006_commentinfo_grade','2018-10-27 06:38:26.779000'),(40,'goodstest','0007_auto_20181029_1417','2018-10-29 06:17:57.217000'),(41,'goodstest','0008_auto_20181029_1423','2018-10-29 06:23:35.607000'),(42,'goodstest','0009_auto_20181029_1423','2018-10-29 06:23:57.018000');
/*!40000 ALTER TABLE `django_migrations` ENABLE KEYS */;
UNLOCK TABLES;

--
-- Table structure for table `django_session`
--

DROP TABLE IF EXISTS `django_session`;
/*!40101 SET @saved_cs_client     = @@character_set_client */;
/*!40101 SET character_set_client = utf8 */;
CREATE TABLE `django_session` (
  `session_key` varchar(40) NOT NULL,
  `session_data` longtext NOT NULL,
  `expire_date` datetime(6) NOT NULL,
  PRIMARY KEY (`session_key`),
  KEY `django_session_expire_date_a5c62663` (`expire_date`)
) ENGINE=InnoDB DEFAULT CHARSET=utf8;
/*!40101 SET character_set_client = @saved_cs_client */;

--
-- Dumping data for table `django_session`
--

LOCK TABLES `django_session` WRITE;
/*!40000 ALTER TABLE `django_session` DISABLE KEYS */;
INSERT INTO `django_session` VALUES ('0bh24rwc6qh9eqa0z2vkyikf3zu5xdot','YjZjYzIyY2Q1MzNmZmE0YWNlZjQ4NTJiMzc1NjU2Y2VmNTI1MGEzMjp7InVuYW1lIjoiUlVOTklOR18wMDciLCJtb2RpZnlfaWQiOiI5IiwicGlkIjoyfQ==','2018-11-13 06:27:17.659000'),('0elypa75cvlmfe0hhc3hcov3apujt9op','MDVhYzJjMDY0YzVhZTQyYTg3NTg5YjgwN2QxMzgxYmZjN2M1ODI1Nzp7Il9hdXRoX3VzZXJfaGFzaCI6ImZkNzY5MTRkMjZjZjYzM2U4OGZlMmRmMmZiYjc4ZDJjY2I3MGQzMzUiLCJfYXV0aF91c2VyX2JhY2tlbmQiOiJkamFuZ28uY29udHJpYi5hdXRoLmJhY2tlbmRzLk1vZGVsQmFja2VuZCIsIl9hdXRoX3VzZXJfaWQiOiIxIn0=','2018-11-02 00:41:22.270000'),('0hkrxfe7qyr9ve2qsagk3h7ze12bk9y6','Y2E3MjU5MGU1MGEzNzMzN2M4NTA2OTcyZmQ3OGRhZGJkOGQ4NGEwOTp7InVuYW1lIjoiUlVOTklOR18wMDciLCJwaWQiOjJ9','2018-11-12 12:41:54.038104'),('0l1dz35w8vs761sjb2dig3eprrgtl5lq','YTg0YzBlZjI3MjNiN2Y1OWRhYzY5ZjhlYWQ1MjI0NmYwMWVkOTFmNjp7ImlkX2xpc3QiOlsiMjQiLCIyNSJdfQ==','2018-11-12 02:16:43.302000'),('0t5swsooz9imcp1gprd5peofl9nuzhqw','YTk4YTU3OWRmYzUzOTg1NTgxMDMzMDBhMGRkOWQ1MGUzMDI5MzRiYTp7InVuYW1lIjoiMTIzNDU2IiwicGlkIjoyfQ==','2018-11-02 07:17:10.714000'),('0u4okaxdx08ooi3nrog4o84djjj2b1v2','OTE1YWU2MjFjMTAzN2VjM2RhNzc0NTNhZDU0NWJlMjM3ZTQzNGJkZTp7ImlkX2xpc3QiOlsiMiIsIjUxIl19','2018-11-13 01:45:28.189000'),('0y0zeupmnlw0gwgddyi5bvda52py9ohz','OTk3YjZlZWMyMzcxMDEyNjFjNzUxMmIwMDRjZDFmOGNjMTU1YTk3MTp7InVuYW1lIjoiUlVOTklOR18wMDciLCJjb21tZW50X2lkcyI6WzYsMV0sInBpZCI6Mn0=','2018-11-12 11:53:49.934328'),('1a5xm3f5pgv00kvbuahgxxjkajkp27c8','ZmZiMTQxMjdhMDllYzhjMWQ1YjY4MjU1NDlmY2JhOTNiZjlkYjYwNzp7ImlkX2xpc3QiOlsiMiJdfQ==','2018-11-09 02:41:06.399000'),('1jidfus2pnktrnrzjt1y10v2ct36rbw4','ZmZiMTQxMjdhMDllYzhjMWQ1YjY4MjU1NDlmY2JhOTNiZjlkYjYwNzp7ImlkX2xpc3QiOlsiMiJdfQ==','2018-11-09 03:43:35.314000'),('3j1xw3kbp3qk86o1b113u0tvggglbzf3','Y2E3MjU5MGU1MGEzNzMzN2M4NTA2OTcyZmQ3OGRhZGJkOGQ4NGEwOTp7InVuYW1lIjoiUlVOTklOR18wMDciLCJwaWQiOjJ9','2018-11-12 00:17:48.841000'),('3ommf7zkwmo3bjzcpga6uy1o24vmjh3y','YjZjYzIyY2Q1MzNmZmE0YWNlZjQ4NTJiMzc1NjU2Y2VmNTI1MGEzMjp7InVuYW1lIjoiUlVOTklOR18wMDciLCJtb2RpZnlfaWQiOiI5IiwicGlkIjoyfQ==','2018-11-05 13:22:39.186000'),('3u833rudm3ff0gebs2xm7nl3pd252hw1','NDNhM2Q3ZWM0YmI0MDE3Y2I3NjdhMWI0NTZkNmI4YTgyMmY2YmViMjp7InVuYW1lIjoiMTIzNDU2IiwiX2F1dGhfdXNlcl9oYXNoIjoiZmQ3NjkxNGQyNmNmNjMzZTg4ZmUyZGYyZmJiNzhkMmNjYjcwZDMzNSIsInBpZCI6MiwiX2F1dGhfdXNlcl9iYWNrZW5kIjoiZGphbmdvLmNvbnRyaWIuYXV0aC5iYWNrZW5kcy5Nb2RlbEJhY2tlbmQiLCJfYXV0aF91c2VyX2lkIjoiMSJ9','2018-11-01 07:17:26.042000'),('3z7667auxcawgk2qy3dy2y2dl2lpo8z5','ZmZiMTQxMjdhMDllYzhjMWQ1YjY4MjU1NDlmY2JhOTNiZjlkYjYwNzp7ImlkX2xpc3QiOlsiMiJdfQ==','2018-11-09 06:46:11.276000'),('48t5kb6b70b3g3rolati4cljzwhuv0ih','YTEzNjliMzU2YTMwNTIyNDhlYTlkNWNiZjJkNDg3MjM5YTY2NDk0Mjp7InVuYW1lIjoiUlVOTklOR18wMDciLCJtb2RpZnlfaWQiOiIxMSIsInBpZCI6Mn0=','2018-11-13 03:41:45.275000'),('4gqczvptxll5wq4r16khyijl1fzn9c7h','ZTJhMGMyNTMwNGNjNzAwYjA1MDQzZmY2NmQyNWNmMTc3MmYyY2VhOTp7InVuYW1lIjoiUlVOTklOR18wMDciLCJfYXV0aF91c2VyX2hhc2giOiIwNWQwZDZhYjMwYzgyYTE4ZWI2MjA3N2NkMTc2MDJjMDUwNjk0MTY1IiwicGlkIjoyLCJfYXV0aF91c2VyX2JhY2tlbmQiOiJkamFuZ28uY29udHJpYi5hdXRoLmJhY2tlbmRzLk1vZGVsQmFja2VuZCIsIl9hdXRoX3VzZXJfaWQiOiIyIn0=','2018-11-08 13:01:26.454000'),('4zfidiw4zr78ezh94psssg1jr66e7eoa','NzZlY2QwNWU0OTJhYTdhYjg0NjE4YWY3N2Y5ZGFjMDFiOGUwODNjMzp7InVuYW1lIjoicnVubmluZyIsIm1vZGlmeV9pZCI6IjIiLCJwaWQiOjF9','2018-11-03 01:24:19.240000'),('4zlv2kkc4slrzt1nxikjfmostccn9rgc','Y2E3MjU5MGU1MGEzNzMzN2M4NTA2OTcyZmQ3OGRhZGJkOGQ4NGEwOTp7InVuYW1lIjoiUlVOTklOR18wMDciLCJwaWQiOjJ9','2018-11-06 00:29:46.060000'),('54dtz76lcoj433lvse7xq3h8rvhe7xkv','YTc4Y2NlZTdhZWM0M2IxZWFkNDYyODYwNjIwOTE2MzNjYWJlMzVhZDp7Il9hdXRoX3VzZXJfaWQiOiIzIiwiaWRfbGlzdCI6W10sInBpZCI6MiwiX2F1dGhfdXNlcl9iYWNrZW5kIjoiZGphbmdvLmNvbnRyaWIuYXV0aC5iYWNrZW5kcy5Nb2RlbEJhY2tlbmQiLCJ1bmFtZSI6IlJVTk5JTkdfMDA3IiwibW9kaWZ5X2lkIjoiMTAiLCJfYXV0aF91c2VyX2hhc2giOiIxZTE4YzBlOWRkZTkyY2UwYzc5YWVkZmUyNWVjNjM2MTI0MzEzYTFmIn0=','2018-11-12 06:38:50.778000'),('5ogpx6pdx5uq91069225x903dyq2zcyc','NGRhYTdjZmIwZmFjMDE4NTRmM2EzYzUxNDdjYjhiMjlmZWM4NTA0ZTp7InVuYW1lIjoiUlVOTklOR18wMDciLCJtb2RpZnlfaWQiOiIxMiIsInBpZCI6Miwic2hpcHBpbmdfYWRkcmVzcyI6IjEyIn0=','2018-11-10 05:54:12.063000'),('5t7bvnupi8c8vkiyxkzdilvxqfdiud8a','YmM1ZmU5ZDk2MzJjMThkYWY0MzA0YWJlMjYyYjc4MzMwMWE4NTVlOTp7InVuYW1lIjoicnVubmluZyIsIm1vZGlmeV9pZCI6IjIiLCJwaWQiOjEsImlkX2xpc3QiOlsiMTYiLCIxNyIsIjEiXX0=','2018-11-02 14:14:08.730000'),('6tnbk7tfkl8n6x5sq104ti05pqmf00e4','Zjg1MzY4NTNhYjBkNmJjNWI1NDdhMjJkZjhmN2M0MmM4NTUyNTUzZjp7Il9hdXRoX3VzZXJfaWQiOiIzIiwicGlkIjoyLCJfYXV0aF91c2VyX2JhY2tlbmQiOiJkamFuZ28uY29udHJpYi5hdXRoLmJhY2tlbmRzLk1vZGVsQmFja2VuZCIsInVuYW1lIjoiUlVOTklOR18wMDciLCJtb2RpZnlfaWQiOiIxMiIsInNoaXBwaW5nX2FkZHJlc3MiOiIxMSIsIl9hdXRoX3VzZXJfaGFzaCI6IjFlMThjMGU5ZGRlOTJjZTBjNzlhZWRmZTI1ZWM2MzYxMjQzMTNhMWYifQ==','2018-11-09 08:42:36.948000'),('7o0k82ny0t9naar217xv0emddgji1ndu','NWQ1MWIyMjE0YWIzODM3YzE5MGZlZTM3ZDAwMGQzMjNmZjIyODk4Nzp7InVuYW1lIjoicnVubmluZyIsInBpZCI6MX0=','2018-11-02 11:16:48.642000'),('81jgzhk5u3zz26jqn3yso5wye1l2yql0','NWQ1MWIyMjE0YWIzODM3YzE5MGZlZTM3ZDAwMGQzMjNmZjIyODk4Nzp7InVuYW1lIjoicnVubmluZyIsInBpZCI6MX0=','2018-11-03 02:34:12.540000'),('8c8tag2czw76eclvjpnm43cbzdbsna2n','NTgyOGYxMjYyYTRhNDU3MzNjNjI4NWIxNmJhYjc5NmRiZmYxMDdiMzp7InVuYW1lIjoiUlVOTklOR18wMDciLCJjb21tZW50X2lkcyI6WzJdLCJwaWQiOjJ9','2018-11-09 14:16:17.459000'),('8gz70to2yq3fbx7rsorpyui9ntnhg9a0','ZmZiMTQxMjdhMDllYzhjMWQ1YjY4MjU1NDlmY2JhOTNiZjlkYjYwNzp7ImlkX2xpc3QiOlsiMiJdfQ==','2018-11-09 02:01:42.959000'),('8jjb3byoig8glo2k4fjt8yur9aq3v19f','YmVkYjczMWMzNTI0NGYyMjBkZDljMGRkOTU5OTU4Y2Q0MjI5MTEwZjp7ImlkX2xpc3QiOltdLCJwaWQiOjIsInVuYW1lIjoiUlVOTklOR18wMDciLCJtb2RpZnlfaWQiOiIxMyIsInNoaXBwaW5nX2FkZHJlc3MiOiIxMyIsImNvbW1lbnRfaWRzIjpbMTVdfQ==','2018-11-13 01:02:49.542666'),('8nfxxxi0gb36zgedlktg5q6mvlm08v97','ZTM4YWQxNGViZjJkYjhjNDQxNTZhYjVmOTRlYjdjM2NmMmUzNzEzMjp7InVuYW1lIjoiUlVOTklOR18wMDciLCJjb21tZW50X2lkcyI6WzQsNV0sInBpZCI6Mn0=','2018-11-11 10:19:42.508000'),('93st6c1aaz7nwg57h6aczjotbzto6y7o','ZmZiMTQxMjdhMDllYzhjMWQ1YjY4MjU1NDlmY2JhOTNiZjlkYjYwNzp7ImlkX2xpc3QiOlsiMiJdfQ==','2018-11-11 12:17:41.972000'),('9ahlhgx8736f6avh8jyajlacjk62bugp','ZGE0MjIyZWM0NmIxZWI5YzZhM2JiMmE3YjNhMzIxY2E1NGVmMTA2MTp7ImNvbW1lbnRfaWRzIjpbMjMsNSw1LDgsOCw2LDYsNiw1LDEwLDEsNiw5LDksMV0sIl9hdXRoX3VzZXJfaWQiOiIzIiwicGlkIjoyLCJfYXV0aF91c2VyX2JhY2tlbmQiOiJkamFuZ28uY29udHJpYi5hdXRoLmJhY2tlbmRzLk1vZGVsQmFja2VuZCIsInVuYW1lIjoiUlVOTklOR18wMDciLCJfYXV0aF91c2VyX2hhc2giOiIxZTE4YzBlOWRkZTkyY2UwYzc5YWVkZmUyNWVjNjM2MTI0MzEzYTFmIn0=','2018-11-12 07:58:20.692000'),('9hvg3c0p16b9h2crsmyamrl5ep9dt3ox','Y2E3MjU5MGU1MGEzNzMzN2M4NTA2OTcyZmQ3OGRhZGJkOGQ4NGEwOTp7InVuYW1lIjoiUlVOTklOR18wMDciLCJwaWQiOjJ9','2018-11-07 10:53:20.029000'),('9ob5mtqciqtxk3ulgpyhy8ez66xkfew0','ODBjMTBlNzIwZGI5Y2VlMjY3NTJjMjAyZDFhMjZiY2Y0NWRmNWJkNTp7InVuYW1lIjoicnVubmluZyIsInBpZCI6MSwiaWRfbGlzdCI6WyIxNiJdfQ==','2018-11-06 01:35:08.318000'),('a3pvge2xs30rdr2wp80p9x7rnydi6ulb','MTM3NDQ5M2M1NmVjYzIyYjY0ZTUwYjk0YTlmYjEyMjAwYjkwZWMzODp7InVuYW1lIjoicnVubmluZyIsIm1vZGlmeV9pZCI6IjQiLCJwaWQiOjF9','2018-11-04 10:22:44.549000'),('a75ynh3958shcpt9h7y8mylxve8o1fm8','MTNmOTRhMjgwMjZlZGM0Mjg5NTIwNjQwNjk2MDk2ZmUxMGU0ODFmNTp7ImlkX2xpc3QiOltdLCJjb21tZW50X2lkcyI6WzFdLCJwaWQiOjIsInVuYW1lIjoiUlVOTklOR18wMDcifQ==','2018-11-13 02:16:44.125000'),('aaabuoszson8obru7vmzr5i469hj0ndt','ODU5ZTcyOTgyM2QxYTg4OGMxNGViOGU0NDBhODFhNTIzMGY3ZTQ2ODp7ImlkX2xpc3QiOlsiOCJdLCJtb2RpZnlfaWQiOiIyIiwicGlkIjoxLCJ1bmFtZSI6InJ1bm5pbmcifQ==','2018-11-03 05:32:21.409000'),('an9mw17qki6mn885qahjtq7jul4yug3a','NjA3MjU2MTBiZjZjY2ZmMTUzOTg5NmYzZGFiOWFlMWQ0OWMwM2U2Mzp7Im1vZGlmeV9pZCI6IjEwIiwidW5hbWUiOiJSVU5OSU5HXzAwNyIsImNvbW1lbnRfaWRzIjpbXSwicGlkIjoyfQ==','2018-11-10 02:03:45.528000'),('aourtv2p7nd2w5c4vil34c0x2vrtfuo6','Y2E3MjU5MGU1MGEzNzMzN2M4NTA2OTcyZmQ3OGRhZGJkOGQ4NGEwOTp7InVuYW1lIjoiUlVOTklOR18wMDciLCJwaWQiOjJ9','2018-11-13 08:39:44.868883'),('at44ttowgi4hywjdexan9oawjg7dwm6e','Mzk0Y2RkNmUzNjg0MTg4NDVmOGY4ODJmMjkzMjgyNzQxODUxYTRkMTp7ImlkX2xpc3QiOlsiMSJdfQ==','2018-11-08 14:00:36.486000'),('aykdjznef2mdujc0gntp4j0n5av1rwe5','ZWM5MzJlMTdjMDJmNGJmMDJjYmRkMWY3M2U0MWMzODY3ZTk5ZWJmNjp7ImNvbW1lbnRfaWRzIjpbNV0sIl9hdXRoX3VzZXJfaWQiOiIzIiwiaWRfbGlzdCI6W10sInBpZCI6MiwiX2F1dGhfdXNlcl9iYWNrZW5kIjoiZGphbmdvLmNvbnRyaWIuYXV0aC5iYWNrZW5kcy5Nb2RlbEJhY2tlbmQiLCJ1bmFtZSI6IlJVTk5JTkdfMDA3IiwiX2F1dGhfdXNlcl9oYXNoIjoiMWUxOGMwZTlkZGU5MmNlMGM3OWFlZGZlMjVlYzYzNjEyNDMxM2ExZiJ9','2018-11-10 08:34:45.412000'),('b46wjm1g6lkbk01zydq0rozghx3g3lyz','ZWFjNWQwNzZhNzZmNjM5ZGFjOTQxNTRlNTkyNmJhYjVmZDA0OGQxNTp7ImlkX2xpc3QiOlsiMSIsIjQiLCIyIl19','2018-11-11 12:54:37.594000'),('bc16bg5xbtr1mz96s8bqfvdxihu5wtk8','YTEzNjliMzU2YTMwNTIyNDhlYTlkNWNiZjJkNDg3MjM5YTY2NDk0Mjp7InVuYW1lIjoiUlVOTklOR18wMDciLCJtb2RpZnlfaWQiOiIxMSIsInBpZCI6Mn0=','2018-11-13 03:44:50.120000'),('bqvufsh5uiq0boaf1vod75y8uwa71o65','YTRlMzFjZmUzODg3ZmIyZmVhNDg1OGVjYzE1N2JiMDg3MDcyNGI2ZDp7ImlkX2xpc3QiOlsiNSIsIjExIiwiMzciLCIzNiJdLCJwaWQiOjIsInVuYW1lIjoiMTIzNDU2In0=','2018-11-02 07:01:14.140000'),('c4cpll9begguedr3l96ifp2tzuixg1df','N2FhMmMxNTQ4NTk5NjQ5YzJiOWVhNmFlNWMxMzZjMmExZGM1MjMxMjp7ImlkX2xpc3QiOlsiMiJdLCJfYXV0aF91c2VyX2hhc2giOiIxZTE4YzBlOWRkZTkyY2UwYzc5YWVkZmUyNWVjNjM2MTI0MzEzYTFmIiwiX2F1dGhfdXNlcl9iYWNrZW5kIjoiZGphbmdvLmNvbnRyaWIuYXV0aC5iYWNrZW5kcy5Nb2RlbEJhY2tlbmQiLCJfYXV0aF91c2VyX2lkIjoiMyJ9','2018-11-09 07:07:45.537000'),('c8km5ap2i0ezyh1r7op9hzicb4orb1rv','YTEzMmM0YzNkNGUzOWJjMDc3ZWRkZWZlMTkwNTM4MGY2ZGJmZDhmYzp7ImlkX2xpc3QiOltdLCJwaWQiOjIsInVuYW1lIjoiUlVOTklOR18wMDcifQ==','2018-11-08 00:59:38.395000'),('czbbc15b577wqz1zxscbnuvdf0p5f7uw','ZmZiMTQxMjdhMDllYzhjMWQ1YjY4MjU1NDlmY2JhOTNiZjlkYjYwNzp7ImlkX2xpc3QiOlsiMiJdfQ==','2018-11-09 06:25:51.363000'),('d8rkn7o2ta60xf2npy9jeyal5zw6jyhn','MTg3NDZiYzczNDFiODg3YjkxNjg2OTk2MzIyNWE0ZDliYTNmOTEyMzp7InVuYW1lIjoiUlVOTklOR18wMDciLCJjb21tZW50X2lkcyI6WzE0XSwicGlkIjoyfQ==','2018-11-11 11:32:50.658000'),('dt9pnzuy14dtekkrgwrqqe93i8nfq1ra','NWQ1MWIyMjE0YWIzODM3YzE5MGZlZTM3ZDAwMGQzMjNmZjIyODk4Nzp7InVuYW1lIjoicnVubmluZyIsInBpZCI6MX0=','2018-11-03 01:19:55.654000'),('dttqk199ij5zayewt1hj762ymh5b586n','NDNhM2Q3ZWM0YmI0MDE3Y2I3NjdhMWI0NTZkNmI4YTgyMmY2YmViMjp7InVuYW1lIjoiMTIzNDU2IiwiX2F1dGhfdXNlcl9oYXNoIjoiZmQ3NjkxNGQyNmNmNjMzZTg4ZmUyZGYyZmJiNzhkMmNjYjcwZDMzNSIsInBpZCI6MiwiX2F1dGhfdXNlcl9iYWNrZW5kIjoiZGphbmdvLmNvbnRyaWIuYXV0aC5iYWNrZW5kcy5Nb2RlbEJhY2tlbmQiLCJfYXV0aF91c2VyX2lkIjoiMSJ9','2018-11-02 08:45:27.900000'),('e55ndf57gi734jqq7reg42g706uhz0sp','Y2E3MjU5MGU1MGEzNzMzN2M4NTA2OTcyZmQ3OGRhZGJkOGQ4NGEwOTp7InVuYW1lIjoiUlVOTklOR18wMDciLCJwaWQiOjJ9','2018-11-10 02:45:13.319000'),('eoa7eiq9fi1q1o0xe3rbjef35b5qvkkg','NWQ1MWIyMjE0YWIzODM3YzE5MGZlZTM3ZDAwMGQzMjNmZjIyODk4Nzp7InVuYW1lIjoicnVubmluZyIsInBpZCI6MX0=','2018-11-02 14:16:39.670000'),('eok00tekfwohiwg7yptz1zi7rlsuwqva','NWQ1MWIyMjE0YWIzODM3YzE5MGZlZTM3ZDAwMGQzMjNmZjIyODk4Nzp7InVuYW1lIjoicnVubmluZyIsInBpZCI6MX0=','2018-11-02 11:21:32.542000'),('es30r9iednw0vy21j1k2pp7e08dp2csv','Y2E3MjU5MGU1MGEzNzMzN2M4NTA2OTcyZmQ3OGRhZGJkOGQ4NGEwOTp7InVuYW1lIjoiUlVOTklOR18wMDciLCJwaWQiOjJ9','2018-11-13 02:49:24.311000'),('flr3yyxl7293yi8w5ucqhjouchsbexwv','NzE3MTc5ZTc3ZDVjYTQwZTA0ZmJmYWVjMzExZTA2YTVhOWMzMDMyMzp7ImlkX2xpc3QiOlsiMTgiLCIxMyJdfQ==','2018-11-07 10:48:55.321000'),('fsm1c6sk5nlduyi8q0t75i0rzrhpf5qu','Y2EwNGE4M2ZjMjYwNzQ1ZjhiN2I1ZDk5MzI0NzllODliMDY5NWQ1MDp7InVuYW1lIjoicnVubmluZyIsIm1vZGlmeV9pZCI6IjIiLCJwaWQiOjEsImlkX2xpc3QiOlsiNCIsIjEwIiwiMSIsIjMiLCI5Il19','2018-11-05 10:57:46.393000'),('g1cemumlyo1495qtbi6hfz57hqrxrx68','ZmZiMTQxMjdhMDllYzhjMWQ1YjY4MjU1NDlmY2JhOTNiZjlkYjYwNzp7ImlkX2xpc3QiOlsiMiJdfQ==','2018-11-11 12:50:51.576000'),('g8sw9ydml7rp16u8p0tuhe3w68wpq9b4','MDAzMmM2ZjY1MTg2ZmQ3NDFiYjkxZmNhNjg1MzIzMWU4YjI1NGU2Nzp7ImlkX2xpc3QiOlsiMiIsIjEiXX0=','2018-11-09 06:32:19.713000'),('gvu1oi8cfgcotr8jlutrmx7kpnx62nld','ZmZiMTQxMjdhMDllYzhjMWQ1YjY4MjU1NDlmY2JhOTNiZjlkYjYwNzp7ImlkX2xpc3QiOlsiMiJdfQ==','2018-11-09 06:38:56.325000'),('hn7k59xutbiqug95id7fq0xsgdh7y9t5','OWM3NTQwNTkyMzJhMTE3M2YyMzUxOGMwOTNkYTdjOWJlNjUxOWYzYTp7ImlkX2xpc3QiOltdLCJjb21tZW50X2lkcyI6WzE3LDE2XSwicGlkIjoyLCJ1bmFtZSI6IlJVTk5JTkdfMDA3In0=','2018-11-11 13:26:45.164000'),('htgd17flrnkgve5o0zhelpo2x0ds9fjx','Y2E3MjU5MGU1MGEzNzMzN2M4NTA2OTcyZmQ3OGRhZGJkOGQ4NGEwOTp7InVuYW1lIjoiUlVOTklOR18wMDciLCJwaWQiOjJ9','2018-11-07 12:22:13.826000'),('hxkvboepwkdhhp5d37j4ko71x1064cuf','YTEzMmM0YzNkNGUzOWJjMDc3ZWRkZWZlMTkwNTM4MGY2ZGJmZDhmYzp7ImlkX2xpc3QiOltdLCJwaWQiOjIsInVuYW1lIjoiUlVOTklOR18wMDcifQ==','2018-11-08 11:46:43.148000'),('ikvdayh2jeueaxv2dxtw4tvkax79kno4','NzUxNDg2NjdhYzg3YjEzMzE5MzBjZGE1OGRlNjU5NjA0NTYwMWZjNDp7InVuYW1lIjoicnVubmluZyIsIm1vZGlmeV9pZCI6IjEiLCJwaWQiOjF9','2018-11-03 01:26:32.197000'),('j5126edvbib49t51494wvjvghmz0l7xg','YTEzMmM0YzNkNGUzOWJjMDc3ZWRkZWZlMTkwNTM4MGY2ZGJmZDhmYzp7ImlkX2xpc3QiOltdLCJwaWQiOjIsInVuYW1lIjoiUlVOTklOR18wMDcifQ==','2018-11-08 11:24:01.292000'),('jjpjvw4xbv5vqwjktd8ys0e0t9qyng7g','Y2E3MjU5MGU1MGEzNzMzN2M4NTA2OTcyZmQ3OGRhZGJkOGQ4NGEwOTp7InVuYW1lIjoiUlVOTklOR18wMDciLCJwaWQiOjJ9','2018-11-08 12:54:07.536000'),('jwu566vd1ygeaqqrav2hklh1dn674ebe','Mzk0Y2RkNmUzNjg0MTg4NDVmOGY4ODJmMjkzMjgyNzQxODUxYTRkMTp7ImlkX2xpc3QiOlsiMSJdfQ==','2018-11-08 00:42:24.379000'),('jwuzip10tcwbymj2895jhw8ypof7zinb','ZmZiMTQxMjdhMDllYzhjMWQ1YjY4MjU1NDlmY2JhOTNiZjlkYjYwNzp7ImlkX2xpc3QiOlsiMiJdfQ==','2018-11-09 05:53:24.160000'),('k1iduz9xqsmdvztpkp6cldgbfoflb7tq','Y2E3MjU5MGU1MGEzNzMzN2M4NTA2OTcyZmQ3OGRhZGJkOGQ4NGEwOTp7InVuYW1lIjoiUlVOTklOR18wMDciLCJwaWQiOjJ9','2018-11-09 10:40:15.739000'),('ki0ypmlq0jozcgwnpu8yon3gwjt9ysg6','ZmZiMTQxMjdhMDllYzhjMWQ1YjY4MjU1NDlmY2JhOTNiZjlkYjYwNzp7ImlkX2xpc3QiOlsiMiJdfQ==','2018-11-09 06:13:46.401000'),('ku2ev99143gctkuqy0i61yl5qpzr2qak','Y2E3MjU5MGU1MGEzNzMzN2M4NTA2OTcyZmQ3OGRhZGJkOGQ4NGEwOTp7InVuYW1lIjoiUlVOTklOR18wMDciLCJwaWQiOjJ9','2018-11-07 14:38:00.074000'),('kvbbynznvtwsjbhncealvjoedin52u45','NmJjNGVhYjcyMDhhODIwYTQzOTQ4NWRlYWExYmQ4Y2E0Mjk0YmVlMDp7InVuYW1lIjoiUlVOTklOR18wMDciLCJtb2RpZnlfaWQiOiI5IiwicGlkIjoyLCJpZF9saXN0IjpbIjEiXX0=','2018-11-06 11:50:07.520000'),('kwu3d36pwsm1zi8dmd0zp4scwp2ttfyb','Y2E3MjU5MGU1MGEzNzMzN2M4NTA2OTcyZmQ3OGRhZGJkOGQ4NGEwOTp7InVuYW1lIjoiUlVOTklOR18wMDciLCJwaWQiOjJ9','2018-11-09 08:54:42.048000'),('lhpxcvehx1yqnqbxib41obvogwwcsnt4','Y2E3MjU5MGU1MGEzNzMzN2M4NTA2OTcyZmQ3OGRhZGJkOGQ4NGEwOTp7InVuYW1lIjoiUlVOTklOR18wMDciLCJwaWQiOjJ9','2018-11-04 13:07:01.013000'),('lk36a4qdqo0e7b3gvc9x44kigv7r8p6e','NjI0ZmE5OGNkZjNmNzYxNjE5OWM3MzkzYzFlNjA2ZjQyYTg2ZDU1NDp7ImlkX2xpc3QiOltdLCJtb2RpZnlfaWQiOiIxMCIsInBpZCI6MiwidW5hbWUiOiJSVU5OSU5HXzAwNyIsInNoaXBwaW5nX2FkZHJlc3MiOiIxMCJ9','2018-11-09 07:43:13.037000'),('lnwhvv0tr4lv2almrrg4dep58yjfcim9','ZmZiMTQxMjdhMDllYzhjMWQ1YjY4MjU1NDlmY2JhOTNiZjlkYjYwNzp7ImlkX2xpc3QiOlsiMiJdfQ==','2018-11-09 02:39:22.476000'),('lpnlpnxbvplut3vkicbymcvi0vjazae3','MGUxZjQ3MjdlODdmZGQzYjY2ZDU2ZjJkMzgzMmVlM2E5NTlhMGUzOTp7Il9hdXRoX3VzZXJfaWQiOiIzIiwicGlkIjoyLCJfYXV0aF91c2VyX2JhY2tlbmQiOiJkamFuZ28uY29udHJpYi5hdXRoLmJhY2tlbmRzLk1vZGVsQmFja2VuZCIsInVuYW1lIjoiUlVOTklOR18wMDciLCJtb2RpZnlfaWQiOiIxMSIsInNoaXBwaW5nX2FkZHJlc3MiOm51bGwsIl9hdXRoX3VzZXJfaGFzaCI6IjFlMThjMGU5ZGRlOTJjZTBjNzlhZWRmZTI1ZWM2MzYxMjQzMTNhMWYifQ==','2018-11-09 12:21:02.897000'),('lpzpqcdaf1y9yic402wmv71djf9faaxy','NWUxNTA1M2ZmNmZiMzY5ZjA1MDkwOTcyMTY1OGI4YjU5NTA1MDIyYzp7InVuYW1lIjoiUlVOTklOR18wMDciLCJtb2RpZnlfaWQiOiI5IiwicGlkIjoyLCJzaGlwcGluZ19hZGRyZXNzIjoiOSJ9','2018-11-12 11:19:09.264388'),('lvz05hxaxgu2lkroc71dyafqljmt9v2f','NWQ1MWIyMjE0YWIzODM3YzE5MGZlZTM3ZDAwMGQzMjNmZjIyODk4Nzp7InVuYW1lIjoicnVubmluZyIsInBpZCI6MX0=','2018-11-03 01:17:48.045000'),('lwe4mtk9u6hdxr0w98tu7vvcc52zzsby','ODU4MWFhMjU3ZmFiZjQyOTczODMwODFhOTAzMGQ3ZGVjNzI0ODRmMzp7ImlkX2xpc3QiOlsiMjIiLCIyMSIsIjMyIiwiMjMiXSwibW9kaWZ5X2lkIjoiMTIiLCJwaWQiOjIsInVuYW1lIjoiUlVOTklOR18wMDciLCJzaGlwcGluZ19hZGRyZXNzIjoiMTEifQ==','2018-11-07 06:42:02.017000'),('m865og6mx66qw75omqat8ygvej0469gp','ZmZiMTQxMjdhMDllYzhjMWQ1YjY4MjU1NDlmY2JhOTNiZjlkYjYwNzp7ImlkX2xpc3QiOlsiMiJdfQ==','2018-11-09 06:57:19.892000'),('m8k968ai84qy3kwepqfsolulafnu5nej','MmNlZmJjNzliODA2YzhjZTI3ODdhNTVhMTc4NjA0ZGE3OGVkNzYyZjp7ImlkX2xpc3QiOlsiNSJdfQ==','2018-11-07 13:25:03.005000'),('mcln1nxmftchrzglbfo41kf60c491lmt','YTE2M2Y5OGMzZTA3YzM3ZDBkMDNkNDVjYzQ4NjcxNzI5ODBkMGIxYjp7InVuYW1lIjoiUlVOTklOR18wMDciLCJtb2RpZnlfaWQiOiIyIiwicGlkIjoyLCJpZF9saXN0IjpbIjMwIiwiMyJdfQ==','2018-11-05 13:01:27.174000'),('muhro13hca16lz5c8e1f9zufww9c8r82','ZDYxM2RhZjUzYzM5NWM4NmM4NzI3Nzg3ODUzNGIzMWRjMWRmYTIwYzp7ImlkX2xpc3QiOlsiMiIsIjQiLCIxIiwiNSJdLCJfYXV0aF91c2VyX2hhc2giOiIxZTE4YzBlOWRkZTkyY2UwYzc5YWVkZmUyNWVjNjM2MTI0MzEzYTFmIiwiX2F1dGhfdXNlcl9pZCI6IjMiLCJfYXV0aF91c2VyX2JhY2tlbmQiOiJkamFuZ28uY29udHJpYi5hdXRoLmJhY2tlbmRzLk1vZGVsQmFja2VuZCJ9','2018-11-09 01:40:04.594000'),('mvo25b5nno577sy5q3jakh7ro6a927bh','ZmZiMTQxMjdhMDllYzhjMWQ1YjY4MjU1NDlmY2JhOTNiZjlkYjYwNzp7ImlkX2xpc3QiOlsiMiJdfQ==','2018-11-09 06:01:50.723000'),('mw3dklpqevbqs3vc4zf4o7tucyfir718','YTEzMmM0YzNkNGUzOWJjMDc3ZWRkZWZlMTkwNTM4MGY2ZGJmZDhmYzp7ImlkX2xpc3QiOltdLCJwaWQiOjIsInVuYW1lIjoiUlVOTklOR18wMDcifQ==','2018-11-08 11:41:24.100000'),('mzo2i6fmp7ipo857vo9ay50m5tray82o','ZmZiMTQxMjdhMDllYzhjMWQ1YjY4MjU1NDlmY2JhOTNiZjlkYjYwNzp7ImlkX2xpc3QiOlsiMiJdfQ==','2018-11-11 12:28:40.713000'),('n12yelgkg6qobyvce4x4fg68wa7eqsdh','NzUxNDg2NjdhYzg3YjEzMzE5MzBjZGE1OGRlNjU5NjA0NTYwMWZjNDp7InVuYW1lIjoicnVubmluZyIsIm1vZGlmeV9pZCI6IjEiLCJwaWQiOjF9','2018-11-03 01:41:52.467000'),('ncnbtggb6fbpuw4pq05p2vmpk2zmee58','Mzk0Y2RkNmUzNjg0MTg4NDVmOGY4ODJmMjkzMjgyNzQxODUxYTRkMTp7ImlkX2xpc3QiOlsiMSJdfQ==','2018-11-08 13:29:10.944000'),('npbpg60uihe8ni3i4kev0qkv8vtpy6sz','YTEzMmM0YzNkNGUzOWJjMDc3ZWRkZWZlMTkwNTM4MGY2ZGJmZDhmYzp7ImlkX2xpc3QiOltdLCJwaWQiOjIsInVuYW1lIjoiUlVOTklOR18wMDcifQ==','2018-11-07 13:25:58.355000'),('o24l4pwuzsh78391js9a0aiz5hqjd82f','NWQ1MWIyMjE0YWIzODM3YzE5MGZlZTM3ZDAwMGQzMjNmZjIyODk4Nzp7InVuYW1lIjoicnVubmluZyIsInBpZCI6MX0=','2018-11-02 10:10:08.926000'),('ovgx09t8el9srl9ev3lhedtasprojywq','MDAzMmM2ZjY1MTg2ZmQ3NDFiYjkxZmNhNjg1MzIzMWU4YjI1NGU2Nzp7ImlkX2xpc3QiOlsiMiIsIjEiXX0=','2018-11-09 02:57:42.849000'),('ox9dfesgextha88izkbwa98t5usrpf51','YTEzMmM0YzNkNGUzOWJjMDc3ZWRkZWZlMTkwNTM4MGY2ZGJmZDhmYzp7ImlkX2xpc3QiOltdLCJwaWQiOjIsInVuYW1lIjoiUlVOTklOR18wMDcifQ==','2018-11-08 00:58:20.288000'),('pbjqcy1q2305m6ykbyecv0xgnlkxbm7r','MzE3Yjc2NzNkMGIwZjE5ZGQ0NTQ2YTIxYmQwYTM0NzhjNWIyN2EwNDp7InVuYW1lIjoiUlVOTklOR18wMDciLCJjb21tZW50X2lkcyI6WzVdLCJwaWQiOjJ9','2018-11-11 10:45:47.772000'),('q851s3ab0vooi16izr9hrx8esjddpmkj','Y2E3MjU5MGU1MGEzNzMzN2M4NTA2OTcyZmQ3OGRhZGJkOGQ4NGEwOTp7InVuYW1lIjoiUlVOTklOR18wMDciLCJwaWQiOjJ9','2018-11-07 12:59:50.142000'),('qcgp4w5mvwlz4kx6vcwbw8evnthhv0kl','OGZhOGEwNzNiMDYwNmZmMmY2NjA2MmRkMzAyZTM4ZjI1MDk5YzBiMDp7Il9hdXRoX3VzZXJfaWQiOiIyIiwidW5hbWUiOiJSVU5OSU5HXzAwNyIsInBpZCI6MiwiX2F1dGhfdXNlcl9iYWNrZW5kIjoiZGphbmdvLmNvbnRyaWIuYXV0aC5iYWNrZW5kcy5Nb2RlbEJhY2tlbmQiLCJpZF9saXN0IjpbIjIzIiwiMzYiLCIzNyIsIjQiLCI4Il0sIm1vZGlmeV9pZCI6IjExIiwic2hpcHBpbmdfYWRkcmVzcyI6IjEyIiwiX2F1dGhfdXNlcl9oYXNoIjoiMDVkMGQ2YWIzMGM4MmExOGViNjIwNzdjZDE3NjAyYzA1MDY5NDE2NSJ9','2018-11-07 03:28:02.712000'),('qgedbdt5htpkac0unb0a7jlzk5al9paw','YTEzNjliMzU2YTMwNTIyNDhlYTlkNWNiZjJkNDg3MjM5YTY2NDk0Mjp7InVuYW1lIjoiUlVOTklOR18wMDciLCJtb2RpZnlfaWQiOiIxMSIsInBpZCI6Mn0=','2018-11-13 06:02:05.667000'),('qm5t7duxc7c668lxihluwwopclwzg735','MDVhYzJjMDY0YzVhZTQyYTg3NTg5YjgwN2QxMzgxYmZjN2M1ODI1Nzp7Il9hdXRoX3VzZXJfaGFzaCI6ImZkNzY5MTRkMjZjZjYzM2U4OGZlMmRmMmZiYjc4ZDJjY2I3MGQzMzUiLCJfYXV0aF91c2VyX2JhY2tlbmQiOiJkamFuZ28uY29udHJpYi5hdXRoLmJhY2tlbmRzLk1vZGVsQmFja2VuZCIsIl9hdXRoX3VzZXJfaWQiOiIxIn0=','2018-11-01 14:24:14.707000'),('rlr0tb8jpkx8nhwgracabnsvgid9n22o','MGUyNGM2OTI3NGVjYTU4NzlhZmZjOWM4NTMwMTI5MjY2ZjBhMDQ5ODp7InVuYW1lIjoiUlVOTklOR18wMDciLCJtb2RpZnlfaWQiOiIxMCIsInBpZCI6Mn0=','2018-11-08 12:47:03.326000'),('rp4dps4h7gj7l2d715aqdv5t2pid235x','M2RkOGNmZmVhNWNlZWI2YjBmZmZmMGMwNzc3Mjk2MmIwZTliY2Y2Yjp7InVuYW1lIjoiUlVOTklOR18wMDciLCJwaWQiOjIsImlkX2xpc3QiOltdLCJtb2RpZnlfaWQiOiIxMSIsInNoaXBwaW5nX2FkZHJlc3MiOiIxMSIsImNvbW1lbnRfaWRzIjpbMiwxLDRdfQ==','2018-11-14 03:06:15.464475'),('rz06fmjkvs06lqpr2gx7skqn36vugcbq','NTE5ZTY1ZWRmODE0ZTBmYTFjMzQ2NTEwYmQ5NmVkMTlmYTcxNjEyMjp7ImlkX2xpc3QiOlsiOCIsIjIzIiwiMTgiLCIzMCIsIjMxIl0sIl9hdXRoX3VzZXJfaGFzaCI6ImZkNzY5MTRkMjZjZjYzM2U4OGZlMmRmMmZiYjc4ZDJjY2I3MGQzMzUiLCJfYXV0aF91c2VyX2lkIjoiMSIsIl9hdXRoX3VzZXJfYmFja2VuZCI6ImRqYW5nby5jb250cmliLmF1dGguYmFja2VuZHMuTW9kZWxCYWNrZW5kIn0=','2018-11-02 06:18:02.894000'),('s3w5jl55u0uevz8bjyha03j7clmim741','MmEzMGM5ZTdmMjNjYjU3ZDIzOTQwZTZmMTYyNWY4ODAxNjFlNTE5Yjp7InVuYW1lIjoiUlVOTklOR18wMDciLCJtb2RpZnlfaWQiOiIxMSIsInBpZCI6Miwic2hpcHBpbmdfYWRkcmVzcyI6IjExIn0=','2018-11-10 05:51:48.930000'),('s5s2gqrtw0l3o2gtiavvohei1pdp0kof','MGUyNGM2OTI3NGVjYTU4NzlhZmZjOWM4NTMwMTI5MjY2ZjBhMDQ5ODp7InVuYW1lIjoiUlVOTklOR18wMDciLCJtb2RpZnlfaWQiOiIxMCIsInBpZCI6Mn0=','2018-11-04 12:37:52.307000'),('sa2oy3vdvoi5br1mcrrg1gh880jmamk9','Y2E3MjU5MGU1MGEzNzMzN2M4NTA2OTcyZmQ3OGRhZGJkOGQ4NGEwOTp7InVuYW1lIjoiUlVOTklOR18wMDciLCJwaWQiOjJ9','2018-11-13 02:43:47.863000'),('teuxzaacc6qs4ah8eqjs1caf7yro033z','Y2E3MjU5MGU1MGEzNzMzN2M4NTA2OTcyZmQ3OGRhZGJkOGQ4NGEwOTp7InVuYW1lIjoiUlVOTklOR18wMDciLCJwaWQiOjJ9','2018-11-09 10:34:00.624000'),('tubq2nwacg6ytgchxlpiv5cmfjznxviu','MjZkMmJkZDM4ZmY4MzRkZmU2NDdmZjYzODgxYTViMTkyMzBlODVlNTp7InVuYW1lIjoiUlVOTklOR18wMDciLCJtb2RpZnlfaWQiOiIxMCIsInBpZCI6MiwiaWRfbGlzdCI6WyIxMSJdfQ==','2018-11-04 13:01:29.475000'),('tvzt32qmq9igww0tevjs416r8c8syylf','Mzk0Y2RkNmUzNjg0MTg4NDVmOGY4ODJmMjkzMjgyNzQxODUxYTRkMTp7ImlkX2xpc3QiOlsiMSJdfQ==','2018-11-08 13:35:42.808000'),('tyjy6b8fblv1hp3oe25hf5ov0ijc7ug0','YmUyY2JkOGFkMTQzY2Y2NGM0ZDRjYWU1NDAwMWYwZDNlMmY1YjgzOTp7InVuYW1lIjoiMTIzNDU2IiwicGlkIjoyLCJpZF9saXN0IjpbIjMxIiwiMTYiLCIyOCIsIjI5IiwiMzAiXX0=','2018-11-02 03:20:12.148000'),('u89qrc0rtz96kei9extb662fxxhb6b4f','NWQ1MWIyMjE0YWIzODM3YzE5MGZlZTM3ZDAwMGQzMjNmZjIyODk4Nzp7InVuYW1lIjoicnVubmluZyIsInBpZCI6MX0=','2018-11-06 02:00:59.059000'),('u8eo8e2wmon938n6z9man22jei25hks3','Mzk0Y2RkNmUzNjg0MTg4NDVmOGY4ODJmMjkzMjgyNzQxODUxYTRkMTp7ImlkX2xpc3QiOlsiMSJdfQ==','2018-11-08 13:38:02.642000'),('v6fx3edcw0uxt0ap8c1cluq8v7wtcjrn','MmY4YmIzZWIyZmY2ZTI5MTgzYzUyMWIzZjNlZWE3OTVjYjlkODYxYTp7InVuYW1lIjoiUlVOTklOR18wMDciLCJjb21tZW50X2lkcyI6WzIyXSwicGlkIjoyfQ==','2018-11-11 11:16:32.513000'),('vffy0990pc8kua3u5f6pzuuvqfi4ybao','NWQ1MWIyMjE0YWIzODM3YzE5MGZlZTM3ZDAwMGQzMjNmZjIyODk4Nzp7InVuYW1lIjoicnVubmluZyIsInBpZCI6MX0=','2018-11-02 14:14:55.103000'),('vpc7lse800zer29ls0modxnfyl7jabkh','NzUxNDg2NjdhYzg3YjEzMzE5MzBjZGE1OGRlNjU5NjA0NTYwMWZjNDp7InVuYW1lIjoicnVubmluZyIsIm1vZGlmeV9pZCI6IjEiLCJwaWQiOjF9','2018-11-03 07:07:44.565000'),('vx1zctv24oiqlfo6kw2m6kfgizvhf2hf','NmM5ZWUwNmI0NTcyODYzY2MyYjgyNjI2M2FhOTBmZTYwZTEzMWUzZTp7InVuYW1lIjoicnVubmluZyIsIm1vZGlmeV9pZCI6IjYiLCJwaWQiOjEsImlkX2xpc3QiOlsiNyIsIjEzIiwiMyIsIjQiLCIzNSJdfQ==','2018-11-03 02:17:39.683000'),('w6j11y3r0sdls341y6l2d5ce9wvj3be0','OWNiYTI3NGU3Y2NkOGEzODUzOWU0MzE1NzU4YTgxM2M2NDA0MmU0MTp7Il9hdXRoX3VzZXJfaWQiOiIxIiwiaWRfbGlzdCI6WyIzIiwiNCIsIjUiLCIxIiwiOCJdLCJwaWQiOjIsIl9hdXRoX3VzZXJfYmFja2VuZCI6ImRqYW5nby5jb250cmliLmF1dGguYmFja2VuZHMuTW9kZWxCYWNrZW5kIiwidW5hbWUiOiJSVU5OSU5HXzAwNyIsIm1vZGlmeV9pZCI6IjExIiwiX2F1dGhfdXNlcl9oYXNoIjoiZmQ3NjkxNGQyNmNmNjMzZTg4ZmUyZGYyZmJiNzhkMmNjYjcwZDMzNSJ9','2018-11-06 09:38:17.261000'),('w7mfvz2tj535forb4ncj5kq8of3843sy','YWY3NTM5MDg4ZDhjNzQwNzgzZmYxMWRiNWMzZTAzNTViZmQwMTRkMzp7InVuYW1lIjoiUlVOTklOR18wMDciLCJtb2RpZnlfaWQiOiIxMCIsInBpZCI6MiwiY29tbWVudF9pZHMiOlsxXX0=','2018-11-13 03:14:50.815000'),('wa3rin82gdjqqp7rixmbnqfl6am4fe43','Y2E3MjU5MGU1MGEzNzMzN2M4NTA2OTcyZmQ3OGRhZGJkOGQ4NGEwOTp7InVuYW1lIjoiUlVOTklOR18wMDciLCJwaWQiOjJ9','2018-11-08 11:58:37.825000'),('wj8m38bl8tvefw5e3fqqse6fmrqcfcbf','YTEzNjliMzU2YTMwNTIyNDhlYTlkNWNiZjJkNDg3MjM5YTY2NDk0Mjp7InVuYW1lIjoiUlVOTklOR18wMDciLCJtb2RpZnlfaWQiOiIxMSIsInBpZCI6Mn0=','2018-11-13 06:24:04.324000'),('wsmvapckeb7kw9pky87cglutpvncwj74','YmQ4OWZkZDUyMDNmOWQ4NzMzNmFkNDhlMzBiNDdiZjBhYjNmMWJjZTp7Il9hdXRoX3VzZXJfaWQiOiIzIiwidW5hbWUiOiJSVU5OSU5HXzAwNyIsInBpZCI6MiwiX2F1dGhfdXNlcl9iYWNrZW5kIjoiZGphbmdvLmNvbnRyaWIuYXV0aC5iYWNrZW5kcy5Nb2RlbEJhY2tlbmQiLCJpZF9saXN0IjpbXSwiX2F1dGhfdXNlcl9oYXNoIjoiMWUxOGMwZTlkZGU5MmNlMGM3OWFlZGZlMjVlYzYzNjEyNDMxM2ExZiJ9','2018-11-13 00:54:01.868000'),('x0wd7cel2x77an48rxdocqgelbwfq3by','MDVhYzJjMDY0YzVhZTQyYTg3NTg5YjgwN2QxMzgxYmZjN2M1ODI1Nzp7Il9hdXRoX3VzZXJfaGFzaCI6ImZkNzY5MTRkMjZjZjYzM2U4OGZlMmRmMmZiYjc4ZDJjY2I3MGQzMzUiLCJfYXV0aF91c2VyX2JhY2tlbmQiOiJkamFuZ28uY29udHJpYi5hdXRoLmJhY2tlbmRzLk1vZGVsQmFja2VuZCIsIl9hdXRoX3VzZXJfaWQiOiIxIn0=','2018-11-01 11:53:58.506000'),('x1n3cctgmck329bzqfu6jn185wftj27w','Y2E3MjU5MGU1MGEzNzMzN2M4NTA2OTcyZmQ3OGRhZGJkOGQ4NGEwOTp7InVuYW1lIjoiUlVOTklOR18wMDciLCJwaWQiOjJ9','2018-11-13 07:45:55.025565'),('x1wq6zcduxcwsla7y5nejvxcfdpp910b','Y2E3MjU5MGU1MGEzNzMzN2M4NTA2OTcyZmQ3OGRhZGJkOGQ4NGEwOTp7InVuYW1lIjoiUlVOTklOR18wMDciLCJwaWQiOjJ9','2018-11-12 10:01:37.635000'),('xwdchf66oggwjs963u31p4l3s5761lcw','ZmZiMTQxMjdhMDllYzhjMWQ1YjY4MjU1NDlmY2JhOTNiZjlkYjYwNzp7ImlkX2xpc3QiOlsiMiJdfQ==','2018-11-09 03:20:25.567000'),('y2pyzz2abxgex8c2jlbyzcgjh4ypt2zi','YjZjYzIyY2Q1MzNmZmE0YWNlZjQ4NTJiMzc1NjU2Y2VmNTI1MGEzMjp7InVuYW1lIjoiUlVOTklOR18wMDciLCJtb2RpZnlfaWQiOiI5IiwicGlkIjoyfQ==','2018-11-04 13:15:15.751000'),('z149f0e8wcjnnwjtizdngc37t379cyzm','NjBjZWM2OGM4MzNhYzExNDYzZDExMDE1ZTZmYWJkYzY5YTAwNGVhMjp7InVuYW1lIjoiUlVOTklOR18wMDciLCJjb21tZW50X2lkcyI6W10sInBpZCI6Mn0=','2018-11-10 05:29:10.676000'),('ztfb7ezninixlnsgevgvcuxqcl88sffl','ZmZiMTQxMjdhMDllYzhjMWQ1YjY4MjU1NDlmY2JhOTNiZjlkYjYwNzp7ImlkX2xpc3QiOlsiMiJdfQ==','2018-11-09 02:08:53.757000');
/*!40000 ALTER TABLE `django_session` ENABLE KEYS */;
UNLOCK TABLES;

--
-- Table structure for table `goodsinfo`
--

DROP TABLE IF EXISTS `goodsinfo`;
/*!40101 SET @saved_cs_client     = @@character_set_client */;
/*!40101 SET character_set_client = utf8 */;
CREATE TABLE `goodsinfo` (
  `id` int(11) NOT NULL AUTO_INCREMENT,
  `gtitle` varchar(20) NOT NULL,
  `ggoods_info` varchar(100) NOT NULL,
  `gimage` varchar(100) NOT NULL,
  `gweight` varchar(10) NOT NULL,
  `gprice` decimal(5,2) NOT NULL,
  `gclick` int(11) NOT NULL,
  `gintroduction` longtext NOT NULL,
  `gstore` varchar(20) NOT NULL,
  `isDelete` tinyint(1) NOT NULL,
  `gtype_id` int(11) NOT NULL,
  PRIMARY KEY (`id`),
  KEY `goodstest_goodsinfo_gtype_id_88cb6ef2_fk_goodstest` (`gtype_id`),
  CONSTRAINT `goodstest_goodsinfo_gtype_id_88cb6ef2_fk_goodstest` FOREIGN KEY (`gtype_id`) REFERENCES `categoryinfo` (`id`)
) ENGINE=InnoDB AUTO_INCREMENT=52 DEFAULT CHARSET=utf8;
/*!40101 SET character_set_client = @saved_cs_client */;

--
-- Dumping data for table `goodsinfo`
--

LOCK TABLES `goodsinfo` WRITE;
/*!40000 ALTER TABLE `goodsinfo` DISABLE KEYS */;
INSERT INTO `goodsinfo` VALUES (1,'蜜桔橘子高山桔子','现货发早青桔，，个大很甜，产地直销，皮薄汁多，无核无渣 欢迎企业家庭团购 可咨询客服','good_image/00001.jpg','4750g',98.00,141,'<ul id=\"parameter-brand\" class=\"p-parameter-list\" style=\"margin: 0px; padding: 20px 0px 0px; list-style: none; overflow: hidden; color: #666666; font-family: tahoma, arial, \'Microsoft YaHei\', \'Hiragino Sans GB\', u5b8bu4f53, sans-serif; font-size: 12px;\">\r\n<li style=\"margin: 0px 0px 5px; padding: 0px 0px 0px 42px; white-space: nowrap; text-overflow: ellipsis; overflow: hidden; width: 485px; float: left;\" title=\"轩品会\">品牌：&nbsp;<a style=\"margin: 0px; padding: 0px; color: #5e69ad; text-decoration-line: none;\" href=\"https://list.jd.com/list.html?cat=12218,12221,13567&amp;ev=exbrand_294782\" target=\"_blank\">轩品会</a></li>\r\n</ul>\r\n<ul class=\"parameter2 p-parameter-list\" style=\"margin: 0px; padding: 20px 0px 15px; list-style: none; overflow: hidden; color: #666666; font-family: tahoma, arial, \'Microsoft YaHei\', \'Hiragino Sans GB\', u5b8bu4f53, sans-serif; font-size: 12px;\">\r\n<li style=\"margin: 0px 0px 5px; padding: 0px 0px 0px 42px; white-space: nowrap; text-overflow: ellipsis; overflow: hidden; width: 200px; float: left;\" title=\"轩品会临海涌泉蜜桔橘子高山桔子无核薄皮黄岩蜜桔 3A 4750g礼盒装\">商品名称：轩品会临海涌泉蜜桔橘子高山桔子无核薄皮黄岩蜜桔 3A 4750g礼盒装</li>\r\n<li style=\"margin: 0px 0px 5px; padding: 0px 0px 0px 42px; white-space: nowrap; text-overflow: ellipsis; overflow: hidden; width: 200px; float: left;\" title=\"17744619231\">商品编号：17744619231</li>\r\n<li style=\"margin: 0px 0px 5px; padding: 0px 0px 0px 42px; white-space: nowrap; text-overflow: ellipsis; overflow: hidden; width: 200px; float: left;\" title=\"轩品会生鲜专营店\">店铺：&nbsp;<a style=\"margin: 0px; padding: 0px; color: #5e69ad; text-decoration-line: none;\" href=\"https://mall.jd.com/index-623202.html\" target=\"_blank\">轩品会生鲜专营店</a></li>\r\n<li style=\"margin: 0px 0px 5px; padding: 0px 0px 0px 42px; white-space: nowrap; text-overflow: ellipsis; overflow: hidden; width: 200px; float: left;\" title=\"1.0kg\">商品毛重：1.0kg</li>\r\n<li style=\"margin: 0px 0px 5px; padding: 0px 0px 0px 42px; white-space: nowrap; text-overflow: ellipsis; overflow: hidden; width: 200px; float: left;\" title=\"国产\">国产/进口：国产</li>\r\n<li style=\"margin: 0px 0px 5px; padding: 0px 0px 0px 42px; white-space: nowrap; text-overflow: ellipsis; overflow: hidden; width: 200px; float: left;\" title=\"蜜桔\">分类：蜜桔</li>\r\n<li style=\"margin: 0px 0px 5px; padding: 0px 0px 0px 42px; white-space: nowrap; text-overflow: ellipsis; overflow: hidden; width: 200px; float: left;\" title=\"4kg-6kg\">重量：4kg-6kg</li>\r\n</ul>','轩品会生鲜专营店',1,1),(2,'烟台红富士苹果','【坏果包赔】产地现摘现发，新鲜有保证，坏果包赔 【品质好果】优选精品大果，味美多汁，浓郁可口 【营养丰富】富含维C、膳食纤维、叶酸，小身材大营养！ 【健康美味】老人，小孩，女人皆可食用 【催熟指南】常','good_image/00002.jpg','1000g',29.00,1032,'<ul id=\"parameter-brand\" class=\"p-parameter-list\" style=\"margin: 0px; padding: 20px 0px 0px; list-style: none; overflow: hidden; color: #666666; font-family: tahoma, arial, \'Microsoft YaHei\', \'Hiragino Sans GB\', u5b8bu4f53, sans-serif; font-size: 12px;\">\r\n<li style=\"margin: 0px 0px 5px; padding: 0px 0px 0px 42px; white-space: nowrap; text-overflow: ellipsis; overflow: hidden; width: 485px; float: left;\" title=\"乡慕（XIANGMU）\">品牌：&nbsp;<a style=\"margin: 0px; padding: 0px; color: #5e69ad; text-decoration-line: none;\" href=\"https://list.jd.com/list.html?cat=12218,12221,13556&amp;ev=exbrand_339326\" target=\"_blank\">乡慕（XIANGMU）</a></li>\r\n</ul>\r\n<ul class=\"parameter2 p-parameter-list\" style=\"margin: 0px; padding: 20px 0px 15px; list-style: none; overflow: hidden; color: #666666; font-family: tahoma, arial, \'Microsoft YaHei\', \'Hiragino Sans GB\', u5b8bu4f53, sans-serif; font-size: 12px;\">\r\n<li style=\"margin: 0px 0px 5px; padding: 0px 0px 0px 42px; white-space: nowrap; text-overflow: ellipsis; overflow: hidden; width: 200px; float: left;\" title=\"四川红心猕猴桃 精选果 弥猴桃 京东生鲜 奇异果 单果重70-90g 24粒\">商品名称：四川红心猕猴桃 精选果 弥猴桃 京东生鲜 奇异果 单果重70-90g 24粒</li>\r\n<li style=\"margin: 0px 0px 5px; padding: 0px 0px 0px 42px; white-space: nowrap; text-overflow: ellipsis; overflow: hidden; width: 200px; float: left;\" title=\"31443396661\">商品编号：31443396661</li>\r\n<li style=\"margin: 0px 0px 5px; padding: 0px 0px 0px 42px; white-space: nowrap; text-overflow: ellipsis; overflow: hidden; width: 200px; float: left;\" title=\"乡慕旗舰店\">店铺：&nbsp;<a style=\"margin: 0px; padding: 0px; color: #5e69ad; text-decoration-line: none;\" href=\"https://mall.jd.com/index-792238.html\" target=\"_blank\">乡慕旗舰店</a></li>\r\n<li style=\"margin: 0px 0px 5px; padding: 0px 0px 0px 42px; white-space: nowrap; text-overflow: ellipsis; overflow: hidden; width: 200px; float: left;\" title=\"1.0kg\">商品毛重：1.0kg</li>\r\n<li style=\"margin: 0px 0px 5px; padding: 0px 0px 0px 42px; white-space: nowrap; text-overflow: ellipsis; overflow: hidden; width: 200px; float: left;\" title=\"中国大陆\">商品产地：中国大陆</li>\r\n<li style=\"margin: 0px 0px 5px; padding: 0px 0px 0px 42px; white-space: nowrap; text-overflow: ellipsis; overflow: hidden; width: 200px; float: left;\" title=\"猕猴桃\">货号：猕猴桃</li>\r\n<li style=\"margin: 0px 0px 5px; padding: 0px 0px 0px 42px; white-space: nowrap; text-overflow: ellipsis; overflow: hidden; width: 200px; float: left;\" title=\"国产\">国产/进口：国产</li>\r\n<li style=\"margin: 0px 0px 5px; padding: 0px 0px 0px 42px; white-space: nowrap; text-overflow: ellipsis; overflow: hidden; width: 200px; float: left;\" title=\"红心果\">分类：红心果</li>\r\n<li style=\"margin: 0px 0px 5px; padding: 0px 0px 0px 42px; white-space: nowrap; text-overflow: ellipsis; overflow: hidden; width: 200px; float: left;\" title=\"礼盒装\">包装：礼盒装</li>\r\n<li style=\"margin: 0px 0px 5px; padding: 0px 0px 0px 42px; white-space: nowrap; text-overflow: ellipsis; overflow: hidden; width: 200px; float: left;\" title=\"中国（四川）\">原产地：中国（四川）</li>\r\n</ul>','轩品会生鲜专营店',1,1),(3,'新疆红提','特级大蜜柚5.1元/枚，特价疯抢','good_image/00003.jpg','1000g',19.00,20,'<ul id=\"parameter-brand\" class=\"p-parameter-list\" style=\"margin: 0px; padding: 20px 0px 0px; list-style: none; overflow: hidden; color: #666666; font-family: tahoma, arial, \'Microsoft YaHei\', \'Hiragino Sans GB\', u5b8bu4f53, sans-serif; font-size: 12px;\">\r\n<li style=\"margin: 0px 0px 5px; padding: 0px 0px 0px 42px; white-space: nowrap; text-overflow: ellipsis; overflow: hidden; width: 485px; float: left;\" title=\"京东生鲜\">品牌：&nbsp;<a style=\"margin: 0px; padding: 0px; color: #5e69ad; text-decoration-line: none;\" href=\"https://list.jd.com/list.html?cat=12218,12221,13561&amp;ev=exbrand_226244\" target=\"_blank\">京东生鲜</a></li>\r\n</ul>\r\n<ul class=\"parameter2 p-parameter-list\" style=\"margin: 0px; padding: 20px 0px 15px; list-style: none; overflow: hidden; color: #666666; font-family: tahoma, arial, \'Microsoft YaHei\', \'Hiragino Sans GB\', u5b8bu4f53, sans-serif; font-size: 12px;\">\r\n<li style=\"margin: 0px 0px 5px; padding: 0px 0px 0px 42px; white-space: nowrap; text-overflow: ellipsis; overflow: hidden; width: 200px; float: left;\" title=\"京东生鲜国产红提 1kg装 新鲜水果\">商品名称：京东生鲜国产红提 1kg装 新鲜水果</li>\r\n<li style=\"margin: 0px 0px 5px; padding: 0px 0px 0px 42px; white-space: nowrap; text-overflow: ellipsis; overflow: hidden; width: 200px; float: left;\" title=\"7891717\">商品编号：7891717</li>\r\n<li style=\"margin: 0px 0px 5px; padding: 0px 0px 0px 42px; white-space: nowrap; text-overflow: ellipsis; overflow: hidden; width: 200px; float: left;\" title=\"1.0kg\">商品毛重：1.0kg</li>\r\n<li style=\"margin: 0px 0px 5px; padding: 0px 0px 0px 42px; white-space: nowrap; text-overflow: ellipsis; overflow: hidden; width: 200px; float: left;\" title=\"云南\">商品产地：云南</li>\r\n<li style=\"margin: 0px 0px 5px; padding: 0px 0px 0px 42px; white-space: nowrap; text-overflow: ellipsis; overflow: hidden; width: 200px; float: left;\" title=\"1kg-2kg\">重量：1kg-2kg</li>\r\n<li style=\"margin: 0px 0px 5px; padding: 0px 0px 0px 42px; white-space: nowrap; text-overflow: ellipsis; overflow: hidden; width: 200px; float: left;\" title=\"国产\">国产/进口：国产</li>\r\n<li style=\"margin: 0px 0px 5px; padding: 0px 0px 0px 42px; white-space: nowrap; text-overflow: ellipsis; overflow: hidden; width: 200px; float: left;\" title=\"红提\">分类：红提</li>\r\n<li style=\"margin: 0px 0px 5px; padding: 0px 0px 0px 42px; white-space: nowrap; text-overflow: ellipsis; overflow: hidden; width: 200px; float: left;\" title=\"简装\">包装：简装</li>\r\n<li style=\"margin: 0px 0px 5px; padding: 0px 0px 0px 42px; white-space: nowrap; text-overflow: ellipsis; overflow: hidden; width: 200px; float: left;\" title=\"中国大陆\">原产地：中国大陆</li>\r\n</ul>','轩品会生鲜专营店',1,1),(4,'金艳黄心猕猴桃金果','汁水充溢 甜蜜多汁 大口大口挖着吃 一天一个全家人都喜欢','good_image/00004.jpg','1400g',18.90,47,'<ul id=\"parameter-brand\" class=\"p-parameter-list\" style=\"margin: 0px; padding: 20px 0px 0px; list-style: none; overflow: hidden; color: #666666; font-family: tahoma, arial, \'Microsoft YaHei\', \'Hiragino Sans GB\', u5b8bu4f53, sans-serif; font-size: 12px;\">\r\n<li style=\"margin: 0px 0px 5px; padding: 0px 0px 0px 42px; white-space: nowrap; text-overflow: ellipsis; overflow: hidden; width: 485px; float: left;\" title=\"自然山（ZIRANSHAN）\">品牌：&nbsp;<a style=\"margin: 0px; padding: 0px; color: #5e69ad; text-decoration-line: none;\" href=\"https://list.jd.com/list.html?cat=12218,12221,13556&amp;ev=exbrand_347000\" target=\"_blank\">自然山（ZIRANSHAN）</a></li>\r\n</ul>\r\n<ul class=\"parameter2 p-parameter-list\" style=\"margin: 0px; padding: 20px 0px 15px; list-style: none; overflow: hidden; color: #666666; font-family: tahoma, arial, \'Microsoft YaHei\', \'Hiragino Sans GB\', u5b8bu4f53, sans-serif; font-size: 12px;\">\r\n<li style=\"margin: 0px 0px 5px; padding: 0px 0px 0px 42px; white-space: nowrap; text-overflow: ellipsis; overflow: hidden; width: 200px; float: left;\" title=\"第二份8.8 四川金艳黄心猕猴桃金果 12个大果 单果约80-110g 新鲜水果\">商品名称：第二份8.8 四川金艳黄心猕猴桃金果 12个大果 单果约80-110g 新鲜水果</li>\r\n<li style=\"margin: 0px 0px 5px; padding: 0px 0px 0px 42px; white-space: nowrap; text-overflow: ellipsis; overflow: hidden; width: 200px; float: left;\" title=\"31858501078\">商品编号：31858501078</li>\r\n<li style=\"margin: 0px 0px 5px; padding: 0px 0px 0px 42px; white-space: nowrap; text-overflow: ellipsis; overflow: hidden; width: 200px; float: left;\" title=\"自然山旗舰店\">店铺：&nbsp;<a style=\"margin: 0px; padding: 0px; color: #5e69ad; text-decoration-line: none;\" href=\"https://mall.jd.com/index-804047.html\" target=\"_blank\">自然山旗舰店</a></li>\r\n<li style=\"margin: 0px 0px 5px; padding: 0px 0px 0px 42px; white-space: nowrap; text-overflow: ellipsis; overflow: hidden; width: 200px; float: left;\" title=\"1.2kg\">商品毛重：1.2kg</li>\r\n<li style=\"margin: 0px 0px 5px; padding: 0px 0px 0px 42px; white-space: nowrap; text-overflow: ellipsis; overflow: hidden; width: 200px; float: left;\" title=\"中国大陆\">商品产地：中国大陆</li>\r\n<li style=\"margin: 0px 0px 5px; padding: 0px 0px 0px 42px; white-space: nowrap; text-overflow: ellipsis; overflow: hidden; width: 200px; float: left;\" title=\"1kg-2kg\">重量：1kg-2kg</li>\r\n<li style=\"margin: 0px 0px 5px; padding: 0px 0px 0px 42px; white-space: nowrap; text-overflow: ellipsis; overflow: hidden; width: 200px; float: left;\" title=\"国产\">国产/进口：国产</li>\r\n<li style=\"margin: 0px 0px 5px; padding: 0px 0px 0px 42px; white-space: nowrap; text-overflow: ellipsis; overflow: hidden; width: 200px; float: left;\" title=\"金果\">分类：金果</li>\r\n<li style=\"margin: 0px 0px 5px; padding: 0px 0px 0px 42px; white-space: nowrap; text-overflow: ellipsis; overflow: hidden; width: 200px; float: left;\" title=\"简装\">包装：简装</li>\r\n<li style=\"margin: 0px 0px 5px; padding: 0px 0px 0px 42px; white-space: nowrap; text-overflow: ellipsis; overflow: hidden; width: 200px; float: left;\" title=\"中国（四川）\">原产地：中国（四川）</li>\r\n</ul>','轩品会生鲜专营店',1,1),(5,'新鲜草莓水果','酸草莓口感偏酸哦，适合蛋糕烘焙','good_image/00005.jpg','1000g',99.00,75,'<ul id=\"parameter-brand\" class=\"p-parameter-list\" style=\"margin: 0px; padding: 20px 0px 0px; list-style: none; overflow: hidden; color: #666666; font-family: tahoma, arial, \'Microsoft YaHei\', \'Hiragino Sans GB\', u5b8bu4f53, sans-serif; font-size: 12px;\">\r\n<li style=\"margin: 0px 0px 5px; padding: 0px 0px 0px 42px; list-style: none; white-space: nowrap; text-overflow: ellipsis; overflow: hidden; width: 485px; float: left;\" title=\"同城果鲜（tongchengguoxian）\">品牌：&nbsp;<a style=\"margin: 0px; padding: 0px; color: #5e69ad; text-decoration-line: none;\" href=\"https://list.jd.com/list.html?cat=12218,12221,13569&amp;ev=exbrand_387587\" target=\"_blank\">同城果鲜（tongchengguoxian）</a></li>\r\n</ul>\r\n<ul class=\"parameter2 p-parameter-list\" style=\"margin: 0px; padding: 20px 0px 15px; list-style: none; overflow: hidden; color: #666666; font-family: tahoma, arial, \'Microsoft YaHei\', \'Hiragino Sans GB\', u5b8bu4f53, sans-serif; font-size: 12px;\">\r\n<li style=\"margin: 0px 0px 5px; padding: 0px 0px 0px 42px; list-style: none; white-space: nowrap; text-overflow: ellipsis; overflow: hidden; width: 200px; float: left;\" title=\"夏季鲜草莓 新鲜草莓水果 酸草莓 烘焙蛋糕装饰冰饮专用1kg装\">商品名称：夏季鲜草莓 新鲜草莓水果 酸草莓 烘焙蛋糕装饰冰饮专用1kg装</li>\r\n<li style=\"margin: 0px 0px 5px; padding: 0px 0px 0px 42px; list-style: none; white-space: nowrap; text-overflow: ellipsis; overflow: hidden; width: 200px; float: left;\" title=\"11047623873\">商品编号：11047623873</li>\r\n<li style=\"margin: 0px 0px 5px; padding: 0px 0px 0px 42px; list-style: none; white-space: nowrap; text-overflow: ellipsis; overflow: hidden; width: 200px; float: left;\" title=\"同城果鲜生鲜专营店\">店铺：&nbsp;<a style=\"margin: 0px; padding: 0px; color: #5e69ad; text-decoration-line: none;\" href=\"https://mall.jd.com/index-167340.html\" target=\"_blank\">同城果鲜生鲜专营店</a></li>\r\n<li style=\"margin: 0px 0px 5px; padding: 0px 0px 0px 42px; list-style: none; white-space: nowrap; text-overflow: ellipsis; overflow: hidden; width: 200px; float: left;\" title=\"1.0kg\">商品毛重：1.0kg</li>\r\n<li style=\"margin: 0px 0px 5px; padding: 0px 0px 0px 42px; list-style: none; white-space: nowrap; text-overflow: ellipsis; overflow: hidden; width: 200px; float: left;\" title=\"中国大陆\">商品产地：中国大陆</li>\r\n<li style=\"margin: 0px 0px 5px; padding: 0px 0px 0px 42px; list-style: none; white-space: nowrap; text-overflow: ellipsis; overflow: hidden; width: 200px; float: left;\" title=\"国产\">国产/进口：国产</li>\r\n<li style=\"margin: 0px 0px 5px; padding: 0px 0px 0px 42px; list-style: none; white-space: nowrap; text-overflow: ellipsis; overflow: hidden; width: 200px; float: left;\" title=\"红颜草莓\">分类：红颜草莓</li>\r\n<li style=\"margin: 0px 0px 5px; padding: 0px 0px 0px 42px; list-style: none; white-space: nowrap; text-overflow: ellipsis; overflow: hidden; width: 200px; float: left;\" title=\"1kg-2kg\">重量：1kg-2kg</li>\r\n<li style=\"margin: 0px 0px 5px; padding: 0px 0px 0px 42px; list-style: none; white-space: nowrap; text-overflow: ellipsis; overflow: hidden; width: 200px; float: left;\" title=\"简装\">包装：简装</li>\r\n</ul>','同城果鲜生鲜专营店',1,1),(6,'泰国活冻黑虎虾','【海外直采】秋季海鲜大丰收，烧烤火锅正当季，259减100，鱼虾蟹贝全都有~','good_image/10001.jpg','400g',67.90,60,'<ul id=\"parameter-brand\" class=\"p-parameter-list\" style=\"margin: 0px; padding: 20px 0px 0px; list-style: none; overflow: hidden; color: #666666; font-family: tahoma, arial, \'Microsoft YaHei\', \'Hiragino Sans GB\', u5b8bu4f53, sans-serif; font-size: 12px;\">\r\n<li style=\"margin: 0px 0px 5px; padding: 0px 0px 0px 42px; white-space: nowrap; text-overflow: ellipsis; overflow: hidden; width: 485px; float: left;\" title=\"京东生鲜\">品牌：&nbsp;<a style=\"margin: 0px; padding: 0px; color: #5e69ad; text-decoration-line: none;\" href=\"https://list.jd.com/list.html?cat=12218,12222,12242&amp;ev=exbrand_226244\" target=\"_blank\">京东生鲜</a></li>\r\n</ul>\r\n<ul class=\"parameter2 p-parameter-list\" style=\"margin: 0px; padding: 20px 0px 15px; list-style: none; overflow: hidden; color: #666666; font-family: tahoma, arial, \'Microsoft YaHei\', \'Hiragino Sans GB\', u5b8bu4f53, sans-serif; font-size: 12px;\">\r\n<li style=\"margin: 0px 0px 5px; padding: 0px 0px 0px 42px; white-space: nowrap; text-overflow: ellipsis; overflow: hidden; width: 200px; float: left;\" title=\"京东生鲜海外直采 活冻泰国黑虎虾 400g 盒装 16-20只 原装进口 泰国皇家冷冻（TRF）\">商品名称：京东生鲜海外直采 活冻泰国黑虎虾 400g 盒装 16-20只 原装进口 泰国皇家冷冻（TRF）</li>\r\n<li style=\"margin: 0px 0px 5px; padding: 0px 0px 0px 42px; white-space: nowrap; text-overflow: ellipsis; overflow: hidden; width: 200px; float: left;\" title=\"5285951\">商品编号：5285951</li>\r\n<li style=\"margin: 0px 0px 5px; padding: 0px 0px 0px 42px; white-space: nowrap; text-overflow: ellipsis; overflow: hidden; width: 200px; float: left;\" title=\"0.65kg\">商品毛重：0.65kg</li>\r\n<li style=\"margin: 0px 0px 5px; padding: 0px 0px 0px 42px; white-space: nowrap; text-overflow: ellipsis; overflow: hidden; width: 200px; float: left;\" title=\"泰国\">商品产地：泰国</li>\r\n<li style=\"margin: 0px 0px 5px; padding: 0px 0px 0px 42px; white-space: nowrap; text-overflow: ellipsis; overflow: hidden; width: 200px; float: left;\" title=\"冷冻\">保存状态：冷冻</li>\r\n<li style=\"margin: 0px 0px 5px; padding: 0px 0px 0px 42px; white-space: nowrap; text-overflow: ellipsis; overflow: hidden; width: 200px; float: left;\" title=\"500g以下\">重量：500g以下</li>\r\n<li style=\"margin: 0px 0px 5px; padding: 0px 0px 0px 42px; white-space: nowrap; text-overflow: ellipsis; overflow: hidden; width: 200px; float: left;\" title=\"火锅，炒菜，煎炸，蒸菜，烧烤\">烹饪建议：火锅，炒菜，煎炸，蒸菜，烧烤</li>\r\n<li style=\"margin: 0px 0px 5px; padding: 0px 0px 0px 42px; white-space: nowrap; text-overflow: ellipsis; overflow: hidden; width: 200px; float: left;\" title=\"进口\">国产/进口：进口</li>\r\n<li style=\"margin: 0px 0px 5px; padding: 0px 0px 0px 42px; white-space: nowrap; text-overflow: ellipsis; overflow: hidden; width: 200px; float: left;\" title=\"简装\">包装：简装</li>\r\n<li style=\"margin: 0px 0px 5px; padding: 0px 0px 0px 42px; white-space: nowrap; text-overflow: ellipsis; overflow: hidden; width: 200px; float: left;\" title=\"黑虎虾\">分类：黑虎虾</li>\r\n<li style=\"margin: 0px 0px 5px; padding: 0px 0px 0px 42px; white-space: nowrap; text-overflow: ellipsis; overflow: hidden; width: 200px; float: left;\" title=\"其它\">原产地：其它</li>\r\n</ul>','海外直采官方自营',1,2),(7,'冷冻无公害金鲳鱼','翔泰自营周年庆#全场满减满赠叠加使用，满159减50/满99免费领取深海金鲳鱼','good_image/10002.jpg','700g',34.90,19,'<ul id=\"parameter-brand\" class=\"p-parameter-list\" style=\"margin: 0px; padding: 20px 0px 0px; list-style: none; overflow: hidden; color: #666666; font-family: tahoma, arial, \'Microsoft YaHei\', \'Hiragino Sans GB\', u5b8bu4f53, sans-serif; font-size: 12px;\">\r\n<li style=\"margin: 0px 0px 5px; padding: 0px 0px 0px 42px; white-space: nowrap; text-overflow: ellipsis; overflow: hidden; width: 485px; float: left;\" title=\"翔泰（XIANGTAI）\">品牌：&nbsp;<a style=\"margin: 0px; padding: 0px; color: #5e69ad; text-decoration-line: none;\" href=\"https://list.jd.com/list.html?cat=12218,12222,12241&amp;ev=exbrand_163224\" target=\"_blank\">翔泰（XIANGTAI）</a></li>\r\n</ul>\r\n<ul class=\"parameter2 p-parameter-list\" style=\"margin: 0px; padding: 20px 0px 15px; list-style: none; overflow: hidden; color: #666666; font-family: tahoma, arial, \'Microsoft YaHei\', \'Hiragino Sans GB\', u5b8bu4f53, sans-serif; font-size: 12px;\">\r\n<li style=\"margin: 0px 0px 5px; padding: 0px 0px 0px 42px; white-space: nowrap; text-overflow: ellipsis; overflow: hidden; width: 200px; float: left;\" title=\"翔泰金鲳鱼700g2条\">商品名称：翔泰金鲳鱼700g2条</li>\r\n<li style=\"margin: 0px 0px 5px; padding: 0px 0px 0px 42px; white-space: nowrap; text-overflow: ellipsis; overflow: hidden; width: 200px; float: left;\" title=\"4181119\">商品编号：4181119</li>\r\n<li style=\"margin: 0px 0px 5px; padding: 0px 0px 0px 42px; white-space: nowrap; text-overflow: ellipsis; overflow: hidden; width: 200px; float: left;\" title=\"0.76kg\">商品毛重：0.76kg</li>\r\n<li style=\"margin: 0px 0px 5px; padding: 0px 0px 0px 42px; white-space: nowrap; text-overflow: ellipsis; overflow: hidden; width: 200px; float: left;\" title=\"海南省澄迈县\">商品产地：海南省澄迈县</li>\r\n<li style=\"margin: 0px 0px 5px; padding: 0px 0px 0px 42px; white-space: nowrap; text-overflow: ellipsis; overflow: hidden; width: 200px; float: left;\" title=\"冷冻\">保存状态：冷冻</li>\r\n<li style=\"margin: 0px 0px 5px; padding: 0px 0px 0px 42px; white-space: nowrap; text-overflow: ellipsis; overflow: hidden; width: 200px; float: left;\" title=\"中国大陆\">原产地：中国大陆</li>\r\n<li style=\"margin: 0px 0px 5px; padding: 0px 0px 0px 42px; white-space: nowrap; text-overflow: ellipsis; overflow: hidden; width: 200px; float: left;\" title=\"500g-1kg\">重量：500g-1kg</li>\r\n<li style=\"margin: 0px 0px 5px; padding: 0px 0px 0px 42px; white-space: nowrap; text-overflow: ellipsis; overflow: hidden; width: 200px; float: left;\" title=\"海水\">海水/淡水：海水</li>\r\n<li style=\"margin: 0px 0px 5px; padding: 0px 0px 0px 42px; white-space: nowrap; text-overflow: ellipsis; overflow: hidden; width: 200px; float: left;\" title=\"国产\">国产/进口：国产</li>\r\n<li style=\"margin: 0px 0px 5px; padding: 0px 0px 0px 42px; white-space: nowrap; text-overflow: ellipsis; overflow: hidden; width: 200px; float: left;\" title=\"简装\">包装：简装</li>\r\n<li style=\"margin: 0px 0px 5px; padding: 0px 0px 0px 42px; white-space: nowrap; text-overflow: ellipsis; overflow: hidden; width: 200px; float: left;\" title=\"鲳鱼\">分类：鲳鱼</li>\r\n<li style=\"margin: 0px 0px 5px; padding: 0px 0px 0px 42px; white-space: nowrap; text-overflow: ellipsis; overflow: hidden; width: 200px; float: left;\" title=\"火锅，煎炸，蒸菜，烧烤\">烹饪建议：火锅，煎炸，蒸菜，烧烤</li>\r\n</ul>','翔泰自营店',1,2),(8,'南极捕捞','【海外直采】秋季海鲜大丰收，烧烤火锅正当季，259减100，鱼虾蟹贝全都有','good_image/10003.jpg','800g',48.00,70,'<ul id=\"parameter-brand\" class=\"p-parameter-list\" style=\"margin: 0px; padding: 20px 0px 0px; list-style: none; overflow: hidden; color: #666666; font-family: tahoma, arial, \'Microsoft YaHei\', \'Hiragino Sans GB\', u5b8bu4f53, sans-serif; font-size: 12px;\">\r\n<li style=\"margin: 0px 0px 5px; padding: 0px 0px 0px 42px; white-space: nowrap; text-overflow: ellipsis; overflow: hidden; width: 485px; float: left;\" title=\"南极直达\">品牌：&nbsp;<a style=\"margin: 0px; padding: 0px; color: #5e69ad; text-decoration-line: none;\" href=\"https://list.jd.com/list.html?cat=12218,12222,12242&amp;ev=exbrand_284876\" target=\"_blank\">南极直达</a></li>\r\n</ul>\r\n<ul class=\"parameter2 p-parameter-list\" style=\"margin: 0px; padding: 20px 0px 15px; list-style: none; overflow: hidden; color: #666666; font-family: tahoma, arial, \'Microsoft YaHei\', \'Hiragino Sans GB\', u5b8bu4f53, sans-serif; font-size: 12px;\">\r\n<li style=\"margin: 0px 0px 5px; padding: 0px 0px 0px 42px; white-space: nowrap; text-overflow: ellipsis; overflow: hidden; width: 200px; float: left;\" title=\"南极直达冷冻南极磷虾\">商品名称：南极直达冷冻南极磷虾</li>\r\n<li style=\"margin: 0px 0px 5px; padding: 0px 0px 0px 42px; white-space: nowrap; text-overflow: ellipsis; overflow: hidden; width: 200px; float: left;\" title=\"5518997\">商品编号：5518997</li>\r\n<li style=\"margin: 0px 0px 5px; padding: 0px 0px 0px 42px; white-space: nowrap; text-overflow: ellipsis; overflow: hidden; width: 200px; float: left;\" title=\"0.835kg\">商品毛重：0.835kg</li>\r\n<li style=\"margin: 0px 0px 5px; padding: 0px 0px 0px 42px; white-space: nowrap; text-overflow: ellipsis; overflow: hidden; width: 200px; float: left;\" title=\"山东青岛\">商品产地：山东青岛</li>\r\n<li style=\"margin: 0px 0px 5px; padding: 0px 0px 0px 42px; white-space: nowrap; text-overflow: ellipsis; overflow: hidden; width: 200px; float: left;\" title=\"冷冻\">保存状态：冷冻</li>\r\n<li style=\"margin: 0px 0px 5px; padding: 0px 0px 0px 42px; white-space: nowrap; text-overflow: ellipsis; overflow: hidden; width: 200px; float: left;\" title=\"500g-1kg\">重量：500g-1kg</li>\r\n<li style=\"margin: 0px 0px 5px; padding: 0px 0px 0px 42px; white-space: nowrap; text-overflow: ellipsis; overflow: hidden; width: 200px; float: left;\" title=\"炒菜，煎炸，蒸菜\">烹饪建议：炒菜，煎炸，蒸菜</li>\r\n<li style=\"margin: 0px 0px 5px; padding: 0px 0px 0px 42px; white-space: nowrap; text-overflow: ellipsis; overflow: hidden; width: 200px; float: left;\" title=\"国产\">国产/进口：国产</li>\r\n<li style=\"margin: 0px 0px 5px; padding: 0px 0px 0px 42px; white-space: nowrap; text-overflow: ellipsis; overflow: hidden; width: 200px; float: left;\" title=\"简装\">包装：简装</li>\r\n<li style=\"margin: 0px 0px 5px; padding: 0px 0px 0px 42px; white-space: nowrap; text-overflow: ellipsis; overflow: hidden; width: 200px; float: left;\" title=\"其它\">分类：其它</li>\r\n<li style=\"margin: 0px 0px 5px; padding: 0px 0px 0px 42px; white-space: nowrap; text-overflow: ellipsis; overflow: hidden; width: 200px; float: left;\" title=\"其它\">原产地：其它</li>\r\n</ul>','南极直达自营旗舰店',1,2),(9,'冷冻太湖银鱼 淡水','让美食回归天然，让海鲜原汁原味，海量尖货海鲜，低至买一赠一','good_image/10004c.jpg','150g',13.80,10,'<ul id=\"parameter-brand\" class=\"p-parameter-list\" style=\"margin: 0px; padding: 20px 0px 0px; list-style: none; overflow: hidden; color: #666666; font-family: tahoma, arial, \'Microsoft YaHei\', \'Hiragino Sans GB\', u5b8bu4f53, sans-serif; font-size: 12px;\">\r\n<li style=\"margin: 0px 0px 5px; padding: 0px 0px 0px 42px; white-space: nowrap; text-overflow: ellipsis; overflow: hidden; width: 485px; float: left;\" title=\"协东盛（citilink）\">品牌：&nbsp;<a style=\"margin: 0px; padding: 0px; color: #5e69ad; text-decoration-line: none;\" href=\"https://list.jd.com/list.html?cat=12218,12222,12241&amp;ev=exbrand_214895\" target=\"_blank\">协东盛（citilink）</a></li>\r\n</ul>\r\n<ul class=\"parameter2 p-parameter-list\" style=\"margin: 0px; padding: 20px 0px 15px; list-style: none; overflow: hidden; color: #666666; font-family: tahoma, arial, \'Microsoft YaHei\', \'Hiragino Sans GB\', u5b8bu4f53, sans-serif; font-size: 12px;\">\r\n<li style=\"margin: 0px 0px 5px; padding: 0px 0px 0px 42px; white-space: nowrap; text-overflow: ellipsis; overflow: hidden; width: 200px; float: left;\" title=\"协东盛银鱼\">商品名称：协东盛银鱼</li>\r\n<li style=\"margin: 0px 0px 5px; padding: 0px 0px 0px 42px; white-space: nowrap; text-overflow: ellipsis; overflow: hidden; width: 200px; float: left;\" title=\"4256034\">商品编号：4256034</li>\r\n<li style=\"margin: 0px 0px 5px; padding: 0px 0px 0px 42px; white-space: nowrap; text-overflow: ellipsis; overflow: hidden; width: 200px; float: left;\" title=\"240.00g\">商品毛重：240.00g</li>\r\n<li style=\"margin: 0px 0px 5px; padding: 0px 0px 0px 42px; white-space: nowrap; text-overflow: ellipsis; overflow: hidden; width: 200px; float: left;\" title=\"江苏苏州太仓市\">商品产地：江苏苏州太仓市</li>\r\n<li style=\"margin: 0px 0px 5px; padding: 0px 0px 0px 42px; white-space: nowrap; text-overflow: ellipsis; overflow: hidden; width: 200px; float: left;\" title=\"冷冻\">保存状态：冷冻</li>\r\n<li style=\"margin: 0px 0px 5px; padding: 0px 0px 0px 42px; white-space: nowrap; text-overflow: ellipsis; overflow: hidden; width: 200px; float: left;\" title=\"中国大陆\">原产地：中国大陆</li>\r\n<li style=\"margin: 0px 0px 5px; padding: 0px 0px 0px 42px; white-space: nowrap; text-overflow: ellipsis; overflow: hidden; width: 200px; float: left;\" title=\"500g以下\">重量：500g以下</li>\r\n<li style=\"margin: 0px 0px 5px; padding: 0px 0px 0px 42px; white-space: nowrap; text-overflow: ellipsis; overflow: hidden; width: 200px; float: left;\" title=\"淡水\">海水/淡水：淡水</li>\r\n<li style=\"margin: 0px 0px 5px; padding: 0px 0px 0px 42px; white-space: nowrap; text-overflow: ellipsis; overflow: hidden; width: 200px; float: left;\" title=\"国产\">国产/进口：国产</li>\r\n<li style=\"margin: 0px 0px 5px; padding: 0px 0px 0px 42px; white-space: nowrap; text-overflow: ellipsis; overflow: hidden; width: 200px; float: left;\" title=\"简装\">包装：简装</li>\r\n<li style=\"margin: 0px 0px 5px; padding: 0px 0px 0px 42px; white-space: nowrap; text-overflow: ellipsis; overflow: hidden; width: 200px; float: left;\" title=\"银鱼\">分类：银鱼</li>\r\n<li style=\"margin: 0px 0px 5px; padding: 0px 0px 0px 42px; white-space: nowrap; text-overflow: ellipsis; overflow: hidden; width: 200px; float: left;\" title=\"火锅，炒菜，炖菜，煎炸，蒸菜\">烹饪建议：火锅，炒菜，炖菜，煎炸，蒸菜</li>\r\n</ul>\r\n<p>&nbsp;</p>\r\n<p>&nbsp;</p>\r\n<div style=\"margin: 0px; padding: 0px; color: #666666; font-family: tahoma, arial, \'Microsoft YaHei\', \'Hiragino Sans GB\', u5b8bu4f53, sans-serif; font-size: 12px; text-align: center;\"><img style=\"margin: 0px; padding: 0px; vertical-align: middle;\" src=\"https://img10.360buyimg.com/imgzone/jfs/t21634/165/1987339683/55707/aef28280/5b4319eaN83ce977e.jpg\" alt=\"\" usemap=\"#Map1\" border=\"0\" /><map name=\"Map1\"> \r\n<area shape=\"rect\" coords=\"7,7,737,193\" href=\"https://pro.m.jd.com/mall/active/3MnnJ5e3dMEEufzPgswoLha4SmVf/index.html?utm_source=pdappwakeupup_20170001\" target=\"_blank\" />\r\n </map><img style=\"margin: 0px; padding: 0px; vertical-align: middle;\" src=\"https://img10.360buyimg.com/imgzone/jfs/t21244/110/2002785141/192544/15556968/5b4319ebN26a26841.jpg\" alt=\"\" usemap=\"#Map2\" border=\"0\" /><map name=\"Map2\"> \r\n<area shape=\"rect\" coords=\"20,11,342,374\" href=\"https://item.jd.com/4551570.html\" target=\"_blank\" />\r\n \r\n<area shape=\"rect\" coords=\"423,5,726,380\" href=\"https://item.jd.com/4552774.html\" target=\"_blank\" />\r\n </map><img style=\"margin: 0px; padding: 0px; vertical-align: middle;\" src=\"https://img10.360buyimg.com/imgzone/jfs/t21232/319/1989888784/80889/663f364/5b4319eaN88dc6ade.jpg\" alt=\"\" usemap=\"#Map3\" border=\"0\" /><map name=\"Map3\"> \r\n<area shape=\"rect\" coords=\"36,22,262,380\" href=\"https://item.jd.com/6262124.html#crumb-wrap\" target=\"_blank\" />\r\n \r\n<area shape=\"rect\" coords=\"269,26,477,384\" href=\"https://item.jd.com/5545212.html#crumb-wrap\" target=\"_blank\" />\r\n \r\n<area shape=\"rect\" coords=\"490,32,718,379\" href=\"https://item.jd.com/7365593.html#crumb-wrap\" target=\"_blank\" />\r\n </map><img style=\"margin: 0px; padding: 0px; vertical-align: middle;\" src=\"https://img10.360buyimg.com/imgzone/jfs/t21574/365/2019235685/91189/b65f87ed/5b4319eaNfbf4ee8b.jpg\" alt=\"\" usemap=\"#Map4\" border=\"0\" /><map name=\"Map4\"> \r\n<area shape=\"rect\" coords=\"35,23,259,377\" href=\"https://item.jd.com/5493302.html\" target=\"_blank\" />\r\n \r\n<area shape=\"rect\" coords=\"271,24,496,383\" href=\"https://item.jd.com/5088115.html#crumb-wrap\" target=\"_blank\" />\r\n \r\n<area shape=\"rect\" coords=\"505,25,722,378\" href=\"https://item.jd.com/4228513.html\" target=\"_blank\" />\r\n </map><img style=\"margin: 0px; padding: 0px; vertical-align: middle;\" src=\"https://img10.360buyimg.com/imgzone/jfs/t21361/325/2026032122/1616/17816c96/5b442923N000ff7d9.jpg\" alt=\"\" /></div>\r\n<p style=\"margin: 0px; padding: 0px; color: #666666; font-family: tahoma, arial, \'Microsoft YaHei\', \'Hiragino Sans GB\', u5b8bu4f53, sans-serif; font-size: 12px; text-align: center;\"><img style=\"margin: 0px; padding: 0px; vertical-align: middle; width: 750px;\" src=\"https://img20.360buyimg.com/vc/jfs/t3241/190/5388171162/547750/2b0a1f77/586e00a9N58a2d13a.jpg\" alt=\"\" /></p>','协东盛官方自营旗舰店',1,2),(10,'京觅 熟冻麻辣小龙虾','京觅 熟冻麻辣小龙虾 1.6kg 25-35只 4-6钱/只 海鲜水产 净虾重850g','good_image/10005.jpg','850g',88.90,11,'<ul id=\"parameter-brand\" class=\"p-parameter-list\" style=\"margin: 0px; padding: 20px 0px 0px; list-style: none; overflow: hidden; color: #666666; font-family: tahoma, arial, \'Microsoft YaHei\', \'Hiragino Sans GB\', u5b8bu4f53, sans-serif; font-size: 12px;\">\r\n<li style=\"margin: 0px 0px 5px; padding: 0px 0px 0px 42px; white-space: nowrap; text-overflow: ellipsis; overflow: hidden; width: 485px; float: left;\" title=\"京觅\">品牌：&nbsp;<a style=\"margin: 0px; padding: 0px; color: #5e69ad; text-decoration-line: none;\" href=\"https://list.jd.com/list.html?cat=12218,12222,12242&amp;ev=exbrand_331644\" target=\"_blank\">京觅</a></li>\r\n</ul>\r\n<ul class=\"parameter2 p-parameter-list\" style=\"margin: 0px; padding: 20px 0px 15px; list-style: none; overflow: hidden; color: #666666; font-family: tahoma, arial, \'Microsoft YaHei\', \'Hiragino Sans GB\', u5b8bu4f53, sans-serif; font-size: 12px;\">\r\n<li style=\"margin: 0px 0px 5px; padding: 0px 0px 0px 42px; white-space: nowrap; text-overflow: ellipsis; overflow: hidden; width: 200px; float: left;\" title=\"京觅麻辣小龙虾\">商品名称：京觅麻辣小龙虾</li>\r\n<li style=\"margin: 0px 0px 5px; padding: 0px 0px 0px 42px; white-space: nowrap; text-overflow: ellipsis; overflow: hidden; width: 200px; float: left;\" title=\"7424228\">商品编号：7424228</li>\r\n<li style=\"margin: 0px 0px 5px; padding: 0px 0px 0px 42px; white-space: nowrap; text-overflow: ellipsis; overflow: hidden; width: 200px; float: left;\" title=\"1.6kg\">商品毛重：1.6kg</li>\r\n<li style=\"margin: 0px 0px 5px; padding: 0px 0px 0px 42px; white-space: nowrap; text-overflow: ellipsis; overflow: hidden; width: 200px; float: left;\" title=\"中国大陆湖北省洪湖市\">商品产地：中国大陆湖北省洪湖市</li>\r\n<li style=\"margin: 0px 0px 5px; padding: 0px 0px 0px 42px; white-space: nowrap; text-overflow: ellipsis; overflow: hidden; width: 200px; float: left;\" title=\"冷冻\">保存状态：冷冻</li>\r\n<li style=\"margin: 0px 0px 5px; padding: 0px 0px 0px 42px; white-space: nowrap; text-overflow: ellipsis; overflow: hidden; width: 200px; float: left;\" title=\"1kg-2kg\">重量：1kg-2kg</li>\r\n<li style=\"margin: 0px 0px 5px; padding: 0px 0px 0px 42px; white-space: nowrap; text-overflow: ellipsis; overflow: hidden; width: 200px; float: left;\" title=\"加热即食\">烹饪建议：加热即食</li>\r\n<li style=\"margin: 0px 0px 5px; padding: 0px 0px 0px 42px; white-space: nowrap; text-overflow: ellipsis; overflow: hidden; width: 200px; float: left;\" title=\"国产\">国产/进口：国产</li>\r\n<li style=\"margin: 0px 0px 5px; padding: 0px 0px 0px 42px; white-space: nowrap; text-overflow: ellipsis; overflow: hidden; width: 200px; float: left;\" title=\"简装\">包装：简装</li>\r\n<li style=\"margin: 0px 0px 5px; padding: 0px 0px 0px 42px; white-space: nowrap; text-overflow: ellipsis; overflow: hidden; width: 200px; float: left;\" title=\"小龙虾\">分类：小龙虾</li>\r\n<li style=\"margin: 0px 0px 5px; padding: 0px 0px 0px 42px; white-space: nowrap; text-overflow: ellipsis; overflow: hidden; width: 200px; float: left;\" title=\"中国大陆\">原产地：中国大陆</li>\r\n</ul>','京觅官方自营旗舰店',1,2),(11,'内蒙古羊肉羔羊排骨','内蒙古特产羔羊排，锡林郭勒大草原放养当年羔羊，非育肥吃饲料，肉质好','good_image/20001.jpg','1000g',116.00,101,'<ul id=\"parameter-brand\" class=\"p-parameter-list\" style=\"margin: 0px; padding: 20px 0px 0px; list-style: none; overflow: hidden; color: #666666; font-family: tahoma, arial, \'Microsoft YaHei\', \'Hiragino Sans GB\', u5b8bu4f53, sans-serif; font-size: 12px;\">\r\n<li style=\"margin: 0px 0px 5px; padding: 0px 0px 0px 42px; list-style: none; white-space: nowrap; text-overflow: ellipsis; overflow: hidden; width: 485px; float: left;\" title=\"草原力生（CAOYUANLISHENG）\">品牌：&nbsp;<a style=\"margin: 0px; padding: 0px; color: #5e69ad; text-decoration-line: none;\" href=\"https://list.jd.com/list.html?cat=12218,13581,13583&amp;ev=exbrand_248358\" target=\"_blank\">草原力生（CAOYUANLISHENG）</a></li>\r\n</ul>\r\n<ul class=\"parameter2 p-parameter-list\" style=\"margin: 0px; padding: 20px 0px 15px; list-style: none; overflow: hidden; color: #666666; font-family: tahoma, arial, \'Microsoft YaHei\', \'Hiragino Sans GB\', u5b8bu4f53, sans-serif; font-size: 12px;\">\r\n<li style=\"margin: 0px 0px 5px; padding: 0px 0px 0px 42px; list-style: none; white-space: nowrap; text-overflow: ellipsis; overflow: hidden; width: 200px; float: left;\" title=\"草原力生 内蒙古羊肉羔羊排骨 1000g/袋 草原散养 整排原切 送料包\">商品名称：草原力生 内蒙古羊肉羔羊排骨 1000g/袋 草原散养 整排原切 送料包</li>\r\n<li style=\"margin: 0px 0px 5px; padding: 0px 0px 0px 42px; list-style: none; white-space: nowrap; text-overflow: ellipsis; overflow: hidden; width: 200px; float: left;\" title=\"10117300330\">商品编号：10117300330</li>\r\n<li style=\"margin: 0px 0px 5px; padding: 0px 0px 0px 42px; list-style: none; white-space: nowrap; text-overflow: ellipsis; overflow: hidden; width: 200px; float: left;\" title=\"草原力生食品专营店\">店铺：&nbsp;<a style=\"margin: 0px; padding: 0px; color: #5e69ad; text-decoration-line: none;\" href=\"https://cylsspyl.jd.com/\" target=\"_blank\">草原力生食品专营店</a></li>\r\n<li style=\"margin: 0px 0px 5px; padding: 0px 0px 0px 42px; list-style: none; white-space: nowrap; text-overflow: ellipsis; overflow: hidden; width: 200px; float: left;\" title=\"1.0kg\">商品毛重：1.0kg</li>\r\n<li style=\"margin: 0px 0px 5px; padding: 0px 0px 0px 42px; list-style: none; white-space: nowrap; text-overflow: ellipsis; overflow: hidden; width: 200px; float: left;\" title=\"中国大陆\">商品产地：中国大陆</li>\r\n<li style=\"margin: 0px 0px 5px; padding: 0px 0px 0px 42px; list-style: none; white-space: nowrap; text-overflow: ellipsis; overflow: hidden; width: 200px; float: left;\" title=\"yr010\">货号：yr010</li>\r\n<li style=\"margin: 0px 0px 5px; padding: 0px 0px 0px 42px; list-style: none; white-space: nowrap; text-overflow: ellipsis; overflow: hidden; width: 200px; float: left;\" title=\"冷冻\">保存状态：冷冻</li>\r\n<li style=\"margin: 0px 0px 5px; padding: 0px 0px 0px 42px; list-style: none; white-space: nowrap; text-overflow: ellipsis; overflow: hidden; width: 200px; float: left;\" title=\"501g-1kg\">重量：501g-1kg</li>\r\n<li style=\"margin: 0px 0px 5px; padding: 0px 0px 0px 42px; list-style: none; white-space: nowrap; text-overflow: ellipsis; overflow: hidden; width: 200px; float: left;\" title=\"国产\">国产/进口：国产</li>\r\n<li style=\"margin: 0px 0px 5px; padding: 0px 0px 0px 42px; list-style: none; white-space: nowrap; text-overflow: ellipsis; overflow: hidden; width: 200px; float: left;\" title=\"火锅，炒菜，炖菜，烧烤\">烹饪建议：火锅，炒菜，炖菜，烧烤</li>\r\n<li style=\"margin: 0px 0px 5px; padding: 0px 0px 0px 42px; list-style: none; white-space: nowrap; text-overflow: ellipsis; overflow: hidden; width: 200px; float: left;\" title=\"乌珠穆沁羊\">品种：乌珠穆沁羊</li>\r\n<li style=\"margin: 0px 0px 5px; padding: 0px 0px 0px 42px; list-style: none; white-space: nowrap; text-overflow: ellipsis; overflow: hidden; width: 200px; float: left;\" title=\"散养\">饲养方式：散养</li>\r\n<li style=\"margin: 0px 0px 5px; padding: 0px 0px 0px 42px; list-style: none; white-space: nowrap; text-overflow: ellipsis; overflow: hidden; width: 200px; float: left;\" title=\"羊肋排\">分类：羊肋排</li>\r\n<li style=\"margin: 0px 0px 5px; padding: 0px 0px 0px 42px; list-style: none; white-space: nowrap; text-overflow: ellipsis; overflow: hidden; width: 200px; float: left;\" title=\"中国（内蒙古）\">原产地：中国（内蒙古）</li>\r\n<li style=\"margin: 0px 0px 5px; padding: 0px 0px 0px 42px; list-style: none; white-space: nowrap; text-overflow: ellipsis; overflow: hidden; width: 200px; float: left;\" title=\"简装\">包装：简装</li>\r\n</ul>','草原力生官方自营旗舰店',1,3),(12,'内蒙古羊肉羊肉片','【限时特惠】限时特卖，领券更优惠，点击领券！ 【重阳敬老】回家和爸妈一起吃火锅，找一个回家的理由！ 【品质保障】每一份羊肉均来自内蒙古锡林郭勒盟大草原！ 【源头质保】每一支羊源头可追溯，牧易宝平台查','good_image/20002.jpg','500g',59.00,13,'<ul id=\"parameter-brand\" class=\"p-parameter-list\" style=\"margin: 0px; padding: 20px 0px 0px; list-style: none; overflow: hidden; color: #666666; font-family: tahoma, arial, \'Microsoft YaHei\', \'Hiragino Sans GB\', u5b8bu4f53, sans-serif; font-size: 12px;\">\r\n<li style=\"margin: 0px 0px 5px; padding: 0px 0px 0px 42px; list-style: none; white-space: nowrap; text-overflow: ellipsis; overflow: hidden; width: 485px; float: left;\" title=\"额尔敦\">品牌：&nbsp;<a style=\"margin: 0px; padding: 0px; color: #5e69ad; text-decoration-line: none;\" href=\"https://list.jd.com/list.html?cat=12218,13581,13583&amp;ev=exbrand_145983\" target=\"_blank\">额尔敦</a></li>\r\n</ul>\r\n<ul class=\"parameter2 p-parameter-list\" style=\"margin: 0px; padding: 20px 0px 15px; list-style: none; overflow: hidden; color: #666666; font-family: tahoma, arial, \'Microsoft YaHei\', \'Hiragino Sans GB\', u5b8bu4f53, sans-serif; font-size: 12px;\">\r\n<li style=\"margin: 0px 0px 5px; padding: 0px 0px 0px 42px; list-style: none; white-space: nowrap; text-overflow: ellipsis; overflow: hidden; width: 200px; float: left;\" title=\"额尔敦内蒙古散养草饲羊肉羊肉片500g羊肉卷锡林郭勒盟清真草原羊肉\">商品名称：额尔敦内蒙古散养草饲羊肉羊肉片500g羊肉卷锡林郭勒盟清真草原羊肉</li>\r\n<li style=\"margin: 0px 0px 5px; padding: 0px 0px 0px 42px; list-style: none; white-space: nowrap; text-overflow: ellipsis; overflow: hidden; width: 200px; float: left;\" title=\"10038960634\">商品编号：10038960634</li>\r\n<li style=\"margin: 0px 0px 5px; padding: 0px 0px 0px 42px; list-style: none; white-space: nowrap; text-overflow: ellipsis; overflow: hidden; width: 200px; float: left;\" title=\"额尔敦旗舰店\">店铺：&nbsp;<a style=\"margin: 0px; padding: 0px; color: #5e69ad; text-decoration-line: none;\" href=\"https://eerdun.jd.com/\" target=\"_blank\">额尔敦旗舰店</a></li>\r\n<li style=\"margin: 0px 0px 5px; padding: 0px 0px 0px 42px; list-style: none; white-space: nowrap; text-overflow: ellipsis; overflow: hidden; width: 200px; float: left;\" title=\"500.00g\">商品毛重：500.00g</li>\r\n<li style=\"margin: 0px 0px 5px; padding: 0px 0px 0px 42px; list-style: none; white-space: nowrap; text-overflow: ellipsis; overflow: hidden; width: 200px; float: left;\" title=\"中国大陆\">商品产地：中国大陆</li>\r\n<li style=\"margin: 0px 0px 5px; padding: 0px 0px 0px 42px; list-style: none; white-space: nowrap; text-overflow: ellipsis; overflow: hidden; width: 200px; float: left;\" title=\"EEDGYRP0.5kg\">货号：EEDGYRP0.5kg</li>\r\n<li style=\"margin: 0px 0px 5px; padding: 0px 0px 0px 42px; list-style: none; white-space: nowrap; text-overflow: ellipsis; overflow: hidden; width: 200px; float: left;\" title=\"冷冻\">保存状态：冷冻</li>\r\n<li style=\"margin: 0px 0px 5px; padding: 0px 0px 0px 42px; list-style: none; white-space: nowrap; text-overflow: ellipsis; overflow: hidden; width: 200px; float: left;\" title=\"250g-500g\">重量：250g-500g</li>\r\n<li style=\"margin: 0px 0px 5px; padding: 0px 0px 0px 42px; list-style: none; white-space: nowrap; text-overflow: ellipsis; overflow: hidden; width: 200px; float: left;\" title=\"国产\">国产/进口：国产</li>\r\n<li style=\"margin: 0px 0px 5px; padding: 0px 0px 0px 42px; list-style: none; white-space: nowrap; text-overflow: ellipsis; overflow: hidden; width: 200px; float: left;\" title=\"火锅，炒菜，烧烤\">烹饪建议：火锅，炒菜，烧烤</li>\r\n<li style=\"margin: 0px 0px 5px; padding: 0px 0px 0px 42px; list-style: none; white-space: nowrap; text-overflow: ellipsis; overflow: hidden; width: 200px; float: left;\" title=\"乌珠穆沁羊\">品种：乌珠穆沁羊</li>\r\n<li style=\"margin: 0px 0px 5px; padding: 0px 0px 0px 42px; list-style: none; white-space: nowrap; text-overflow: ellipsis; overflow: hidden; width: 200px; float: left;\" title=\"散养\">饲养方式：散养</li>\r\n<li style=\"margin: 0px 0px 5px; padding: 0px 0px 0px 42px; list-style: none; white-space: nowrap; text-overflow: ellipsis; overflow: hidden; width: 200px; float: left;\" title=\"羊肉片/卷\">分类：羊肉片/卷</li>\r\n<li style=\"margin: 0px 0px 5px; padding: 0px 0px 0px 42px; list-style: none; white-space: nowrap; text-overflow: ellipsis; overflow: hidden; width: 200px; float: left;\" title=\"中国（内蒙古）\">原产地：中国（内蒙古）</li>\r\n<li style=\"margin: 0px 0px 5px; padding: 0px 0px 0px 42px; list-style: none; white-space: nowrap; text-overflow: ellipsis; overflow: hidden; width: 200px; float: left;\" title=\"简装\">包装：简装</li>\r\n</ul>','额尔敦',1,3),(13,'内蒙古带骨羔羊腿肉','精选内蒙古锡林郭勒大草原当年羔羊羊后腿','good_image/20003.jpg','2100g',180.00,34,'<ul id=\"parameter-brand\" class=\"p-parameter-list\" style=\"margin: 0px; padding: 20px 0px 0px; list-style: none; overflow: hidden; color: #666666; font-family: tahoma, arial, \'Microsoft YaHei\', \'Hiragino Sans GB\', u5b8bu4f53, sans-serif; font-size: 12px;\">\r\n<li style=\"margin: 0px 0px 5px; padding: 0px 0px 0px 42px; list-style: none; white-space: nowrap; text-overflow: ellipsis; overflow: hidden; width: 485px; float: left;\" title=\"草原力生（CAOYUANLISHENG）\">品牌：&nbsp;<a style=\"margin: 0px; padding: 0px; color: #5e69ad; text-decoration-line: none;\" href=\"https://list.jd.com/list.html?cat=12218,13581,13583&amp;ev=exbrand_248358\" target=\"_blank\">草原力生（CAOYUANLISHENG）</a></li>\r\n</ul>\r\n<ul class=\"parameter2 p-parameter-list\" style=\"margin: 0px; padding: 20px 0px 15px; list-style: none; overflow: hidden; color: #666666; font-family: tahoma, arial, \'Microsoft YaHei\', \'Hiragino Sans GB\', u5b8bu4f53, sans-serif; font-size: 12px;\">\r\n<li style=\"margin: 0px 0px 5px; padding: 0px 0px 0px 42px; list-style: none; white-space: nowrap; text-overflow: ellipsis; overflow: hidden; width: 200px; float: left;\" title=\"草原力生 内蒙古锡盟草原散养清真新鲜带骨羔羊腿肉 2.1kg\">商品名称：草原力生 内蒙古锡盟草原散养清真新鲜带骨羔羊腿肉 2.1kg</li>\r\n<li style=\"margin: 0px 0px 5px; padding: 0px 0px 0px 42px; list-style: none; white-space: nowrap; text-overflow: ellipsis; overflow: hidden; width: 200px; float: left;\" title=\"10122888350\">商品编号：10122888350</li>\r\n<li style=\"margin: 0px 0px 5px; padding: 0px 0px 0px 42px; list-style: none; white-space: nowrap; text-overflow: ellipsis; overflow: hidden; width: 200px; float: left;\" title=\"草原力生食品专营店\">店铺：&nbsp;<a style=\"margin: 0px; padding: 0px; color: #5e69ad; text-decoration-line: none;\" href=\"https://cylsspyl.jd.com/\" target=\"_blank\">草原力生食品专营店</a></li>\r\n<li style=\"margin: 0px 0px 5px; padding: 0px 0px 0px 42px; list-style: none; white-space: nowrap; text-overflow: ellipsis; overflow: hidden; width: 200px; float: left;\" title=\"2.1kg\">商品毛重：2.1kg</li>\r\n<li style=\"margin: 0px 0px 5px; padding: 0px 0px 0px 42px; list-style: none; white-space: nowrap; text-overflow: ellipsis; overflow: hidden; width: 200px; float: left;\" title=\"yr008\">货号：yr008</li>\r\n<li style=\"margin: 0px 0px 5px; padding: 0px 0px 0px 42px; list-style: none; white-space: nowrap; text-overflow: ellipsis; overflow: hidden; width: 200px; float: left;\" title=\"冷冻\">保存状态：冷冻</li>\r\n<li style=\"margin: 0px 0px 5px; padding: 0px 0px 0px 42px; list-style: none; white-space: nowrap; text-overflow: ellipsis; overflow: hidden; width: 200px; float: left;\" title=\"乌珠穆沁羊\">品种：乌珠穆沁羊</li>\r\n<li style=\"margin: 0px 0px 5px; padding: 0px 0px 0px 42px; list-style: none; white-space: nowrap; text-overflow: ellipsis; overflow: hidden; width: 200px; float: left;\" title=\"1kg以上\">重量：1kg以上</li>\r\n<li style=\"margin: 0px 0px 5px; padding: 0px 0px 0px 42px; list-style: none; white-space: nowrap; text-overflow: ellipsis; overflow: hidden; width: 200px; float: left;\" title=\"散养\">饲养方式：散养</li>\r\n<li style=\"margin: 0px 0px 5px; padding: 0px 0px 0px 42px; list-style: none; white-space: nowrap; text-overflow: ellipsis; overflow: hidden; width: 200px; float: left;\" title=\"国产\">国产/进口：国产</li>\r\n<li style=\"margin: 0px 0px 5px; padding: 0px 0px 0px 42px; list-style: none; white-space: nowrap; text-overflow: ellipsis; overflow: hidden; width: 200px; float: left;\" title=\"羊腿\">分类：羊腿</li>\r\n<li style=\"margin: 0px 0px 5px; padding: 0px 0px 0px 42px; list-style: none; white-space: nowrap; text-overflow: ellipsis; overflow: hidden; width: 200px; float: left;\" title=\"火锅，炒菜，炖菜，烧烤\">烹饪建议：火锅，炒菜，炖菜，烧烤</li>\r\n<li style=\"margin: 0px 0px 5px; padding: 0px 0px 0px 42px; list-style: none; white-space: nowrap; text-overflow: ellipsis; overflow: hidden; width: 200px; float: left;\" title=\"中国（内蒙古）\">原产地：中国（内蒙古）</li>\r\n</ul>','草原力生官方自营旗舰店',1,3),(14,'宁夏盐池滩羊肉','正宗散养 拒绝育肥 顺丰包邮 送料包','good_image/20004jpg.jpg','500g',99.00,33,'<ul id=\"parameter-brand\" class=\"p-parameter-list\" style=\"margin: 0px; padding: 20px 0px 0px; list-style: none; overflow: hidden; color: #666666; font-family: tahoma, arial, \'Microsoft YaHei\', \'Hiragino Sans GB\', u5b8bu4f53, sans-serif; font-size: 12px;\">\r\n<li style=\"margin: 0px 0px 5px; padding: 0px 0px 0px 42px; white-space: nowrap; text-overflow: ellipsis; overflow: hidden; width: 485px; float: left;\" title=\"伊为乐（yi wei le）\">品牌：&nbsp;<a style=\"margin: 0px; padding: 0px; color: #5e69ad; text-decoration-line: none;\" href=\"https://list.jd.com/list.html?cat=12218,13581,13583&amp;ev=exbrand_264496\" target=\"_blank\">伊为乐（yi wei le）</a></li>\r\n</ul>\r\n<ul class=\"parameter2 p-parameter-list\" style=\"margin: 0px; padding: 20px 0px 15px; list-style: none; overflow: hidden; color: #666666; font-family: tahoma, arial, \'Microsoft YaHei\', \'Hiragino Sans GB\', u5b8bu4f53, sans-serif; font-size: 12px;\">\r\n<li style=\"margin: 0px 0px 5px; padding: 0px 0px 0px 42px; white-space: nowrap; text-overflow: ellipsis; overflow: hidden; width: 200px; float: left;\" title=\"伊为乐 宁夏盐池滩羊肉 羊肉丁500g/袋(1斤) 火锅 烧烤食材羊肉 口感鲜美无膻味 正宗散养 0.5KG\">商品名称：伊为乐 宁夏盐池滩羊肉 羊肉丁500g/袋(1斤) 火锅 烧烤食材羊肉 口感鲜美无膻味 正宗散养 0.5KG</li>\r\n<li style=\"margin: 0px 0px 5px; padding: 0px 0px 0px 42px; white-space: nowrap; text-overflow: ellipsis; overflow: hidden; width: 200px; float: left;\" title=\"18852289099\">商品编号：18852289099</li>\r\n<li style=\"margin: 0px 0px 5px; padding: 0px 0px 0px 42px; white-space: nowrap; text-overflow: ellipsis; overflow: hidden; width: 200px; float: left;\" title=\"宁夏青草地盐池滩羊专营店\">店铺：&nbsp;<a style=\"margin: 0px; padding: 0px; color: #5e69ad; text-decoration-line: none;\" href=\"https://mall.jd.com/index-688527.html\" target=\"_blank\">宁夏青草地盐池滩羊专营店</a></li>\r\n<li style=\"margin: 0px 0px 5px; padding: 0px 0px 0px 42px; white-space: nowrap; text-overflow: ellipsis; overflow: hidden; width: 200px; float: left;\" title=\"1.5kg\">商品毛重：1.5kg</li>\r\n<li style=\"margin: 0px 0px 5px; padding: 0px 0px 0px 42px; white-space: nowrap; text-overflow: ellipsis; overflow: hidden; width: 200px; float: left;\" title=\"中国大陆\">商品产地：中国大陆</li>\r\n<li style=\"margin: 0px 0px 5px; padding: 0px 0px 0px 42px; white-space: nowrap; text-overflow: ellipsis; overflow: hidden; width: 200px; float: left;\" title=\"冷藏\">保存状态：冷藏</li>\r\n<li style=\"margin: 0px 0px 5px; padding: 0px 0px 0px 42px; white-space: nowrap; text-overflow: ellipsis; overflow: hidden; width: 200px; float: left;\" title=\"250g-500g\">重量：250g-500g</li>\r\n<li style=\"margin: 0px 0px 5px; padding: 0px 0px 0px 42px; white-space: nowrap; text-overflow: ellipsis; overflow: hidden; width: 200px; float: left;\" title=\"国产\">国产/进口：国产</li>\r\n<li style=\"margin: 0px 0px 5px; padding: 0px 0px 0px 42px; white-space: nowrap; text-overflow: ellipsis; overflow: hidden; width: 200px; float: left;\" title=\"炒菜，烧烤\">烹饪建议：炒菜，烧烤</li>\r\n<li style=\"margin: 0px 0px 5px; padding: 0px 0px 0px 42px; white-space: nowrap; text-overflow: ellipsis; overflow: hidden; width: 200px; float: left;\" title=\"滩羊\">品种：滩羊</li>\r\n<li style=\"margin: 0px 0px 5px; padding: 0px 0px 0px 42px; white-space: nowrap; text-overflow: ellipsis; overflow: hidden; width: 200px; float: left;\" title=\"散养\">饲养方式：散养</li>\r\n<li style=\"margin: 0px 0px 5px; padding: 0px 0px 0px 42px; white-space: nowrap; text-overflow: ellipsis; overflow: hidden; width: 200px; float: left;\" title=\"羊肉块\">分类：羊肉块</li>\r\n<li style=\"margin: 0px 0px 5px; padding: 0px 0px 0px 42px; white-space: nowrap; text-overflow: ellipsis; overflow: hidden; width: 200px; float: left;\" title=\"中国（宁夏）\">原产地：中国（宁夏）</li>\r\n<li style=\"margin: 0px 0px 5px; padding: 0px 0px 0px 42px; white-space: nowrap; text-overflow: ellipsis; overflow: hidden; width: 200px; float: left;\" title=\"礼盒装\">包装：礼盒装</li>\r\n<li></li>\r\n</ul>','伊为乐',1,3),(15,'乳鸽老鸽子肉','对面小城 鸽子肉乳鸽老鸽子肉 散养现杀生鲜烧烤 约200g/只 3只装 乳鸽','good_image/30001.jpg','600g',98.00,14,'<ul id=\"parameter-brand\" class=\"p-parameter-list\" style=\"margin: 0px; padding: 20px 0px 0px; list-style: none; overflow: hidden; color: #666666; font-family: tahoma, arial, \'Microsoft YaHei\', \'Hiragino Sans GB\', u5b8bu4f53, sans-serif; font-size: 12px;\">\r\n<li style=\"margin: 0px 0px 5px; padding: 0px 0px 0px 42px; white-space: nowrap; text-overflow: ellipsis; overflow: hidden; width: 485px; float: left;\" title=\"对面小城\">品牌：&nbsp;<a style=\"margin: 0px; padding: 0px; color: #5e69ad; text-decoration-line: none;\" href=\"https://list.jd.com/list.html?cat=12218,13586,13590&amp;ev=exbrand_304253\" target=\"_blank\">对面小城</a></li>\r\n</ul>\r\n<ul class=\"parameter2 p-parameter-list\" style=\"margin: 0px; padding: 20px 0px 15px; list-style: none; overflow: hidden; color: #666666; font-family: tahoma, arial, \'Microsoft YaHei\', \'Hiragino Sans GB\', u5b8bu4f53, sans-serif; font-size: 12px;\">\r\n<li style=\"margin: 0px 0px 5px; padding: 0px 0px 0px 42px; white-space: nowrap; text-overflow: ellipsis; overflow: hidden; width: 200px; float: left;\" title=\"对面小城 鸽子肉乳鸽老鸽子肉 散养现杀生鲜烧烤 约200g/只 3只装 乳鸽\">商品名称：对面小城 鸽子肉乳鸽老鸽子肉 散养现杀生鲜烧烤 约200g/只 3只装 乳鸽</li>\r\n<li style=\"margin: 0px 0px 5px; padding: 0px 0px 0px 42px; white-space: nowrap; text-overflow: ellipsis; overflow: hidden; width: 200px; float: left;\" title=\"27390280585\">商品编号：27390280585</li>\r\n<li style=\"margin: 0px 0px 5px; padding: 0px 0px 0px 42px; white-space: nowrap; text-overflow: ellipsis; overflow: hidden; width: 200px; float: left;\" title=\"京华生鲜专营店\">店铺：&nbsp;<a style=\"margin: 0px; padding: 0px; color: #5e69ad; text-decoration-line: none;\" href=\"https://mall.jd.com/index-744771.html\" target=\"_blank\">京华生鲜专营店</a></li>\r\n<li style=\"margin: 0px 0px 5px; padding: 0px 0px 0px 42px; white-space: nowrap; text-overflow: ellipsis; overflow: hidden; width: 200px; float: left;\" title=\"500.00g\">商品毛重：500.00g</li>\r\n<li style=\"margin: 0px 0px 5px; padding: 0px 0px 0px 42px; white-space: nowrap; text-overflow: ellipsis; overflow: hidden; width: 200px; float: left;\" title=\"冷冻\">保存状态：冷冻</li>\r\n<li style=\"margin: 0px 0px 5px; padding: 0px 0px 0px 42px; white-space: nowrap; text-overflow: ellipsis; overflow: hidden; width: 200px; float: left;\" title=\"散养\">饲养方式：散养</li>\r\n<li style=\"margin: 0px 0px 5px; padding: 0px 0px 0px 42px; white-space: nowrap; text-overflow: ellipsis; overflow: hidden; width: 200px; float: left;\" title=\"简装\">包装：简装</li>\r\n<li style=\"margin: 0px 0px 5px; padding: 0px 0px 0px 42px; white-space: nowrap; text-overflow: ellipsis; overflow: hidden; width: 200px; float: left;\" title=\"鸽\">分类：鸽</li>\r\n<li style=\"margin: 0px 0px 5px; padding: 0px 0px 0px 42px; white-space: nowrap; text-overflow: ellipsis; overflow: hidden; width: 200px; float: left;\" title=\"烧烤，烤肉\">烹饪方式：烧烤，烤肉</li>\r\n</ul>','对面小城',1,4),(16,'山东冷冻法式鹅肝','聚福鲜 山东冷冻法式鹅肝  1.2-1.3kg 1个','good_image/30002.jpg','1200g',420.00,22,'<ul id=\"parameter-brand\" class=\"p-parameter-list\" style=\"margin: 0px; padding: 20px 0px 0px; list-style: none; overflow: hidden; color: #666666; font-family: tahoma, arial, \'Microsoft YaHei\', \'Hiragino Sans GB\', u5b8bu4f53, sans-serif; font-size: 12px;\">\r\n<li style=\"margin: 0px 0px 5px; padding: 0px 0px 0px 42px; white-space: nowrap; text-overflow: ellipsis; overflow: hidden; width: 485px; float: left;\" title=\"聚福鲜（jufuxian）\">品牌：&nbsp;<a style=\"margin: 0px; padding: 0px; color: #5e69ad; text-decoration-line: none;\" href=\"https://list.jd.com/list.html?cat=12218,13586,13590&amp;ev=exbrand_51873\" target=\"_blank\">聚福鲜（jufuxian）</a></li>\r\n</ul>\r\n<ul class=\"parameter2 p-parameter-list\" style=\"margin: 0px; padding: 20px 0px 15px; list-style: none; overflow: hidden; color: #666666; font-family: tahoma, arial, \'Microsoft YaHei\', \'Hiragino Sans GB\', u5b8bu4f53, sans-serif; font-size: 12px;\">\r\n<li style=\"margin: 0px 0px 5px; padding: 0px 0px 0px 42px; white-space: nowrap; text-overflow: ellipsis; overflow: hidden; width: 200px; float: left;\" title=\"聚福鲜 山东冷冻法式鹅肝 1.2-1.3kg 1个 \">商品名称：聚福鲜 山东冷冻法式鹅肝 1.2-1.3kg 1个</li>\r\n<li style=\"margin: 0px 0px 5px; padding: 0px 0px 0px 42px; white-space: nowrap; text-overflow: ellipsis; overflow: hidden; width: 200px; float: left;\" title=\"1073582899\">商品编号：1073582899</li>\r\n<li style=\"margin: 0px 0px 5px; padding: 0px 0px 0px 42px; white-space: nowrap; text-overflow: ellipsis; overflow: hidden; width: 200px; float: left;\" title=\"聚福鲜官方旗舰店\">店铺：&nbsp;<a style=\"margin: 0px; padding: 0px; color: #5e69ad; text-decoration-line: none;\" href=\"https://jufuxian.jd.com/\" target=\"_blank\">聚福鲜官方旗舰店</a></li>\r\n<li style=\"margin: 0px 0px 5px; padding: 0px 0px 0px 42px; white-space: nowrap; text-overflow: ellipsis; overflow: hidden; width: 200px; float: left;\" title=\"1.0kg\">商品毛重：1.0kg</li>\r\n<li style=\"margin: 0px 0px 5px; padding: 0px 0px 0px 42px; white-space: nowrap; text-overflow: ellipsis; overflow: hidden; width: 200px; float: left;\" title=\"冷冻\">保存状态：冷冻</li>\r\n<li style=\"margin: 0px 0px 5px; padding: 0px 0px 0px 42px; white-space: nowrap; text-overflow: ellipsis; overflow: hidden; width: 200px; float: left;\" title=\"1kg-1.5kg\">重量：1kg-1.5kg</li>\r\n<li style=\"margin: 0px 0px 5px; padding: 0px 0px 0px 42px; white-space: nowrap; text-overflow: ellipsis; overflow: hidden; width: 200px; float: left;\" title=\"圈养\">饲养方式：圈养</li>\r\n<li style=\"margin: 0px 0px 5px; padding: 0px 0px 0px 42px; white-space: nowrap; text-overflow: ellipsis; overflow: hidden; width: 200px; float: left;\" title=\"鹅\">分类：鹅</li>\r\n<li style=\"margin: 0px 0px 5px; padding: 0px 0px 0px 42px; white-space: nowrap; text-overflow: ellipsis; overflow: hidden; width: 200px; float: left;\" title=\"简装\">包装：简装</li>\r\n</ul>','聚福鲜',1,4),(17,'溧阳馆 咸鹅','秋冬养身暖胃必备，溧阳特产周城羊肉火锅，美味新鲜上市，特价来袭，欲购从速！！！','good_image/30003.jpg','1300g',780.00,22,'<ul id=\"parameter-brand\" class=\"p-parameter-list\" style=\"margin: 0px; padding: 20px 0px 0px; list-style: none; overflow: hidden; color: #666666; font-family: tahoma, arial, \'Microsoft YaHei\', \'Hiragino Sans GB\', u5b8bu4f53, sans-serif; font-size: 12px;\">\r\n<li style=\"margin: 0px 0px 5px; padding: 0px 0px 0px 42px; list-style: none; white-space: nowrap; text-overflow: ellipsis; overflow: hidden; width: 485px; float: left;\" title=\"天目湖（TIANMUHU）\">品牌：&nbsp;<a style=\"margin: 0px; padding: 0px; color: #5e69ad; text-decoration-line: none;\" href=\"https://list.jd.com/list.html?cat=12218,13586,13590&amp;ev=exbrand_90342\" target=\"_blank\">天目湖（TIANMUHU）</a></li>\r\n</ul>\r\n<ul class=\"parameter2 p-parameter-list\" style=\"margin: 0px; padding: 20px 0px 15px; list-style: none; overflow: hidden; color: #666666; font-family: tahoma, arial, \'Microsoft YaHei\', \'Hiragino Sans GB\', u5b8bu4f53, sans-serif; font-size: 12px;\">\r\n<li style=\"margin: 0px 0px 5px; padding: 0px 0px 0px 42px; list-style: none; white-space: nowrap; text-overflow: ellipsis; overflow: hidden; width: 200px; float: left;\" title=\"溧阳馆  咸鹅 天目湖特产农家手工腌制晒干老鹅年货腊味 真空包装 1.3kg\">商品名称：溧阳馆 咸鹅 天目湖特产农家手工腌制晒干老鹅年货腊味 真空包装 1.3kg</li>\r\n<li style=\"margin: 0px 0px 5px; padding: 0px 0px 0px 42px; list-style: none; white-space: nowrap; text-overflow: ellipsis; overflow: hidden; width: 200px; float: left;\" title=\"24016962979\">商品编号：24016962979</li>\r\n<li style=\"margin: 0px 0px 5px; padding: 0px 0px 0px 42px; list-style: none; white-space: nowrap; text-overflow: ellipsis; overflow: hidden; width: 200px; float: left;\" title=\"中国特产&middot;溧阳馆\">店铺：&nbsp;<a style=\"margin: 0px; padding: 0px; color: #5e69ad; text-decoration-line: none;\" href=\"https://liyang.jd.com/\" target=\"_blank\">中国特产&middot;溧阳馆</a></li>\r\n<li style=\"margin: 0px 0px 5px; padding: 0px 0px 0px 42px; list-style: none; white-space: nowrap; text-overflow: ellipsis; overflow: hidden; width: 200px; float: left;\" title=\"1.5kg\">商品毛重：1.5kg</li>\r\n<li style=\"margin: 0px 0px 5px; padding: 0px 0px 0px 42px; list-style: none; white-space: nowrap; text-overflow: ellipsis; overflow: hidden; width: 200px; float: left;\" title=\"冷藏\">保存状态：冷藏</li>\r\n<li style=\"margin: 0px 0px 5px; padding: 0px 0px 0px 42px; list-style: none; white-space: nowrap; text-overflow: ellipsis; overflow: hidden; width: 200px; float: left;\" title=\"1kg-1.5kg\">重量：1kg-1.5kg</li>\r\n<li style=\"margin: 0px 0px 5px; padding: 0px 0px 0px 42px; list-style: none; white-space: nowrap; text-overflow: ellipsis; overflow: hidden; width: 200px; float: left;\" title=\"散养\">饲养方式：散养</li>\r\n<li style=\"margin: 0px 0px 5px; padding: 0px 0px 0px 42px; list-style: none; white-space: nowrap; text-overflow: ellipsis; overflow: hidden; width: 200px; float: left;\" title=\"鹅\">分类：鹅</li>\r\n<li style=\"margin: 0px 0px 5px; padding: 0px 0px 0px 42px; list-style: none; white-space: nowrap; text-overflow: ellipsis; overflow: hidden; width: 200px; float: left;\" title=\"简装\">包装：简装</li>\r\n</ul>','天目湖',1,4),(18,'上海青','原滋原味】【新鲜采摘】天然种植，品质蔬菜，叶片色泽翠绿，口感柔嫩鲜美！一日三餐，品质鲜蔬','good_image/40001.jpg','400g',9.90,329,'<ul id=\"parameter-brand\" class=\"p-parameter-list\" style=\"margin: 0px; padding: 20px 0px 0px; list-style: none; overflow: hidden; color: #666666; font-family: tahoma, arial, \'Microsoft YaHei\', \'Hiragino Sans GB\', u5b8bu4f53, sans-serif; font-size: 12px;\">\r\n<li style=\"margin: 0px 0px 5px; padding: 0px 0px 0px 42px; white-space: nowrap; text-overflow: ellipsis; overflow: hidden; width: 485px; float: left;\" title=\"绿鲜知（greenseer）\">品牌：&nbsp;<a style=\"margin: 0px; padding: 0px; color: #5e69ad; text-decoration-line: none;\" href=\"https://list.jd.com/list.html?cat=12218,13553,13573&amp;ev=exbrand_215976\" target=\"_blank\">绿鲜知（greenseer）</a></li>\r\n</ul>\r\n<ul class=\"parameter2 p-parameter-list\" style=\"margin: 0px; padding: 20px 0px 15px; list-style: none; overflow: hidden; color: #666666; font-family: tahoma, arial, \'Microsoft YaHei\', \'Hiragino Sans GB\', u5b8bu4f53, sans-serif; font-size: 12px;\">\r\n<li style=\"margin: 0px 0px 5px; padding: 0px 0px 0px 42px; white-space: nowrap; text-overflow: ellipsis; overflow: hidden; width: 200px; float: left;\" title=\"绿鲜知上海青\">商品名称：绿鲜知上海青</li>\r\n<li style=\"margin: 0px 0px 5px; padding: 0px 0px 0px 42px; white-space: nowrap; text-overflow: ellipsis; overflow: hidden; width: 200px; float: left;\" title=\"3685209\">商品编号：3685209</li>\r\n<li style=\"margin: 0px 0px 5px; padding: 0px 0px 0px 42px; white-space: nowrap; text-overflow: ellipsis; overflow: hidden; width: 200px; float: left;\" title=\"400.00g\">商品毛重：400.00g</li>\r\n<li style=\"margin: 0px 0px 5px; padding: 0px 0px 0px 42px; white-space: nowrap; text-overflow: ellipsis; overflow: hidden; width: 200px; float: left;\" title=\"北京\">商品产地：北京</li>\r\n<li style=\"margin: 0px 0px 5px; padding: 0px 0px 0px 42px; white-space: nowrap; text-overflow: ellipsis; overflow: hidden; width: 200px; float: left;\" title=\"上海青/油菜\">分类：上海青/油菜</li>\r\n<li style=\"margin: 0px 0px 5px; padding: 0px 0px 0px 42px; white-space: nowrap; text-overflow: ellipsis; overflow: hidden; width: 200px; float: left;\" title=\"200-600g\">重量：200-600g</li>\r\n<li style=\"margin: 0px 0px 5px; padding: 0px 0px 0px 42px; white-space: nowrap; text-overflow: ellipsis; overflow: hidden; width: 200px; float: left;\" title=\"火锅，炒菜，烧烤\">烹饪建议：火锅，炒菜，烧烤</li>\r\n</ul>','绿鲜知',1,5),(19,'西红柿','凡谷归真 西红柿 番茄 约1.25kg 新鲜蔬菜','good_image/40002.jpg','1200g',26.90,33,'<ul id=\"parameter-brand\" class=\"p-parameter-list\" style=\"margin: 0px; padding: 20px 0px 0px; list-style: none; overflow: hidden; color: #666666; font-family: tahoma, arial, \'Microsoft YaHei\', \'Hiragino Sans GB\', u5b8bu4f53, sans-serif; font-size: 12px;\">\r\n<li style=\"margin: 0px 0px 5px; padding: 0px 0px 0px 42px; white-space: nowrap; text-overflow: ellipsis; overflow: hidden; width: 485px; float: left;\" title=\"凡谷归真\">品牌：&nbsp;<a style=\"margin: 0px; padding: 0px; color: #5e69ad; text-decoration-line: none;\" href=\"https://list.jd.com/list.html?cat=12218,13553,13574&amp;ev=exbrand_274563\" target=\"_blank\">凡谷归真</a></li>\r\n</ul>\r\n<ul class=\"parameter2 p-parameter-list\" style=\"margin: 0px; padding: 20px 0px 15px; list-style: none; overflow: hidden; color: #666666; font-family: tahoma, arial, \'Microsoft YaHei\', \'Hiragino Sans GB\', u5b8bu4f53, sans-serif; font-size: 12px;\">\r\n<li style=\"margin: 0px 0px 5px; padding: 0px 0px 0px 42px; white-space: nowrap; text-overflow: ellipsis; overflow: hidden; width: 200px; float: left;\" title=\"凡谷归真西红柿 1.25kg\">商品名称：凡谷归真西红柿 1.25kg</li>\r\n<li style=\"margin: 0px 0px 5px; padding: 0px 0px 0px 42px; white-space: nowrap; text-overflow: ellipsis; overflow: hidden; width: 200px; float: left;\" title=\"4870940\">商品编号：4870940</li>\r\n<li style=\"margin: 0px 0px 5px; padding: 0px 0px 0px 42px; white-space: nowrap; text-overflow: ellipsis; overflow: hidden; width: 200px; float: left;\" title=\"1.4kg\">商品毛重：1.4kg</li>\r\n<li style=\"margin: 0px 0px 5px; padding: 0px 0px 0px 42px; white-space: nowrap; text-overflow: ellipsis; overflow: hidden; width: 200px; float: left;\" title=\"山西\">商品产地：山西</li>\r\n<li style=\"margin: 0px 0px 5px; padding: 0px 0px 0px 42px; white-space: nowrap; text-overflow: ellipsis; overflow: hidden; width: 200px; float: left;\" title=\"1kg-2.5kg\">重量：1kg-2.5kg</li>\r\n<li style=\"margin: 0px 0px 5px; padding: 0px 0px 0px 42px; white-space: nowrap; text-overflow: ellipsis; overflow: hidden; width: 200px; float: left;\" title=\"西红柿\">分类：西红柿</li>\r\n</ul>','凡谷归真',1,5),(20,'三宝白菜','菜身白嫩光滑，水润新鲜，口感脆嫩清新，回味淡甜， 素有“百菜不如白菜”之称，如此低调的它，你知道吗？一日三餐，品质鲜蔬','good_image/40003.jpg','1000g',12.80,22,'<ul id=\"parameter-brand\" class=\"p-parameter-list\" style=\"margin: 0px; padding: 20px 0px 0px; list-style: none; overflow: hidden; color: #666666; font-family: tahoma, arial, \'Microsoft YaHei\', \'Hiragino Sans GB\', u5b8bu4f53, sans-serif; font-size: 12px;\">\r\n<li style=\"margin: 0px 0px 5px; padding: 0px 0px 0px 42px; white-space: nowrap; text-overflow: ellipsis; overflow: hidden; width: 485px; float: left;\" title=\"绿鲜知（greenseer）\">品牌：&nbsp;<a style=\"margin: 0px; padding: 0px; color: #5e69ad; text-decoration-line: none;\" href=\"https://list.jd.com/list.html?cat=12218,13553,13573&amp;ev=exbrand_215976\" target=\"_blank\">绿鲜知（greenseer）</a></li>\r\n</ul>\r\n<ul class=\"parameter2 p-parameter-list\" style=\"margin: 0px; padding: 20px 0px 15px; list-style: none; overflow: hidden; color: #666666; font-family: tahoma, arial, \'Microsoft YaHei\', \'Hiragino Sans GB\', u5b8bu4f53, sans-serif; font-size: 12px;\">\r\n<li style=\"margin: 0px 0px 5px; padding: 0px 0px 0px 42px; white-space: nowrap; text-overflow: ellipsis; overflow: hidden; width: 200px; float: left;\" title=\"绿鲜知三宝白菜\">商品名称：绿鲜知三宝白菜</li>\r\n<li style=\"margin: 0px 0px 5px; padding: 0px 0px 0px 42px; white-space: nowrap; text-overflow: ellipsis; overflow: hidden; width: 200px; float: left;\" title=\"3742801\">商品编号：3742801</li>\r\n<li style=\"margin: 0px 0px 5px; padding: 0px 0px 0px 42px; white-space: nowrap; text-overflow: ellipsis; overflow: hidden; width: 200px; float: left;\" title=\"0.8kg\">商品毛重：0.8kg</li>\r\n<li style=\"margin: 0px 0px 5px; padding: 0px 0px 0px 42px; white-space: nowrap; text-overflow: ellipsis; overflow: hidden; width: 200px; float: left;\" title=\"北京\">商品产地：北京</li>\r\n<li style=\"margin: 0px 0px 5px; padding: 0px 0px 0px 42px; white-space: nowrap; text-overflow: ellipsis; overflow: hidden; width: 200px; float: left;\" title=\"白菜\">分类：白菜</li>\r\n<li style=\"margin: 0px 0px 5px; padding: 0px 0px 0px 42px; white-space: nowrap; text-overflow: ellipsis; overflow: hidden; width: 200px; float: left;\" title=\"1kg以上\">重量：1kg以上</li>\r\n<li style=\"margin: 0px 0px 5px; padding: 0px 0px 0px 42px; white-space: nowrap; text-overflow: ellipsis; overflow: hidden; width: 200px; float: left;\" title=\"火锅，炒菜\">烹饪建议：火锅，炒菜</li>\r\n</ul>','绿鲜知',1,5),(21,'胡萝卜','萝卜万千，鲜知更鲜，好在生态，贵在品质','good_image/40004.jpg','700g',9.90,122,'<ul id=\"parameter-brand\" class=\"p-parameter-list\" style=\"margin: 0px; padding: 20px 0px 0px; list-style: none; overflow: hidden; color: #666666; font-family: tahoma, arial, \'Microsoft YaHei\', \'Hiragino Sans GB\', u5b8bu4f53, sans-serif; font-size: 12px;\">\r\n<li style=\"margin: 0px 0px 5px; padding: 0px 0px 0px 42px; white-space: nowrap; text-overflow: ellipsis; overflow: hidden; width: 485px; float: left;\" title=\"绿鲜知（greenseer）\">品牌：&nbsp;<a style=\"margin: 0px; padding: 0px; color: #5e69ad; text-decoration-line: none;\" href=\"https://list.jd.com/list.html?cat=12218,13553,13575&amp;ev=exbrand_215976\" target=\"_blank\">绿鲜知（greenseer）</a></li>\r\n</ul>\r\n<ul class=\"parameter2 p-parameter-list\" style=\"margin: 0px; padding: 20px 0px 15px; list-style: none; overflow: hidden; color: #666666; font-family: tahoma, arial, \'Microsoft YaHei\', \'Hiragino Sans GB\', u5b8bu4f53, sans-serif; font-size: 12px;\">\r\n<li style=\"margin: 0px 0px 5px; padding: 0px 0px 0px 42px; white-space: nowrap; text-overflow: ellipsis; overflow: hidden; width: 200px; float: left;\" title=\"绿鲜知胡萝卜\">商品名称：绿鲜知胡萝卜</li>\r\n<li style=\"margin: 0px 0px 5px; padding: 0px 0px 0px 42px; white-space: nowrap; text-overflow: ellipsis; overflow: hidden; width: 200px; float: left;\" title=\"4116192\">商品编号：4116192</li>\r\n<li style=\"margin: 0px 0px 5px; padding: 0px 0px 0px 42px; white-space: nowrap; text-overflow: ellipsis; overflow: hidden; width: 200px; float: left;\" title=\"0.7kg\">商品毛重：0.7kg</li>\r\n<li style=\"margin: 0px 0px 5px; padding: 0px 0px 0px 42px; white-space: nowrap; text-overflow: ellipsis; overflow: hidden; width: 200px; float: left;\" title=\"北京\">商品产地：北京</li>\r\n<li style=\"margin: 0px 0px 5px; padding: 0px 0px 0px 42px; white-space: nowrap; text-overflow: ellipsis; overflow: hidden; width: 200px; float: left;\" title=\"简装\">包装：简装</li>\r\n<li style=\"margin: 0px 0px 5px; padding: 0px 0px 0px 42px; white-space: nowrap; text-overflow: ellipsis; overflow: hidden; width: 200px; float: left;\" title=\"萝卜\">分类：萝卜</li>\r\n<li style=\"margin: 0px 0px 5px; padding: 0px 0px 0px 42px; white-space: nowrap; text-overflow: ellipsis; overflow: hidden; width: 200px; float: left;\" title=\"500-1kg\">重量：500-1kg</li>\r\n<li style=\"margin: 0px 0px 5px; padding: 0px 0px 0px 42px; white-space: nowrap; text-overflow: ellipsis; overflow: hidden; width: 200px; float: left;\" title=\"火锅，炒菜，炖菜，煎炸，蒸菜\">烹饪建议：火锅，炒菜，炖菜，煎炸，蒸菜</li>\r\n<li></li>\r\n</ul>','绿鲜知',1,5),(22,'红洋葱','【沙拉配菜】【轻享食材】【夏日推荐】精心培育，自然生长，果实椭圆，外摆圆润，肉质微红，鲜亮有光泽！一日三餐，品质鲜蔬','good_image/40005.jpg','500g',8.80,111,'<ul id=\"parameter-brand\" class=\"p-parameter-list\" style=\"margin: 0px; padding: 20px 0px 0px; list-style: none; overflow: hidden; color: #666666; font-family: tahoma, arial, \'Microsoft YaHei\', \'Hiragino Sans GB\', u5b8bu4f53, sans-serif; font-size: 12px;\">\r\n<li style=\"margin: 0px 0px 5px; padding: 0px 0px 0px 42px; white-space: nowrap; text-overflow: ellipsis; overflow: hidden; width: 485px; float: left;\" title=\"绿鲜知（greenseer）\">品牌：&nbsp;<a style=\"margin: 0px; padding: 0px; color: #5e69ad; text-decoration-line: none;\" href=\"https://list.jd.com/list.html?cat=12218,13553,13575&amp;ev=exbrand_215976\" target=\"_blank\">绿鲜知（greenseer）</a></li>\r\n</ul>\r\n<ul class=\"parameter2 p-parameter-list\" style=\"margin: 0px; padding: 20px 0px 15px; list-style: none; overflow: hidden; color: #666666; font-family: tahoma, arial, \'Microsoft YaHei\', \'Hiragino Sans GB\', u5b8bu4f53, sans-serif; font-size: 12px;\">\r\n<li style=\"margin: 0px 0px 5px; padding: 0px 0px 0px 42px; white-space: nowrap; text-overflow: ellipsis; overflow: hidden; width: 200px; float: left;\" title=\"绿鲜知红洋葱\">商品名称：绿鲜知红洋葱</li>\r\n<li style=\"margin: 0px 0px 5px; padding: 0px 0px 0px 42px; white-space: nowrap; text-overflow: ellipsis; overflow: hidden; width: 200px; float: left;\" title=\"4116448\">商品编号：4116448</li>\r\n<li style=\"margin: 0px 0px 5px; padding: 0px 0px 0px 42px; white-space: nowrap; text-overflow: ellipsis; overflow: hidden; width: 200px; float: left;\" title=\"500.00g\">商品毛重：500.00g</li>\r\n<li style=\"margin: 0px 0px 5px; padding: 0px 0px 0px 42px; white-space: nowrap; text-overflow: ellipsis; overflow: hidden; width: 200px; float: left;\" title=\"云南玉溪\">商品产地：云南玉溪</li>\r\n<li style=\"margin: 0px 0px 5px; padding: 0px 0px 0px 42px; white-space: nowrap; text-overflow: ellipsis; overflow: hidden; width: 200px; float: left;\" title=\"简装\">包装：简装</li>\r\n<li style=\"margin: 0px 0px 5px; padding: 0px 0px 0px 42px; white-space: nowrap; text-overflow: ellipsis; overflow: hidden; width: 200px; float: left;\" title=\"洋葱\">分类：洋葱</li>\r\n<li style=\"margin: 0px 0px 5px; padding: 0px 0px 0px 42px; white-space: nowrap; text-overflow: ellipsis; overflow: hidden; width: 200px; float: left;\" title=\"500-1kg\">重量：500-1kg</li>\r\n<li style=\"margin: 0px 0px 5px; padding: 0px 0px 0px 42px; white-space: nowrap; text-overflow: ellipsis; overflow: hidden; width: 200px; float: left;\" title=\"火锅，炒菜，煎炸，蒸菜，烧烤\">烹饪建议：火锅，炒菜，煎炸，蒸菜，烧烤</li>\r\n<li></li>\r\n</ul>','绿鲜知',1,5),(23,'冰菜 冰草 沙拉菜','顺丰冷链，送沙拉酱 优质精选，叶片肥嫩，来自沙滩的清爽蔬菜，为自己带盐','good_image/40006.jpg','1500g',59.60,300,'<div class=\"p-parameter\" style=\"margin: 0px 0px 10px; padding: 0px 10px 10px; border-bottom: 1px solid #eeeeee; color: #666666; font-family: tahoma, arial, \'Microsoft YaHei\', \'Hiragino Sans GB\', u5b8bu4f53, sans-serif; font-size: 12px;\">\r\n<ul id=\"parameter-brand\" class=\"p-parameter-list\" style=\"margin: 0px; padding: 20px 0px 0px; list-style: none; overflow: hidden;\">\r\n<li style=\"margin: 0px 0px 5px; padding: 0px 0px 0px 42px; white-space: nowrap; text-overflow: ellipsis; overflow: hidden; width: 485px; float: left;\" title=\"农大姐妹\">品牌：&nbsp;农大姐妹</li>\r\n</ul>\r\n<ul class=\"parameter2 p-parameter-list\" style=\"margin: 0px; padding: 20px 0px 15px; list-style: none; overflow: hidden;\">\r\n<li style=\"margin: 0px 0px 5px; padding: 0px 0px 0px 42px; white-space: nowrap; text-overflow: ellipsis; overflow: hidden; width: 200px; float: left;\" title=\"农大姐妹 冰菜 冰草 沙拉菜 1.5kg(包邮顺丰)送沙拉酱 清脆爽口健康蔬菜 草绿色\">商品名称：农大姐妹 冰菜 冰草 沙拉菜 1.5kg(包邮顺丰)送沙拉酱 清脆爽口健康蔬菜 草绿色</li>\r\n<li style=\"margin: 0px 0px 5px; padding: 0px 0px 0px 42px; white-space: nowrap; text-overflow: ellipsis; overflow: hidden; width: 200px; float: left;\" title=\"25659597814\">商品编号：25659597814</li>\r\n<li style=\"margin: 0px 0px 5px; padding: 0px 0px 0px 42px; white-space: nowrap; text-overflow: ellipsis; overflow: hidden; width: 200px; float: left;\" title=\"农大姐妹生鲜旗舰店\">店铺：&nbsp;<span style=\"color: #5e69ad;\">农大姐妹生鲜旗舰店</span></li>\r\n<li style=\"margin: 0px 0px 5px; padding: 0px 0px 0px 42px; white-space: nowrap; text-overflow: ellipsis; overflow: hidden; width: 200px; float: left;\" title=\"2.0kg\">商品毛重：2.0kg</li>\r\n<li style=\"margin: 0px 0px 5px; padding: 0px 0px 0px 42px; white-space: nowrap; text-overflow: ellipsis; overflow: hidden; width: 200px; float: left;\" title=\"中国大陆\">商品产地：中国大陆</li>\r\n<li style=\"margin: 0px 0px 5px; padding: 0px 0px 0px 42px; white-space: nowrap; text-overflow: ellipsis; overflow: hidden; width: 200px; float: left;\" title=\"bc001\">货号：bc001</li>\r\n<li style=\"margin: 0px 0px 5px; padding: 0px 0px 0px 42px; white-space: nowrap; text-overflow: ellipsis; overflow: hidden; width: 200px; float: left;\" title=\"其它\">分类：其它</li>\r\n<li style=\"margin: 0px 0px 5px; padding: 0px 0px 0px 42px; white-space: nowrap; text-overflow: ellipsis; overflow: hidden; width: 200px; float: left;\" title=\"1kg以上\">重量：1kg以上</li>\r\n<li style=\"margin: 0px 0px 5px; padding: 0px 0px 0px 42px; white-space: nowrap; text-overflow: ellipsis; overflow: hidden; width: 200px; float: left;\" title=\"火锅，炒菜\">烹饪建议：火锅，炒菜</li>\r\n</ul>\r\n<p class=\"more-par\" style=\"margin: -5px 0px 0px; padding: 0px 20px 0px 0px; text-align: right;\"><a class=\"J-more-param\" style=\"margin: 0px; padding: 0px; color: #005aa0; text-decoration-line: none;\" href=\"https://item.jd.com/25659597814.html?jd_pop=6132f59b-2571-4fbe-97ab-4f3d6b836d85&amp;abt=0#product-detail\">&nbsp;</a></p>\r\n</div>\r\n<div id=\"suyuan-video\" style=\"margin: 0px; padding: 0px; color: #666666; font-family: tahoma, arial, \'Microsoft YaHei\', \'Hiragino Sans GB\', u5b8bu4f53, sans-serif; font-size: 12px;\">&nbsp;</div>\r\n<div id=\"J-detail-banner\" style=\"margin: 0px; padding: 0px; text-align: center; color: #666666; font-family: tahoma, arial, \'Microsoft YaHei\', \'Hiragino Sans GB\', u5b8bu4f53, sans-serif; font-size: 12px;\">&nbsp;</div>\r\n<div id=\"J-detail-pop-tpl-top-new\" style=\"margin: 0px; padding: 0px; overflow: hidden; color: #666666; font-family: tahoma, arial, \'Microsoft YaHei\', \'Hiragino Sans GB\', u5b8bu4f53, sans-serif; font-size: 12px;\">&nbsp;</div>\r\n<div class=\"detail-content clearfix\" style=\"margin: 10px 0px; padding: 0px; position: relative; background: #f7f7f7; color: #666666; font-family: tahoma, arial, \'Microsoft YaHei\', \'Hiragino Sans GB\', u5b8bu4f53, sans-serif; font-size: 12px;\" data-name=\"z-have-detail-nav\">\r\n<div class=\"detail-content-wrap\" style=\"margin: 0px; padding: 0px; width: 990px; float: left; background-color: #ffffff;\">\r\n<div class=\"detail-content-item\" style=\"margin: 0px; padding: 0px; width: 990px;\">\r\n<div id=\"activity_header\" style=\"margin: 0px; padding: 0px;\">&nbsp;</div>\r\n<div id=\"J-detail-content\" style=\"margin: 0px; padding: 0px;\"><br /><br /><img style=\"margin: 0px; padding: 0px; vertical-align: middle;\" src=\"https://img13.360buyimg.com/popWaterMark/jfs/t26032/13/1854730232/165928/3171a4b2/5bbdc18cNb148fcc3.jpg\" alt=\"\" /><br /><img style=\"margin: 0px; padding: 0px; vertical-align: middle;\" src=\"https://img30.360buyimg.com/popWaterMark/jfs/t18295/167/534854055/134852/48a57a9d/5a92c56cNca7f9a30.jpg\" alt=\"\" /><br /><img style=\"margin: 0px; padding: 0px; vertical-align: middle;\" src=\"https://img30.360buyimg.com/popWaterMark/jfs/t15892/225/2144112922/103666/2a979703/5a92c56cN874ca6a7.jpg\" alt=\"\" /><br /><img style=\"margin: 0px; padding: 0px; vertical-align: middle;\" src=\"https://img30.360buyimg.com/popWaterMark/jfs/t15226/23/2287418020/156893/b0c7d8ee/5a92c56cNc9a6632c.jpg\" alt=\"\" /><br /><img style=\"margin: 0px; padding: 0px; vertical-align: middle;\" src=\"https://img30.360buyimg.com/popWaterMark/jfs/t15352/9/2223231196/176268/89cb1223/5a92c56cN5d5e3abc.jpg\" alt=\"\" /><br /><img style=\"margin: 0px; padding: 0px; vertical-align: middle;\" src=\"https://img30.360buyimg.com/popWaterMark/jfs/t15310/361/2283100611/123233/6ee1c5b4/5a92c56cNa26d243f.jpg\" alt=\"\" /><br /><img class=\"ELazy-loading\" style=\"margin: 0px; padding: 0px; vertical-align: middle; background: url(\'data:image/gif;base64,R0lGODlhKwAeAJEAAP///93d3Xq9VAAAACH/C05FVFNDQVBFMi4wAwEAAAAh+QQFFAAAACwDAA0AJQADAAACEpSPAhDtHxacqcr5Lm416f1hBQAh+QQJFAAAACwDAA0AJQADAAACFIyPAcLtDKKcMtn1Mt3RJpw53FYAACH5BAkUAAAALAMADQAlAAMAAAIUjI8BkL0CoxQtrYrenPjcrgDbVAAAOw==\') center center no-repeat;\" src=\"https://img30.360buyimg.com/popWaterMark/jfs/t15748/248/2143551438/247418/620bd99d/5a92c56cN31dbec5c.jpg\" alt=\"\" /><br /><img class=\"ELazy-loading\" style=\"margin: 0px; padding: 0px; vertical-align: middle; background: url(\'data:image/gif;base64,R0lGODlhKwAeAJEAAP///93d3Xq9VAAAACH/C05FVFNDQVBFMi4wAwEAAAAh+QQFFAAAACwDAA0AJQADAAACEpSPAhDtHxacqcr5Lm416f1hBQAh+QQJFAAAACwDAA0AJQADAAACFIyPAcLtDKKcMtn1Mt3RJpw53FYAACH5BAkUAAAALAMADQAlAAMAAAIUjI8BkL0CoxQtrYrenPjcrgDbVAAAOw==\') center center no-repeat;\" src=\"https://img30.360buyimg.com/popWaterMark/jfs/t18355/64/511125407/164373/f06b1290/5a92c56cNb88fb4e2.jpg\" alt=\"\" /><br /><img class=\"ELazy-loading\" style=\"margin: 0px; padding: 0px; vertical-align: middle; background: url(\'data:image/gif;base64,R0lGODlhKwAeAJEAAP///93d3Xq9VAAAACH/C05FVFNDQVBFMi4wAwEAAAAh+QQFFAAAACwDAA0AJQADAAACEpSPAhDtHxacqcr5Lm416f1hBQAh+QQJFAAAACwDAA0AJQADAAACFIyPAcLtDKKcMtn1Mt3RJpw53FYAACH5BAkUAAAALAMADQAlAAMAAAIUjI8BkL0CoxQtrYrenPjcrgDbVAAAOw==\') center center no-repeat;\" src=\"https://img30.360buyimg.com/popWaterMark/jfs/t14815/214/2274638067/183365/9edafc02/5a92c56cN0dfe5432.jpg\" alt=\"\" /><br /><img class=\"ELazy-loading\" style=\"margin: 0px; padding: 0px; vertical-align: middle; background: url(\'data:image/gif;base64,R0lGODlhKwAeAJEAAP///93d3Xq9VAAAACH/C05FVFNDQVBFMi4wAwEAAAAh+QQFFAAAACwDAA0AJQADAAACEpSPAhDtHxacqcr5Lm416f1hBQAh+QQJFAAAACwDAA0AJQADAAACFIyPAcLtDKKcMtn1Mt3RJpw53FYAACH5BAkUAAAALAMADQAlAAMAAAIUjI8BkL0CoxQtrYrenPjcrgDbVAAAOw==\') center center no-repeat;\" src=\"https://img30.360buyimg.com/popWaterMark/jfs/t19603/115/511074348/151116/628f3b9/5a92c56bNa3d6bf89.jpg\" alt=\"\" /></div>\r\n</div>\r\n</div>\r\n</div>','农大姐妹',1,5),(24,'有机蔬菜套装','【默认保鲜包装，需要自选品种可联系客服选菜】生态原产地种植，连续7年有机认证，孕妈宝宝食材','good_image/40007.jpg','4000g',195.00,22,'<ul id=\"parameter-brand\" class=\"p-parameter-list\" style=\"margin: 0px; padding: 20px 0px 0px; list-style: none; overflow: hidden; color: #666666; font-family: tahoma, arial, \'Microsoft YaHei\', \'Hiragino Sans GB\', u5b8bu4f53, sans-serif; font-size: 12px;\">\r\n<li style=\"margin: 0px 0px 5px; padding: 0px 0px 0px 42px; white-space: nowrap; text-overflow: ellipsis; overflow: hidden; width: 485px; float: left;\" title=\"有机汇\">品牌：&nbsp;<a style=\"margin: 0px; padding: 0px; color: #5e69ad; text-decoration-line: none;\" href=\"https://list.jd.com/list.html?cat=12218,13553,13575&amp;ev=exbrand_231998\" target=\"_blank\">有机汇</a></li>\r\n</ul>\r\n<ul class=\"parameter2 p-parameter-list\" style=\"margin: 0px; padding: 20px 0px 15px; list-style: none; overflow: hidden; color: #666666; font-family: tahoma, arial, \'Microsoft YaHei\', \'Hiragino Sans GB\', u5b8bu4f53, sans-serif; font-size: 12px;\">\r\n<li style=\"margin: 0px 0px 5px; padding: 0px 0px 0px 42px; white-space: nowrap; text-overflow: ellipsis; overflow: hidden; width: 200px; float: left;\" title=\"有机汇 有机蔬菜套装 欧盟美国中国有机认证体验装 供港基地 8斤蔬菜（也可以礼盒/礼品卡） \">商品名称：有机汇 有机蔬菜套装 欧盟美国中国有机认证体验装 供港基地 8斤蔬菜（也可以礼盒/礼品卡）</li>\r\n<li style=\"margin: 0px 0px 5px; padding: 0px 0px 0px 42px; white-space: nowrap; text-overflow: ellipsis; overflow: hidden; width: 200px; float: left;\" title=\"15967124221\">商品编号：15967124221</li>\r\n<li style=\"margin: 0px 0px 5px; padding: 0px 0px 0px 42px; white-space: nowrap; text-overflow: ellipsis; overflow: hidden; width: 200px; float: left;\" title=\"有机汇生鲜旗舰店\">店铺：&nbsp;<a style=\"margin: 0px; padding: 0px; color: #5e69ad; text-decoration-line: none;\" href=\"https://youjihui.jd.com/\" target=\"_blank\">有机汇生鲜旗舰店</a></li>\r\n<li style=\"margin: 0px 0px 5px; padding: 0px 0px 0px 42px; white-space: nowrap; text-overflow: ellipsis; overflow: hidden; width: 200px; float: left;\" title=\"4.0kg\">商品毛重：4.0kg</li>\r\n<li style=\"margin: 0px 0px 5px; padding: 0px 0px 0px 42px; white-space: nowrap; text-overflow: ellipsis; overflow: hidden; width: 200px; float: left;\" title=\"中国大陆\">商品产地：中国大陆</li>\r\n<li style=\"margin: 0px 0px 5px; padding: 0px 0px 0px 42px; white-space: nowrap; text-overflow: ellipsis; overflow: hidden; width: 200px; float: left;\" title=\"有机\">资质认证：有机</li>\r\n<li style=\"margin: 0px 0px 5px; padding: 0px 0px 0px 42px; white-space: nowrap; text-overflow: ellipsis; overflow: hidden; width: 200px; float: left;\" title=\"2.5kg以上\">重量：2.5kg以上</li>\r\n<li style=\"margin: 0px 0px 5px; padding: 0px 0px 0px 42px; white-space: nowrap; text-overflow: ellipsis; overflow: hidden; width: 200px; float: left;\" title=\"其它\">分类：其它</li>\r\n<li style=\"margin: 0px 0px 5px; padding: 0px 0px 0px 42px; white-space: nowrap; text-overflow: ellipsis; overflow: hidden; width: 200px; float: left;\" title=\"礼盒装\">包装：礼盒装</li>\r\n<li style=\"margin: 0px 0px 5px; padding: 0px 0px 0px 42px; white-space: nowrap; text-overflow: ellipsis; overflow: hidden; width: 200px; float: left;\" title=\"卤菜，火锅，炒菜，炖菜，煎炸，蒸菜，烧烤\">烹饪建议：卤菜，火锅，炒菜，炖菜，煎炸，蒸菜，烧烤</li>\r\n<li></li>\r\n</ul>','有机汇',1,5),(25,'绿色混合沙拉菜食材','奥一农场绿色混合沙拉菜食材自制2斤 新鲜配送蔬菜生菜吃草即食轻食套装健身餐低脂低卡减脂脱脂包邮','good_image/40008.jpg','1000g',39.80,11,'<div class=\"p-parameter\" style=\"margin: 0px 0px 10px; padding: 0px 10px 10px; border-bottom: 1px solid #eeeeee; color: #666666; font-family: tahoma, arial, \'Microsoft YaHei\', \'Hiragino Sans GB\', u5b8bu4f53, sans-serif; font-size: 12px;\">\r\n<ul id=\"parameter-brand\" class=\"p-parameter-list\" style=\"margin: 0px; padding: 20px 0px 0px; list-style: none; overflow: hidden;\">\r\n<li style=\"margin: 0px 0px 5px; padding: 0px 0px 0px 42px; white-space: nowrap; text-overflow: ellipsis; overflow: hidden; width: 485px; float: left;\" title=\"奥一\">品牌：&nbsp;<a style=\"margin: 0px; padding: 0px; color: #5e69ad; text-decoration-line: none;\" href=\"https://list.jd.com/list.html?cat=12218,13553,13573&amp;ev=exbrand_318515\" target=\"_blank\">奥一</a></li>\r\n</ul>\r\n<ul class=\"parameter2 p-parameter-list\" style=\"margin: 0px; padding: 20px 0px 15px; list-style: none; overflow: hidden;\">\r\n<li style=\"margin: 0px 0px 5px; padding: 0px 0px 0px 42px; white-space: nowrap; text-overflow: ellipsis; overflow: hidden; width: 200px; float: left;\" title=\"奥一农场绿色混合沙拉菜食材自制2斤 新鲜配送蔬菜生菜吃草即食轻食套装健身餐低脂低卡减脂脱脂包邮\">商品名称：奥一农场绿色混合沙拉菜食材自制2斤 新鲜配送蔬菜生菜吃草即食轻食套装健身餐低脂低卡减脂脱脂包邮</li>\r\n<li style=\"margin: 0px 0px 5px; padding: 0px 0px 0px 42px; white-space: nowrap; text-overflow: ellipsis; overflow: hidden; width: 200px; float: left;\" title=\"29304001784\">商品编号：29304001784</li>\r\n<li style=\"margin: 0px 0px 5px; padding: 0px 0px 0px 42px; white-space: nowrap; text-overflow: ellipsis; overflow: hidden; width: 200px; float: left;\" title=\"奥一旗舰店\">店铺：&nbsp;<a style=\"margin: 0px; padding: 0px; color: #5e69ad; text-decoration-line: none;\" href=\"https://mall.jd.com/index-764230.html\" target=\"_blank\">奥一旗舰店</a></li>\r\n<li style=\"margin: 0px 0px 5px; padding: 0px 0px 0px 42px; white-space: nowrap; text-overflow: ellipsis; overflow: hidden; width: 200px; float: left;\" title=\"1.0kg\">商品毛重：1.0kg</li>\r\n<li style=\"margin: 0px 0px 5px; padding: 0px 0px 0px 42px; white-space: nowrap; text-overflow: ellipsis; overflow: hidden; width: 200px; float: left;\" title=\"中国大陆\">商品产地：中国大陆</li>\r\n<li style=\"margin: 0px 0px 5px; padding: 0px 0px 0px 42px; white-space: nowrap; text-overflow: ellipsis; overflow: hidden; width: 200px; float: left;\" title=\"1kg以上\">重量：1kg以上</li>\r\n<li style=\"margin: 0px 0px 5px; padding: 0px 0px 0px 42px; white-space: nowrap; text-overflow: ellipsis; overflow: hidden; width: 200px; float: left;\" title=\"其它\">分类：其它</li>\r\n</ul>\r\n<p class=\"more-par\" style=\"margin: -5px 0px 0px; padding: 0px 20px 0px 0px; text-align: right;\"><a class=\"J-more-param\" style=\"margin: 0px; padding: 0px; color: #005aa0; text-decoration-line: none;\" href=\"https://item.jd.com/29304001784.html?jd_pop=55f12f7c-a9ef-4a71-940f-e3ed5fcb69a4&amp;abt=0#product-detail\">更多参数<span class=\"txt-arr\">&gt;&gt;</span></a></p>\r\n</div>\r\n<div id=\"suyuan-video\" style=\"margin: 0px; padding: 0px; color: #666666; font-family: tahoma, arial, \'Microsoft YaHei\', \'Hiragino Sans GB\', u5b8bu4f53, sans-serif; font-size: 12px;\">&nbsp;</div>\r\n<div id=\"J-detail-banner\" style=\"margin: 0px; padding: 0px; text-align: center; color: #666666; font-family: tahoma, arial, \'Microsoft YaHei\', \'Hiragino Sans GB\', u5b8bu4f53, sans-serif; font-size: 12px;\">&nbsp;</div>\r\n<div id=\"J-detail-pop-tpl-top-new\" style=\"margin: 0px; padding: 0px; overflow: hidden; color: #666666; font-family: tahoma, arial, \'Microsoft YaHei\', \'Hiragino Sans GB\', u5b8bu4f53, sans-serif; font-size: 12px;\">\r\n<div id=\"shopNitice\" style=\"margin: 0px; padding: 0px; width: 990px;\"><a style=\"margin: 0px; padding: 0px; color: #666666; text-decoration-line: none;\" href=\"https://item.jd.com/29304001784.html?jd_pop=55f12f7c-a9ef-4a71-940f-e3ed5fcb69a4&amp;abt=0\"><img style=\"margin: 0px; padding: 0px; vertical-align: middle; width: 990px;\" src=\"https://img30.360buyimg.com/pop/jfs/t22591/43/2342775681/302782/e8c9795e/5b7be039N2c2f7242.png\" alt=\"\" /></a></div>\r\n<div id=\"activity\" style=\"margin: 0px; padding: 0px; width: 990px;\"><a style=\"margin: 0px; padding: 0px; color: #f30213; text-decoration-line: none;\" href=\"https://mall.jd.com/view_search-935691-9944546-99-1-24-1.html\"><img style=\"margin: 0px; padding: 0px; vertical-align: middle; width: 990px;\" src=\"https://img30.360buyimg.com/pop/jfs/t24706/78/2358694816/724828/49a64f33/5bc85369N4bbe0bf0.png\" alt=\"\" /></a></div>\r\n</div>','奥一',1,5),(26,'三峡红薯','【宜昌馆】三峡红薯5斤装 农家自种番薯 新鲜蔬菜甜地瓜新鲜现挖红薯5斤','good_image/40009.jpg','2500g',18.80,11,'<ul id=\"parameter-brand\" class=\"p-parameter-list\" style=\"margin: 0px; padding: 20px 0px 0px; list-style: none; overflow: hidden; color: #666666; font-family: tahoma, arial, \'Microsoft YaHei\', \'Hiragino Sans GB\', u5b8bu4f53, sans-serif; font-size: 12px;\">\r\n<li style=\"margin: 0px 0px 5px; padding: 0px 0px 0px 42px; white-space: nowrap; text-overflow: ellipsis; overflow: hidden; width: 485px; float: left;\" title=\"犁楚（Lichu）\">品牌：&nbsp;<a style=\"margin: 0px; padding: 0px; color: #5e69ad; text-decoration-line: none;\" href=\"https://list.jd.com/list.html?cat=12218,13553,13575&amp;ev=exbrand_154338\" target=\"_blank\">犁楚（Lichu）</a></li>\r\n</ul>\r\n<ul class=\"parameter2 p-parameter-list\" style=\"margin: 0px; padding: 20px 0px 15px; list-style: none; overflow: hidden; color: #666666; font-family: tahoma, arial, \'Microsoft YaHei\', \'Hiragino Sans GB\', u5b8bu4f53, sans-serif; font-size: 12px;\">\r\n<li style=\"margin: 0px 0px 5px; padding: 0px 0px 0px 42px; white-space: nowrap; text-overflow: ellipsis; overflow: hidden; width: 200px; float: left;\" title=\"【宜昌馆】三峡红薯5斤装 农家自种番薯 新鲜蔬菜甜地瓜新鲜现挖红薯5斤\">商品名称：【宜昌馆】三峡红薯5斤装 农家自种番薯 新鲜蔬菜甜地瓜新鲜现挖红薯5斤</li>\r\n<li style=\"margin: 0px 0px 5px; padding: 0px 0px 0px 42px; white-space: nowrap; text-overflow: ellipsis; overflow: hidden; width: 200px; float: left;\" title=\"16963521842\">商品编号：16963521842</li>\r\n<li style=\"margin: 0px 0px 5px; padding: 0px 0px 0px 42px; white-space: nowrap; text-overflow: ellipsis; overflow: hidden; width: 200px; float: left;\" title=\"中国特产&middot;宜昌馆\">店铺：&nbsp;<a style=\"margin: 0px; padding: 0px; color: #5e69ad; text-decoration-line: none;\" href=\"https://yichangguan.jd.com/\" target=\"_blank\">中国特产&middot;宜昌馆</a></li>\r\n<li style=\"margin: 0px 0px 5px; padding: 0px 0px 0px 42px; white-space: nowrap; text-overflow: ellipsis; overflow: hidden; width: 200px; float: left;\" title=\"2.5kg\">商品毛重：2.5kg</li>\r\n<li style=\"margin: 0px 0px 5px; padding: 0px 0px 0px 42px; white-space: nowrap; text-overflow: ellipsis; overflow: hidden; width: 200px; float: left;\" title=\"地瓜/红薯\">分类：地瓜/红薯</li>\r\n</ul>','犁楚（Lichu）',1,5),(27,'新鲜红薯地瓜番薯','【劵后13.8元包邮，第二件减10元】 【沙地生长】软糯香甜 营养丰富 【随心所欲】蒸、煮、烤，营养丰富 【带箱毛重5斤，净重约4.5斤左右 】','good_image/40010.jpg','500g',18.80,11,'<ul id=\"parameter-brand\" class=\"p-parameter-list\" style=\"margin: 0px; padding: 20px 0px 0px; list-style: none; overflow: hidden; color: #666666; font-family: tahoma, arial, \'Microsoft YaHei\', \'Hiragino Sans GB\', u5b8bu4f53, sans-serif; font-size: 12px;\">\r\n<li style=\"margin: 0px 0px 5px; padding: 0px 0px 0px 42px; white-space: nowrap; text-overflow: ellipsis; overflow: hidden; width: 485px; float: left;\" title=\"富爸爸（Fubaba）\">品牌：&nbsp;<a style=\"margin: 0px; padding: 0px; color: #5e69ad; text-decoration-line: none;\" href=\"https://list.jd.com/list.html?cat=12218,13553,13575&amp;ev=exbrand_60808\" target=\"_blank\">富爸爸（Fubaba）</a></li>\r\n</ul>\r\n<ul class=\"parameter2 p-parameter-list\" style=\"margin: 0px; padding: 20px 0px 15px; list-style: none; overflow: hidden; color: #666666; font-family: tahoma, arial, \'Microsoft YaHei\', \'Hiragino Sans GB\', u5b8bu4f53, sans-serif; font-size: 12px;\">\r\n<li style=\"margin: 0px 0px 5px; padding: 0px 0px 0px 42px; white-space: nowrap; text-overflow: ellipsis; overflow: hidden; width: 200px; float: left;\" title=\"（劵后13.8元）富爸爸 新鲜红薯地瓜番薯红蜜薯香甜软糯蔬菜生鲜 精品装 红薯5斤（毛重）\">商品名称：（劵后13.8元）富爸爸 新鲜红薯地瓜番薯红蜜薯香甜软糯蔬菜生鲜 精品装 红薯5斤（毛重）</li>\r\n<li style=\"margin: 0px 0px 5px; padding: 0px 0px 0px 42px; white-space: nowrap; text-overflow: ellipsis; overflow: hidden; width: 200px; float: left;\" title=\"34098719907\">商品编号：34098719907</li>\r\n<li style=\"margin: 0px 0px 5px; padding: 0px 0px 0px 42px; white-space: nowrap; text-overflow: ellipsis; overflow: hidden; width: 200px; float: left;\" title=\"你喜生鲜专营店\">店铺：&nbsp;<a style=\"margin: 0px; padding: 0px; color: #5e69ad; text-decoration-line: none;\" href=\"https://mall.jd.com/index-785427.html\" target=\"_blank\">你喜生鲜专营店</a></li>\r\n<li style=\"margin: 0px 0px 5px; padding: 0px 0px 0px 42px; white-space: nowrap; text-overflow: ellipsis; overflow: hidden; width: 200px; float: left;\" title=\"1.0kg\">商品毛重：1.0kg</li>\r\n<li style=\"margin: 0px 0px 5px; padding: 0px 0px 0px 42px; white-space: nowrap; text-overflow: ellipsis; overflow: hidden; width: 200px; float: left;\" title=\"中国大陆\">商品产地：中国大陆</li>\r\n<li style=\"margin: 0px 0px 5px; padding: 0px 0px 0px 42px; white-space: nowrap; text-overflow: ellipsis; overflow: hidden; width: 200px; float: left;\" title=\"简装\">包装：简装</li>\r\n<li style=\"margin: 0px 0px 5px; padding: 0px 0px 0px 42px; white-space: nowrap; text-overflow: ellipsis; overflow: hidden; width: 200px; float: left;\" title=\"地瓜/红薯\">分类：地瓜/红薯</li>\r\n<li style=\"margin: 0px 0px 5px; padding: 0px 0px 0px 42px; white-space: nowrap; text-overflow: ellipsis; overflow: hidden; width: 200px; float: left;\" title=\"500g以下\">重量：500g以下</li>\r\n<li style=\"margin: 0px 0px 5px; padding: 0px 0px 0px 42px; white-space: nowrap; text-overflow: ellipsis; overflow: hidden; width: 200px; float: left;\" title=\"炒菜，炖菜，煎炸，蒸菜，烧烤\">烹饪建议：炒菜，炖菜，煎炸，蒸菜</li>\r\n</ul>','你喜生鲜专营店',1,5),(28,'豆角蛇豆角长豆角','奥一农场豇豆角300g新鲜绿色蔬菜长姜青东北黑龙江油豆角蛇豆角长豆角豇豆现摘现发同城配送农家自种','good_image/40011.jpg','300g',9.80,22,'<ul id=\"parameter-brand\" class=\"p-parameter-list\" style=\"margin: 0px; padding: 20px 0px 0px; list-style: none; overflow: hidden; color: #666666; font-family: tahoma, arial, \'Microsoft YaHei\', \'Hiragino Sans GB\', u5b8bu4f53, sans-serif; font-size: 12px;\">\r\n<li style=\"margin: 0px 0px 5px; padding: 0px 0px 0px 42px; white-space: nowrap; text-overflow: ellipsis; overflow: hidden; width: 485px; float: left;\" title=\"奥一\">品牌：&nbsp;<a style=\"margin: 0px; padding: 0px; color: #5e69ad; text-decoration-line: none;\" href=\"https://list.jd.com/list.html?cat=12218,13553,13574&amp;ev=exbrand_318515\" target=\"_blank\">奥一</a></li>\r\n</ul>\r\n<ul class=\"parameter2 p-parameter-list\" style=\"margin: 0px; padding: 20px 0px 15px; list-style: none; overflow: hidden; color: #666666; font-family: tahoma, arial, \'Microsoft YaHei\', \'Hiragino Sans GB\', u5b8bu4f53, sans-serif; font-size: 12px;\">\r\n<li style=\"margin: 0px 0px 5px; padding: 0px 0px 0px 42px; white-space: nowrap; text-overflow: ellipsis; overflow: hidden; width: 200px; float: left;\" title=\"奥一农场豇豆角300g新鲜绿色蔬菜长姜青东北黑龙江油豆角蛇豆角长豆角豇豆现摘现发同城配送农家自种\">商品名称：奥一农场豇豆角300g新鲜绿色蔬菜长姜青东北黑龙江油豆角蛇豆角长豆角豇豆现摘现发同城配送农家自种</li>\r\n<li style=\"margin: 0px 0px 5px; padding: 0px 0px 0px 42px; white-space: nowrap; text-overflow: ellipsis; overflow: hidden; width: 200px; float: left;\" title=\"30702654280\">商品编号：30702654280</li>\r\n<li style=\"margin: 0px 0px 5px; padding: 0px 0px 0px 42px; white-space: nowrap; text-overflow: ellipsis; overflow: hidden; width: 200px; float: left;\" title=\"奥一旗舰店\">店铺：&nbsp;<a style=\"margin: 0px; padding: 0px; color: #5e69ad; text-decoration-line: none;\" href=\"https://mall.jd.com/index-764230.html\" target=\"_blank\">奥一旗舰店</a></li>\r\n<li style=\"margin: 0px 0px 5px; padding: 0px 0px 0px 42px; white-space: nowrap; text-overflow: ellipsis; overflow: hidden; width: 200px; float: left;\" title=\"300.00g\">商品毛重：300.00g</li>\r\n<li style=\"margin: 0px 0px 5px; padding: 0px 0px 0px 42px; white-space: nowrap; text-overflow: ellipsis; overflow: hidden; width: 200px; float: left;\" title=\"中国大陆\">商品产地：中国大陆</li>\r\n<li style=\"margin: 0px 0px 5px; padding: 0px 0px 0px 42px; white-space: nowrap; text-overflow: ellipsis; overflow: hidden; width: 200px; float: left;\" title=\"500-1kg\">重量：500-1kg</li>\r\n<li style=\"margin: 0px 0px 5px; padding: 0px 0px 0px 42px; white-space: nowrap; text-overflow: ellipsis; overflow: hidden; width: 200px; float: left;\" title=\"豇豆\">分类：豇豆</li>\r\n</ul>','奥一旗舰店',1,5),(29,'紫色圆茄子','上午10:00前下单当天采摘,当天送达|上午10:00后下单次日采摘,次日送达','good_image/40012.jpg','600g',19.80,22,'<div class=\"p-parameter\" style=\"margin: 0px 0px 10px; padding: 0px 10px 10px; border-bottom: 1px solid #eeeeee; color: #666666; font-family: tahoma, arial, \'Microsoft YaHei\', \'Hiragino Sans GB\', u5b8bu4f53, sans-serif; font-size: 12px;\">\r\n<ul id=\"parameter-brand\" class=\"p-parameter-list\" style=\"margin: 0px; padding: 20px 0px 0px; list-style: none; overflow: hidden;\">\r\n<li style=\"margin: 0px 0px 5px; padding: 0px 0px 0px 42px; white-space: nowrap; text-overflow: ellipsis; overflow: hidden; width: 485px; float: left;\" title=\"奥一\">品牌：&nbsp;<a style=\"margin: 0px; padding: 0px; color: #5e69ad; text-decoration-line: none;\" href=\"https://list.jd.com/list.html?cat=12218,13553,13574&amp;ev=exbrand_318515\" target=\"_blank\">奥一</a></li>\r\n</ul>\r\n<ul class=\"parameter2 p-parameter-list\" style=\"margin: 0px; padding: 20px 0px 15px; list-style: none; overflow: hidden;\">\r\n<li style=\"margin: 0px 0px 5px; padding: 0px 0px 0px 42px; white-space: nowrap; text-overflow: ellipsis; overflow: hidden; width: 200px; float: left;\" title=\"奥一农场紫色圆茄子约600g新鲜绿色蔬菜海茄东北小茄子圆头茄长线茄子东北烧烤同城配送现摘现发农家自种\">商品名称：奥一农场紫色圆茄子约600g新鲜绿色蔬菜海茄东北小茄子圆头茄长线茄子东北烧烤同城配送现摘现发农家自种</li>\r\n<li style=\"margin: 0px 0px 5px; padding: 0px 0px 0px 42px; white-space: nowrap; text-overflow: ellipsis; overflow: hidden; width: 200px; float: left;\" title=\"28018327826\">商品编号：28018327826</li>\r\n<li style=\"margin: 0px 0px 5px; padding: 0px 0px 0px 42px; white-space: nowrap; text-overflow: ellipsis; overflow: hidden; width: 200px; float: left;\" title=\"奥一旗舰店\">店铺：&nbsp;<a style=\"margin: 0px; padding: 0px; color: #5e69ad; text-decoration-line: none;\" href=\"https://mall.jd.com/index-764230.html\" target=\"_blank\">奥一旗舰店</a></li>\r\n<li style=\"margin: 0px 0px 5px; padding: 0px 0px 0px 42px; white-space: nowrap; text-overflow: ellipsis; overflow: hidden; width: 200px; float: left;\" title=\"0.6kg\">商品毛重：0.6kg</li>\r\n<li style=\"margin: 0px 0px 5px; padding: 0px 0px 0px 42px; white-space: nowrap; text-overflow: ellipsis; overflow: hidden; width: 200px; float: left;\" title=\"中国大陆\">商品产地：中国大陆</li>\r\n<li style=\"margin: 0px 0px 5px; padding: 0px 0px 0px 42px; white-space: nowrap; text-overflow: ellipsis; overflow: hidden; width: 200px; float: left;\" title=\"500-1kg\">重量：500-1kg</li>\r\n<li style=\"margin: 0px 0px 5px; padding: 0px 0px 0px 42px; white-space: nowrap; text-overflow: ellipsis; overflow: hidden; width: 200px; float: left;\" title=\"茄子\">分类：茄子</li>\r\n</ul>\r\n<p class=\"more-par\" style=\"margin: -5px 0px 0px; padding: 0px 20px 0px 0px; text-align: right;\"><a class=\"J-more-param\" style=\"margin: 0px; padding: 0px; color: #005aa0; text-decoration-line: none;\" href=\"https://item.jd.com/28018327826.html?jd_pop=c0c20aa1-f5da-459d-9e67-66c75476964e&amp;abt=0#product-detail\">更多参数<span class=\"txt-arr\">&gt;&gt;</span></a></p>\r\n</div>\r\n<div id=\"suyuan-video\" style=\"margin: 0px; padding: 0px; color: #666666; font-family: tahoma, arial, \'Microsoft YaHei\', \'Hiragino Sans GB\', u5b8bu4f53, sans-serif; font-size: 12px;\">&nbsp;</div>\r\n<div id=\"J-detail-banner\" style=\"margin: 0px; padding: 0px; text-align: center; color: #666666; font-family: tahoma, arial, \'Microsoft YaHei\', \'Hiragino Sans GB\', u5b8bu4f53, sans-serif; font-size: 12px;\">&nbsp;</div>\r\n<div id=\"J-detail-pop-tpl-top-new\" style=\"margin: 0px; padding: 0px; overflow: hidden; color: #666666; font-family: tahoma, arial, \'Microsoft YaHei\', \'Hiragino Sans GB\', u5b8bu4f53, sans-serif; font-size: 12px;\">\r\n<div id=\"shopNitice\" style=\"margin: 0px; padding: 0px; width: 990px;\"><a style=\"margin: 0px; padding: 0px; color: #666666; text-decoration-line: none;\" href=\"https://item.jd.com/28018327826.html?jd_pop=c0c20aa1-f5da-459d-9e67-66c75476964e&amp;abt=0\"><img style=\"margin: 0px; padding: 0px; vertical-align: middle; width: 990px;\" src=\"https://img30.360buyimg.com/pop/jfs/t22591/43/2342775681/302782/e8c9795e/5b7be039N2c2f7242.png\" alt=\"\" /></a></div>\r\n<div id=\"activity\" style=\"margin: 0px; padding: 0px; width: 990px;\"><a style=\"margin: 0px; padding: 0px; color: #666666; text-decoration-line: none;\" href=\"https://mall.jd.com/view_search-935691-9944546-99-1-24-1.html\"><img style=\"margin: 0px; padding: 0px; vertical-align: middle; width: 990px;\" src=\"https://img30.360buyimg.com/pop/jfs/t24706/78/2358694816/724828/49a64f33/5bc85369N4bbe0bf0.png\" alt=\"\" /></a></div>\r\n</div>','奥一旗舰店',1,5),(30,'VLQ冷冻蔬菜','满49包邮】VLQ冷冻蔬菜 去壳蚕豆 田园蚕豆仁 400g/袋 蚕豆','good_image/40013.jpg','400g',11.80,33,'<ul id=\"parameter-brand\" class=\"p-parameter-list\" style=\"margin: 0px; padding: 20px 0px 0px; list-style: none; overflow: hidden; color: #666666; font-family: tahoma, arial, \'Microsoft YaHei\', \'Hiragino Sans GB\', u5b8bu4f53, sans-serif; font-size: 12px;\">\r\n<li style=\"margin: 0px 0px 5px; padding: 0px 0px 0px 42px; white-space: nowrap; text-overflow: ellipsis; overflow: hidden; width: 485px; float: left;\" title=\"VLQ VEG.LI QUEEN\">品牌：&nbsp;<a style=\"margin: 0px; padding: 0px; color: #5e69ad; text-decoration-line: none;\" href=\"https://list.jd.com/list.html?cat=12218,13553,13578&amp;ev=exbrand_361441\" target=\"_blank\">VLQ VEG.LI QUEEN</a></li>\r\n</ul>\r\n<ul class=\"parameter2 p-parameter-list\" style=\"margin: 0px; padding: 20px 0px 15px; list-style: none; overflow: hidden; color: #666666; font-family: tahoma, arial, \'Microsoft YaHei\', \'Hiragino Sans GB\', u5b8bu4f53, sans-serif; font-size: 12px;\">\r\n<li style=\"margin: 0px 0px 5px; padding: 0px 0px 0px 42px; white-space: nowrap; text-overflow: ellipsis; overflow: hidden; width: 200px; float: left;\" title=\"【满49包邮】VLQ冷冻蔬菜 去壳蚕豆 田园蚕豆仁 400g/袋 蚕豆\">商品名称：【满49包邮】VLQ冷冻蔬菜 去壳蚕豆 田园蚕豆仁 400g/袋 蚕豆</li>\r\n<li style=\"margin: 0px 0px 5px; padding: 0px 0px 0px 42px; white-space: nowrap; text-overflow: ellipsis; overflow: hidden; width: 200px; float: left;\" title=\"31677851671\">商品编号：31677851671</li>\r\n<li style=\"margin: 0px 0px 5px; padding: 0px 0px 0px 42px; white-space: nowrap; text-overflow: ellipsis; overflow: hidden; width: 200px; float: left;\" title=\"山实生鲜专营店\">店铺：&nbsp;<a style=\"margin: 0px; padding: 0px; color: #5e69ad; text-decoration-line: none;\" href=\"https://mall.jd.com/index-831488.html\" target=\"_blank\">山实生鲜专营店</a></li>\r\n<li style=\"margin: 0px 0px 5px; padding: 0px 0px 0px 42px; white-space: nowrap; text-overflow: ellipsis; overflow: hidden; width: 200px; float: left;\" title=\"400.00g\">商品毛重：400.00g</li>\r\n<li style=\"margin: 0px 0px 5px; padding: 0px 0px 0px 42px; white-space: nowrap; text-overflow: ellipsis; overflow: hidden; width: 200px; float: left;\" title=\"中国大陆\">商品产地：中国大陆</li>\r\n<li style=\"margin: 0px 0px 5px; padding: 0px 0px 0px 42px; white-space: nowrap; text-overflow: ellipsis; overflow: hidden; width: 200px; float: left;\" title=\"S0004\">货号：S0004</li>\r\n<li style=\"margin: 0px 0px 5px; padding: 0px 0px 0px 42px; white-space: nowrap; text-overflow: ellipsis; overflow: hidden; width: 200px; float: left;\" title=\"速冻玉米/豌豆\">分类：速冻玉米/豌豆</li>\r\n<li style=\"margin: 0px 0px 5px; padding: 0px 0px 0px 42px; white-space: nowrap; text-overflow: ellipsis; overflow: hidden; width: 200px; float: left;\" title=\"500g以下\">重量：500g以下</li>\r\n<li style=\"margin: 0px 0px 5px; padding: 0px 0px 0px 42px; white-space: nowrap; text-overflow: ellipsis; overflow: hidden; width: 200px; float: left;\" title=\"卤菜，火锅，炒菜，炖菜\">烹饪建议：卤菜，火锅，炒菜，炖菜</li>\r\n</ul>','山实生鲜专营店',1,5),(31,'水东芥菜包心芥菜','上午10:00前下单当日采摘,当日送达|上午10:00后下单次日采摘，次日送达','good_image/40014.jpg','300g',9.80,22,'<ul id=\"parameter-brand\" class=\"p-parameter-list\" style=\"margin: 0px; padding: 20px 0px 0px; list-style: none; overflow: hidden; color: #666666; font-family: tahoma, arial, \'Microsoft YaHei\', \'Hiragino Sans GB\', u5b8bu4f53, sans-serif; font-size: 12px;\">\r\n<li style=\"margin: 0px 0px 5px; padding: 0px 0px 0px 42px; white-space: nowrap; text-overflow: ellipsis; overflow: hidden; width: 485px; float: left;\" title=\"奥一\">品牌：&nbsp;<a style=\"margin: 0px; padding: 0px; color: #5e69ad; text-decoration-line: none;\" href=\"https://list.jd.com/list.html?cat=12218,13553,13573&amp;ev=exbrand_318515\" target=\"_blank\">奥一</a></li>\r\n</ul>\r\n<ul class=\"parameter2 p-parameter-list\" style=\"margin: 0px; padding: 20px 0px 15px; list-style: none; overflow: hidden; color: #666666; font-family: tahoma, arial, \'Microsoft YaHei\', \'Hiragino Sans GB\', u5b8bu4f53, sans-serif; font-size: 12px;\">\r\n<li style=\"margin: 0px 0px 5px; padding: 0px 0px 0px 42px; white-space: nowrap; text-overflow: ellipsis; overflow: hidden; width: 200px; float: left;\" title=\"奥一农场芥菜300g新鲜采摘蔬菜水东芥菜包心芥菜水中芥菜大叶新鲜盖菜挂菜青菜现摘现发同城配送农家自种\">商品名称：奥一农场芥菜300g新鲜采摘蔬菜水东芥菜包心芥菜水中芥菜大叶新鲜盖菜挂菜青菜现摘现发同城配送农家自种</li>\r\n<li style=\"margin: 0px 0px 5px; padding: 0px 0px 0px 42px; white-space: nowrap; text-overflow: ellipsis; overflow: hidden; width: 200px; float: left;\" title=\"33641683379\">商品编号：33641683379</li>\r\n<li style=\"margin: 0px 0px 5px; padding: 0px 0px 0px 42px; white-space: nowrap; text-overflow: ellipsis; overflow: hidden; width: 200px; float: left;\" title=\"奥一旗舰店\">店铺：&nbsp;<a style=\"margin: 0px; padding: 0px; color: #5e69ad; text-decoration-line: none;\" href=\"https://mall.jd.com/index-764230.html\" target=\"_blank\">奥一旗舰店</a></li>\r\n<li style=\"margin: 0px 0px 5px; padding: 0px 0px 0px 42px; white-space: nowrap; text-overflow: ellipsis; overflow: hidden; width: 200px; float: left;\" title=\"300.00g\">商品毛重：300.00g</li>\r\n<li style=\"margin: 0px 0px 5px; padding: 0px 0px 0px 42px; white-space: nowrap; text-overflow: ellipsis; overflow: hidden; width: 200px; float: left;\" title=\"中国大陆\">商品产地：中国大陆</li>\r\n<li style=\"margin: 0px 0px 5px; padding: 0px 0px 0px 42px; white-space: nowrap; text-overflow: ellipsis; overflow: hidden; width: 200px; float: left;\" title=\"其它\">分类：其它</li>\r\n<li style=\"margin: 0px 0px 5px; padding: 0px 0px 0px 42px; white-space: nowrap; text-overflow: ellipsis; overflow: hidden; width: 200px; float: left;\" title=\"200-600g\">重量：200-600g</li>\r\n<li style=\"margin: 0px 0px 5px; padding: 0px 0px 0px 42px; white-space: nowrap; text-overflow: ellipsis; overflow: hidden; width: 200px; float: left;\" title=\"炒菜\">烹饪建议：炒菜</li>\r\n</ul>','奥一旗舰店',1,5),(32,'小油菜','奥一农场小油菜300g新鲜采摘绿色蔬菜上海青鸡毛菜小青菜秋季菜火锅食材配菜品同城配送现摘现发农家自种   上午10:00前下单当天采摘,当天送达|上午10:00后下单次日采摘,次日送达','good_image/40015.jpg','300g',9.80,11,'<ul id=\"parameter-brand\" class=\"p-parameter-list\" style=\"margin: 0px; padding: 20px 0px 0px; list-style: none; overflow: hidden; color: #666666; font-family: tahoma, arial, \'Microsoft YaHei\', \'Hiragino Sans GB\', u5b8bu4f53, sans-serif; font-size: 12px;\">\r\n<li style=\"margin: 0px 0px 5px; padding: 0px 0px 0px 42px; white-space: nowrap; text-overflow: ellipsis; overflow: hidden; width: 485px; float: left;\" title=\"奥一\">品牌：&nbsp;<a style=\"margin: 0px; padding: 0px; color: #5e69ad; text-decoration-line: none;\" href=\"https://list.jd.com/list.html?cat=12218,13553,13573&amp;ev=exbrand_318515\" target=\"_blank\">奥一</a></li>\r\n</ul>\r\n<ul class=\"parameter2 p-parameter-list\" style=\"margin: 0px; padding: 20px 0px 15px; list-style: none; overflow: hidden; color: #666666; font-family: tahoma, arial, \'Microsoft YaHei\', \'Hiragino Sans GB\', u5b8bu4f53, sans-serif; font-size: 12px;\">\r\n<li style=\"margin: 0px 0px 5px; padding: 0px 0px 0px 42px; white-space: nowrap; text-overflow: ellipsis; overflow: hidden; width: 200px; float: left;\" title=\"奥一农场小油菜300g新鲜采摘绿色蔬菜上海青鸡毛菜小青菜秋季菜火锅食材配菜品同城配送现摘现发农家自种\">商品名称：奥一农场小油菜300g新鲜采摘绿色蔬菜上海青鸡毛菜小青菜秋季菜火锅食材配菜品同城配送现摘现发农家自种</li>\r\n<li style=\"margin: 0px 0px 5px; padding: 0px 0px 0px 42px; white-space: nowrap; text-overflow: ellipsis; overflow: hidden; width: 200px; float: left;\" title=\"27927640015\">商品编号：27927640015</li>\r\n<li style=\"margin: 0px 0px 5px; padding: 0px 0px 0px 42px; white-space: nowrap; text-overflow: ellipsis; overflow: hidden; width: 200px; float: left;\" title=\"奥一旗舰店\">店铺：&nbsp;<a style=\"margin: 0px; padding: 0px; color: #5e69ad; text-decoration-line: none;\" href=\"https://mall.jd.com/index-764230.html\" target=\"_blank\">奥一旗舰店</a></li>\r\n<li style=\"margin: 0px 0px 5px; padding: 0px 0px 0px 42px; white-space: nowrap; text-overflow: ellipsis; overflow: hidden; width: 200px; float: left;\" title=\"300.00g\">商品毛重：300.00g</li>\r\n<li style=\"margin: 0px 0px 5px; padding: 0px 0px 0px 42px; white-space: nowrap; text-overflow: ellipsis; overflow: hidden; width: 200px; float: left;\" title=\"中国大陆\">商品产地：中国大陆</li>\r\n<li style=\"margin: 0px 0px 5px; padding: 0px 0px 0px 42px; white-space: nowrap; text-overflow: ellipsis; overflow: hidden; width: 200px; float: left;\" title=\"上海青/油菜\">分类：上海青/油菜</li>\r\n<li style=\"margin: 0px 0px 5px; padding: 0px 0px 0px 42px; white-space: nowrap; text-overflow: ellipsis; overflow: hidden; width: 200px; float: left;\" title=\"200-600g\">重量：200-600g</li>\r\n<li style=\"margin: 0px 0px 5px; padding: 0px 0px 0px 42px; white-space: nowrap; text-overflow: ellipsis; overflow: hidden; width: 200px; float: left;\" title=\"火锅，炒菜，炖菜，蒸菜\">烹饪建议：火锅，炒菜，炖菜，蒸菜</li>\r\n<li></li>\r\n</ul>','奥一旗舰店',1,5),(33,'VLQ野荠菜碎','【满49包邮】VLQ野荠菜碎 田园荠菜馅 冷冻蔬菜 500g 袋装 荠菜馅','good_image/40016.jpg','500g',13.80,22,'<div class=\"p-parameter\" style=\"margin: 0px 0px 10px; padding: 0px 10px 10px; border-bottom: 1px solid #eeeeee; color: #666666; font-family: tahoma, arial, \'Microsoft YaHei\', \'Hiragino Sans GB\', u5b8bu4f53, sans-serif; font-size: 12px;\">\r\n<ul id=\"parameter-brand\" class=\"p-parameter-list\" style=\"margin: 0px; padding: 20px 0px 0px; list-style: none; overflow: hidden;\">\r\n<li style=\"margin: 0px 0px 5px; padding: 0px 0px 0px 42px; white-space: nowrap; text-overflow: ellipsis; overflow: hidden; width: 485px; float: left;\" title=\"VLQ VEG.LI QUEEN\">品牌：&nbsp;<a style=\"margin: 0px; padding: 0px; color: #5e69ad; text-decoration-line: none;\" href=\"https://list.jd.com/list.html?cat=12218,13553,13578&amp;ev=exbrand_361441\" target=\"_blank\">VLQ VEG.LI QUEEN</a></li>\r\n</ul>\r\n<ul class=\"parameter2 p-parameter-list\" style=\"margin: 0px; padding: 20px 0px 15px; list-style: none; overflow: hidden;\">\r\n<li style=\"margin: 0px 0px 5px; padding: 0px 0px 0px 42px; white-space: nowrap; text-overflow: ellipsis; overflow: hidden; width: 200px; float: left;\" title=\"【满49包邮】VLQ野荠菜碎 田园荠菜馅 冷冻蔬菜 500g 袋装 荠菜馅\">商品名称：【满49包邮】VLQ野荠菜碎 田园荠菜馅 冷冻蔬菜 500g 袋装 荠菜馅</li>\r\n<li style=\"margin: 0px 0px 5px; padding: 0px 0px 0px 42px; white-space: nowrap; text-overflow: ellipsis; overflow: hidden; width: 200px; float: left;\" title=\"32916702303\">商品编号：32916702303</li>\r\n<li style=\"margin: 0px 0px 5px; padding: 0px 0px 0px 42px; white-space: nowrap; text-overflow: ellipsis; overflow: hidden; width: 200px; float: left;\" title=\"山实生鲜专营店\">店铺：&nbsp;<a style=\"margin: 0px; padding: 0px; color: #5e69ad; text-decoration-line: none;\" href=\"https://mall.jd.com/index-831488.html\" target=\"_blank\">山实生鲜专营店</a></li>\r\n<li style=\"margin: 0px 0px 5px; padding: 0px 0px 0px 42px; white-space: nowrap; text-overflow: ellipsis; overflow: hidden; width: 200px; float: left;\" title=\"500.00g\">商品毛重：500.00g</li>\r\n<li style=\"margin: 0px 0px 5px; padding: 0px 0px 0px 42px; white-space: nowrap; text-overflow: ellipsis; overflow: hidden; width: 200px; float: left;\" title=\"中国大陆\">商品产地：中国大陆</li>\r\n<li style=\"margin: 0px 0px 5px; padding: 0px 0px 0px 42px; white-space: nowrap; text-overflow: ellipsis; overflow: hidden; width: 200px; float: left;\" title=\"S0008\">货号：S0008</li>\r\n<li style=\"margin: 0px 0px 5px; padding: 0px 0px 0px 42px; white-space: nowrap; text-overflow: ellipsis; overflow: hidden; width: 200px; float: left;\" title=\"速冻玉米/豌豆\">分类：速冻玉米/豌豆</li>\r\n<li style=\"margin: 0px 0px 5px; padding: 0px 0px 0px 42px; white-space: nowrap; text-overflow: ellipsis; overflow: hidden; width: 200px; float: left;\" title=\"500-1kg\">重量：500-1kg</li>\r\n<li style=\"margin: 0px 0px 5px; padding: 0px 0px 0px 42px; white-space: nowrap; text-overflow: ellipsis; overflow: hidden; width: 200px; float: left;\" title=\"炒菜，炖菜，蒸菜\">烹饪建议：炒菜，炖菜，蒸菜</li>\r\n</ul>\r\n<p class=\"more-par\" style=\"margin: -5px 0px 0px; padding: 0px 20px 0px 0px; text-align: right;\"><a class=\"J-more-param\" style=\"margin: 0px; padding: 0px; color: #005aa0; text-decoration-line: none;\" href=\"https://item.jd.com/32916702303.html?jd_pop=44006b71-8b38-4b38-8879-fad1c3a2f340&amp;abt=0#product-detail\">更多参数<span class=\"txt-arr\">&gt;&gt;</span></a></p>\r\n</div>\r\n<div id=\"suyuan-video\" style=\"margin: 0px; padding: 0px; color: #666666; font-family: tahoma, arial, \'Microsoft YaHei\', \'Hiragino Sans GB\', u5b8bu4f53, sans-serif; font-size: 12px;\">&nbsp;</div>\r\n<div id=\"J-detail-banner\" style=\"margin: 0px; padding: 0px; text-align: center; color: #666666; font-family: tahoma, arial, \'Microsoft YaHei\', \'Hiragino Sans GB\', u5b8bu4f53, sans-serif; font-size: 12px;\">&nbsp;</div>\r\n<div id=\"J-detail-pop-tpl-top-new\" style=\"margin: 0px; padding: 0px; overflow: hidden; color: #666666; font-family: tahoma, arial, \'Microsoft YaHei\', \'Hiragino Sans GB\', u5b8bu4f53, sans-serif; font-size: 12px;\">&nbsp;</div>\r\n<div class=\"detail-content clearfix\" style=\"margin: 10px 0px; padding: 0px; position: relative; background: #f7f7f7; color: #666666; font-family: tahoma, arial, \'Microsoft YaHei\', \'Hiragino Sans GB\', u5b8bu4f53, sans-serif; font-size: 12px;\" data-name=\"z-have-detail-nav\">\r\n<div class=\"detail-content-wrap\" style=\"margin: 0px; padding: 0px; width: 990px; float: left; background-color: #ffffff;\">\r\n<div class=\"detail-content-item\" style=\"margin: 0px; padding: 0px; width: 990px;\">\r\n<div id=\"activity_header\" style=\"margin: 0px; padding: 0px;\">&nbsp;</div>\r\n<div id=\"J-detail-content\" style=\"margin: 0px; padding: 0px;\">\r\n<div style=\"margin: 0px; padding: 0px; text-align: center;\"><a style=\"margin: 0px; padding: 0px; color: #666666; text-decoration-line: none;\" href=\"https://item.jd.com/30975777164.html\"><br /></a><a style=\"margin: 0px; padding: 0px; color: #666666; text-decoration-line: none;\" href=\"https://mall.jd.com/index-831488.html\"><img style=\"margin: 0px; padding: 0px; vertical-align: middle;\" src=\"https://img13.360buyimg.com/popWaterMark/jfs/t27700/134/1055761952/287402/bdd8708d/5bc06f89N0e200deb.jpg\" alt=\"\" /></a><a style=\"margin: 0px; padding: 0px; color: #666666; text-decoration-line: none;\" href=\"https://item.jd.com/31677776800.html\"><br /></a><a style=\"margin: 0px; padding: 0px; color: #666666; text-decoration-line: none;\" href=\"https://item.jd.com/31764835613.html\"><br /></a><img style=\"margin: 0px; padding: 0px; vertical-align: middle;\" src=\"https://img10.360buyimg.com/popWaterMark/jfs/t24634/132/2258239461/93848/8107e6e3/5bc6ef3eN572020ac.jpg\" alt=\"\" /><a style=\"margin: 0px; padding: 0px; color: #666666; text-decoration-line: none;\" href=\"https://item.jd.com/31764835613.html\"><br /><br /></a><a style=\"margin: 0px; padding: 0px; color: #666666; text-decoration-line: none;\" href=\"https://item.jd.com/30975777164.html?jd_pop=9c6dcff9-1707-447d-a263-7a4f87194f9a&amp;abt=0\"><img style=\"margin: 0px; padding: 0px; vertical-align: middle;\" src=\"https://img13.360buyimg.com/popWareDetail/jfs/t24766/223/2214127518/40147/dbe839c7/5bc6ef3eN4c307839.jpg\" alt=\"\" /></a><a style=\"margin: 0px; padding: 0px; color: #666666; text-decoration-line: none;\" href=\"https://item.jd.com/31677776800.html\"><img style=\"margin: 0px; padding: 0px; vertical-align: middle;\" src=\"https://img20.360buyimg.com/popWareDetail/jfs/t27898/203/1317921387/33229/17963185/5bc6ef3eNe368a468.jpg\" alt=\"\" /></a><a style=\"margin: 0px; padding: 0px; color: #666666; text-decoration-line: none;\" href=\"https://item.jd.com/31677835089.html\"><img style=\"margin: 0px; padding: 0px; vertical-align: middle;\" src=\"https://img13.360buyimg.com/popWareDetail/jfs/t26251/324/1362227329/38906/a28e790/5bc6ef3eN77d135e1.jpg\" alt=\"\" /></a><a style=\"margin: 0px; padding: 0px; color: #666666; text-decoration-line: none;\" href=\"https://item.jd.com/32916702303.html\"><img style=\"margin: 0px; padding: 0px; vertical-align: middle;\" src=\"https://img13.360buyimg.com/popWareDetail/jfs/t25552/10/2231701310/34974/b2fa2ec4/5bc6ef3eN5740b8f0.jpg\" alt=\"\" /></a><a style=\"margin: 0px; padding: 0px; color: #666666; text-decoration-line: none;\" href=\"https://item.jd.com/31764835613.html\"><br /></a><a style=\"margin: 0px; padding: 0px; color: #666666; text-decoration-line: none;\" href=\"https://item.jd.com/31764835613.html\"><img style=\"margin: 0px; padding: 0px; vertical-align: middle;\" src=\"https://img30.360buyimg.com/popWareDetail/jfs/t25234/192/2248370179/37654/53d59ad/5bc6ef7bN1b76651a.jpg\" alt=\"\" /></a><a style=\"margin: 0px; padding: 0px; color: #666666; text-decoration-line: none;\" href=\"https://item.jd.com/32918987933.html?jd_pop=8c637f8a-a65f-4503-90de-96501651456d&amp;abt=3\"><img style=\"margin: 0px; padding: 0px; vertical-align: middle;\" src=\"https://img14.360buyimg.com/popWareDetail/jfs/t24790/52/2257506058/30528/a7096bb/5bc6ef7bNa55a579e.jpg\" alt=\"\" /></a><a style=\"margin: 0px; padding: 0px; color: #666666; text-decoration-line: none;\" href=\"https://item.jd.com/31677828449.html\"><img style=\"margin: 0px; padding: 0px; vertical-align: middle;\" src=\"https://img12.360buyimg.com/popWareDetail/jfs/t27034/190/1378347301/39754/e9d71eda/5bc6ef7bN8c86a204.jpg\" alt=\"\" /></a><a style=\"margin: 0px; padding: 0px; color: #f30213; text-decoration-line: none;\" href=\"https://item.jd.com/32924122052.html\"><img style=\"margin: 0px; padding: 0px; vertical-align: middle;\" src=\"https://img12.360buyimg.com/popWareDetail/jfs/t26701/362/1342261201/32694/b8420dec/5bc6ef7bNe049e329.jpg\" alt=\"\" /></a></div>\r\n</div>\r\n</div>\r\n</div>\r\n</div>','山实生鲜专营店',1,5),(34,'荔浦香芋粉糯芋头','廉江馆】荔浦香芋粉糯芋头 2kg 约5-8个 农家蔬菜 槟榔香芋 【坏果包赔】【两件打8.5折，8.5折，8.5折】现挖现发，新鲜到家，肉质粉、香、糯；','good_image/40017.jpg','2000g',22.80,44,'<div class=\"p-parameter\" style=\"margin: 0px 0px 10px; padding: 0px 10px 10px; border-bottom: 1px solid #eeeeee; color: #666666; font-family: tahoma, arial, \'Microsoft YaHei\', \'Hiragino Sans GB\', u5b8bu4f53, sans-serif; font-size: 12px;\">\r\n<ul id=\"parameter-brand\" class=\"p-parameter-list\" style=\"margin: 0px; padding: 20px 0px 0px; list-style: none; overflow: hidden;\">\r\n<li style=\"margin: 0px 0px 5px; padding: 0px 0px 0px 42px; list-style: none; white-space: nowrap; text-overflow: ellipsis; overflow: hidden; width: 485px; float: left;\" title=\"橙乡味道（chengxiangtaste）\">品牌：&nbsp;<a style=\"margin: 0px; padding: 0px; color: #5e69ad; text-decoration-line: none;\" href=\"https://list.jd.com/list.html?cat=12218,13553,13575&amp;ev=exbrand_152319\" target=\"_blank\">橙乡味道（chengxiangtaste）</a></li>\r\n</ul>\r\n<ul class=\"parameter2 p-parameter-list\" style=\"margin: 0px; padding: 20px 0px 15px; list-style: none; overflow: hidden;\">\r\n<li style=\"margin: 0px 0px 5px; padding: 0px 0px 0px 42px; list-style: none; white-space: nowrap; text-overflow: ellipsis; overflow: hidden; width: 200px; float: left;\" title=\"【廉江馆】荔浦香芋粉糯芋头 2kg 约5-8个 农家蔬菜 槟榔香芋\">商品名称：【廉江馆】荔浦香芋粉糯芋头 2kg 约5-8个 农家蔬菜 槟榔香芋</li>\r\n<li style=\"margin: 0px 0px 5px; padding: 0px 0px 0px 42px; list-style: none; white-space: nowrap; text-overflow: ellipsis; overflow: hidden; width: 200px; float: left;\" title=\"17970054527\">商品编号：17970054527</li>\r\n<li style=\"margin: 0px 0px 5px; padding: 0px 0px 0px 42px; list-style: none; white-space: nowrap; text-overflow: ellipsis; overflow: hidden; width: 200px; float: left;\" title=\"中国特产&middot;廉江馆\">店铺：&nbsp;<a style=\"margin: 0px; padding: 0px; color: #5e69ad; text-decoration-line: none;\" href=\"https://lianjiang.jd.com/\" target=\"_blank\">中国特产&middot;廉江馆</a></li>\r\n<li style=\"margin: 0px 0px 5px; padding: 0px 0px 0px 42px; list-style: none; white-space: nowrap; text-overflow: ellipsis; overflow: hidden; width: 200px; float: left;\" title=\"2.0kg\">商品毛重：2.0kg</li>\r\n<li style=\"margin: 0px 0px 5px; padding: 0px 0px 0px 42px; list-style: none; white-space: nowrap; text-overflow: ellipsis; overflow: hidden; width: 200px; float: left;\" title=\"中国大陆\">商品产地：中国大陆</li>\r\n<li style=\"margin: 0px 0px 5px; padding: 0px 0px 0px 42px; list-style: none; white-space: nowrap; text-overflow: ellipsis; overflow: hidden; width: 200px; float: left;\" title=\"简装\">包装：简装</li>\r\n<li style=\"margin: 0px 0px 5px; padding: 0px 0px 0px 42px; list-style: none; white-space: nowrap; text-overflow: ellipsis; overflow: hidden; width: 200px; float: left;\" title=\"芋头\">分类：芋头</li>\r\n<li style=\"margin: 0px 0px 5px; padding: 0px 0px 0px 42px; list-style: none; white-space: nowrap; text-overflow: ellipsis; overflow: hidden; width: 200px; float: left;\" title=\"1kg-2.5kg\">重量：1kg-2.5kg</li>\r\n<li style=\"margin: 0px 0px 5px; padding: 0px 0px 0px 42px; list-style: none; white-space: nowrap; text-overflow: ellipsis; overflow: hidden; width: 200px; float: left;\" title=\"火锅，炒菜，炖菜，煎炸，蒸菜\">烹饪建议：火锅，炒菜，炖菜，煎炸，蒸菜</li>\r\n</ul>\r\n<p class=\"more-par\" style=\"margin: -5px 0px 0px; padding: 0px 20px 0px 0px; text-align: right;\"><a class=\"J-more-param\" style=\"margin: 0px; padding: 0px; color: #005aa0; text-decoration-line: none;\" href=\"https://item.jd.com/17970054527.html#product-detail\">更多参数<span class=\"txt-arr\">&gt;&gt;</span></a></p>\r\n</div>\r\n<div id=\"suyuan-video\" style=\"margin: 0px; padding: 0px; color: #666666; font-family: tahoma, arial, \'Microsoft YaHei\', \'Hiragino Sans GB\', u5b8bu4f53, sans-serif; font-size: 12px;\">&nbsp;</div>\r\n<div id=\"J-detail-banner\" style=\"margin: 0px; padding: 0px; text-align: center; color: #666666; font-family: tahoma, arial, \'Microsoft YaHei\', \'Hiragino Sans GB\', u5b8bu4f53, sans-serif; font-size: 12px;\">&nbsp;</div>\r\n<div id=\"J-detail-pop-tpl-top-new\" style=\"margin: 0px; padding: 0px; overflow: hidden; color: #666666; font-family: tahoma, arial, \'Microsoft YaHei\', \'Hiragino Sans GB\', u5b8bu4f53, sans-serif; font-size: 12px;\">\r\n<p style=\"margin: 0px; padding: 0px;\"><img style=\"margin: 0px; padding: 0px; vertical-align: middle;\" src=\"https://img10.360buyimg.com/imgzone/jfs/t23959/24/1656758914/11667/5981714c/5b6672e3N34b53aac.jpg\" alt=\"\" /></p>\r\n<table width=\"990\" border=\"0\" cellspacing=\"0\" cellpadding=\"0\">\r\n<tbody>\r\n<tr class=\"firstRow\">\r\n<td style=\"word-break: break-all;\"><a style=\"margin: 0px; padding: 0px; color: #666666; text-decoration-line: none;\" href=\"https://item.jd.com/26038111108.html\" target=\"_self\"><img style=\"margin: 0px; padding: 0px; vertical-align: middle;\" src=\"https://img20.360buyimg.com/popWareDetail/jfs/t1/3902/9/7017/45069/5ba4b039E06312602/f60b200e7e7cf461.jpg\" alt=\"\" /></a></td>\r\n<td><a style=\"margin: 0px; padding: 0px; color: #666666; text-decoration-line: none;\" href=\"https://item.jd.com/30004779554.html#crumb-wrap\" target=\"_blank\"><img style=\"margin: 0px; padding: 0px; vertical-align: middle;\" src=\"https://img10.360buyimg.com/imgzone/jfs/t22651/156/2482200280/84465/5892bb71/5b836e25Ndecc9bcd.jpg\" alt=\"\" width=\"323\" height=\"410\" usemap=\"#ad\" /></a></td>\r\n<td><a style=\"margin: 0px; padding: 0px; color: #666666; text-decoration-line: none;\" href=\"https://item.jd.com/17970054525.html#none\" target=\"_blank\"><img style=\"margin: 0px; padding: 0px; vertical-align: middle;\" src=\"https://img10.360buyimg.com/imgzone/jfs/t25027/13/977462138/85692/3ffe7300/5b836e25Ne33b9b89.jpg\" alt=\"\" width=\"332\" height=\"410\" usemap=\"#we\" /></a></td>\r\n</tr>\r\n<tr>\r\n<td style=\"word-break: break-all;\"><a style=\"margin: 0px; padding: 0px; color: #666666; text-decoration-line: none;\" href=\"https://item.jd.com/26038111109.html\" target=\"_self\"><img style=\"margin: 0px; padding: 0px; vertical-align: middle;\" src=\"https://img20.360buyimg.com/popWareDetail/jfs/t1/992/27/7617/42991/5ba5b8deEccde47db/9321a60067838516.jpg\" alt=\"\" /></a></td>\r\n<td style=\"word-break: break-all;\"><a style=\"margin: 0px; padding: 0px; color: #666666; text-decoration-line: none;\" href=\"https://item.jd.com/26639609433.html\" target=\"_blank\"><img style=\"margin: 0px; padding: 0px; vertical-align: middle;\" src=\"https://img12.360buyimg.com/popWareDetail/jfs/t1/1802/7/6962/50077/5ba44fd6E2f495d43/831e4c49a38b8265.jpg\" alt=\"\" /></a></td>\r\n<td style=\"word-break: break-all;\"><a style=\"margin: 0px; padding: 0px; color: #666666; text-decoration-line: none;\" href=\"https://item.jd.com/27352735218.html#crumb-wrap\" target=\"_blank\"><img style=\"margin: 0px; padding: 0px; vertical-align: middle;\" src=\"https://img10.360buyimg.com/imgzone/jfs/t25444/27/973036552/92060/41dd54de/5b836e27Nd99d2c74.jpg\" alt=\"\" width=\"332\" height=\"410\" usemap=\"#tr\" /></a></td>\r\n</tr>\r\n</tbody>\r\n</table>\r\n<p style=\"margin: 0px; padding: 0px;\"><img style=\"margin: 0px; padding: 0px; vertical-align: middle;\" src=\"https://img11.360buyimg.com/popWaterMark/jfs/t25984/61/1533191033/128398/e4c30d62/5bb58f44N8a1e3555.jpg\" alt=\"\" /></p>\r\n<p style=\"margin: 0px; padding: 0px;\"><img style=\"margin: 0px; padding: 0px; vertical-align: middle;\" src=\"https://img10.360buyimg.com/imgzone/jfs/t22591/31/2252439833/52583/27ec859/5b78d504N9f4a63ee.jpg\" alt=\"\" /></p>\r\n</div>\r\n<div class=\"detail-content clearfix\" style=\"margin: 10px 0px; padding: 0px; position: relative; background: #f7f7f7; color: #666666; font-family: tahoma, arial, \'Microsoft YaHei\', \'Hiragino Sans GB\', u5b8bu4f53, sans-serif; font-size: 12px;\" data-name=\"z-have-detail-nav\">\r\n<div class=\"detail-content-wrap\" style=\"margin: 0px; padding: 0px; width: 990px; float: left; background-color: #ffffff;\">\r\n<div class=\"detail-content-item\" style=\"margin: 0px; padding: 0px; width: 990px;\">\r\n<div id=\"activity_header\" style=\"margin: 0px; padding: 0px;\">&nbsp;</div>\r\n<div id=\"J-detail-content\" style=\"margin: 0px; padding: 0px;\"><img style=\"margin: 0px; padding: 0px; vertical-align: middle;\" src=\"https://img30.360buyimg.com/popWaterMark/jfs/t13513/345/262054415/208537/b62be03c/5a07a93cN742de78f.jpg\" alt=\"\" /><br />\r\n<p style=\"margin: 0px; padding: 0px;\"><img style=\"margin: 0px; padding: 0px; vertical-align: middle;\" src=\"https://img30.360buyimg.com/popWaterMark/jfs/t13090/350/446687597/157927/ceb727eb/5a0c11acN52d9ea17.jpg\" alt=\"\" /><img id=\"f5ca5a547e454e0ea88f17fa9e777eef \" style=\"margin: 0px; padding: 0px; vertical-align: middle;\" src=\"https://img30.360buyimg.com/popWaterMark/jfs/t3118/184/2737531501/294774/bbfd3865/57e5f445N908adfa3.jpg\" alt=\"\" /><img id=\"c3fa619816054f02b129f45836f58360 \" style=\"margin: 0px; padding: 0px; vertical-align: middle;\" src=\"https://img30.360buyimg.com/popWaterMark/jfs/t3304/303/2788699573/283236/e78fc42d/57e5f446N4fc1dd64.jpg\" alt=\"\" /><img style=\"margin: 0px; padding: 0px; vertical-align: middle;\" src=\"https://img30.360buyimg.com/popWaterMark/jfs/t14044/11/274106126/163819/d2277a2/5a07a95dN79a01da5.jpg\" alt=\"\" /><img style=\"margin: 0px; padding: 0px; vertical-align: middle;\" src=\"https://img30.360buyimg.com/popWaterMark/jfs/t12769/350/285938210/147806/9446dd38/5a07a96cNef1ea567.jpg\" alt=\"\" /><img style=\"margin: 0px; padding: 0px; vertical-align: middle;\" src=\"https://img30.360buyimg.com/popWaterMark/jfs/t13987/130/270266025/169259/6f3b49e5/5a07a97cNd968d30e.jpg\" alt=\"\" /><img style=\"margin: 0px; padding: 0px; vertical-align: middle;\" src=\"https://img30.360buyimg.com/popWaterMark/jfs/t11485/333/1699160082/130452/e5b9d4e6/5a07a991N839ecec6.jpg\" alt=\"\" /><img id=\"6a931b1aae474181afed32d6a74e5bed \" style=\"margin: 0px; padding: 0px; vertical-align: middle;\" src=\"https://img30.360buyimg.com/popWaterMark/jfs/t3304/311/2792154223/204963/2f785556/57e5f44bN2f40451c.jpg\" alt=\"\" /></p>\r\n<p style=\"margin: 0px; padding: 0px;\"><img style=\"margin: 0px; padding: 0px; vertical-align: middle;\" src=\"https://img10.360buyimg.com/popWaterMark/jfs/t26008/90/2210760527/208260/d78ca557/5bc68d57N96da449a.jpg\" alt=\"\" /><br /><img style=\"margin: 0px; padding: 0px; vertical-align: middle;\" src=\"https://img14.360buyimg.com/popWaterMark/jfs/t25867/321/2211406647/317074/26bdf21f/5bc68d58N57f75f76.jpg\" alt=\"\" /></p>\r\n<p>&nbsp;</p>\r\n</div>\r\n</div>\r\n</div>\r\n</div>','中国特产·廉江馆',1,5),(35,'带泥湿花生','新鲜采刨花生 新鲜发货 花生味道浓郁','good_image/40018.jpg','1500g',35.80,44,'<ul id=\"parameter-brand\" class=\"p-parameter-list\" style=\"margin: 0px; padding: 20px 0px 0px; list-style: none; overflow: hidden; color: #666666; font-family: tahoma, arial, \'Microsoft YaHei\', \'Hiragino Sans GB\', u5b8bu4f53, sans-serif; font-size: 12px;\">\r\n<li style=\"margin: 0px 0px 5px; padding: 0px 0px 0px 42px; list-style: none; white-space: nowrap; text-overflow: ellipsis; overflow: hidden; width: 485px; float: left;\" title=\"密农人家（minongrenjia）\">品牌：&nbsp;<a style=\"margin: 0px; padding: 0px; color: #5e69ad; text-decoration-line: none;\" href=\"https://list.jd.com/list.html?cat=12218,13553,13573&amp;ev=exbrand_154004\" target=\"_blank\">密农人家（minongrenjia）</a></li>\r\n</ul>\r\n<ul class=\"parameter2 p-parameter-list\" style=\"margin: 0px; padding: 20px 0px 15px; list-style: none; overflow: hidden; color: #666666; font-family: tahoma, arial, \'Microsoft YaHei\', \'Hiragino Sans GB\', u5b8bu4f53, sans-serif; font-size: 12px;\">\r\n<li style=\"margin: 0px 0px 5px; padding: 0px 0px 0px 42px; list-style: none; white-space: nowrap; text-overflow: ellipsis; overflow: hidden; width: 200px; float: left;\" title=\"密农人家 带泥湿花生 现刨  1500g新鲜蔬菜 \">商品名称：密农人家 带泥湿花生 现刨 1500g新鲜蔬菜</li>\r\n<li style=\"margin: 0px 0px 5px; padding: 0px 0px 0px 42px; list-style: none; white-space: nowrap; text-overflow: ellipsis; overflow: hidden; width: 200px; float: left;\" title=\"27784138981\">商品编号：27784138981</li>\r\n<li style=\"margin: 0px 0px 5px; padding: 0px 0px 0px 42px; list-style: none; white-space: nowrap; text-overflow: ellipsis; overflow: hidden; width: 200px; float: left;\" title=\"密农人家生鲜专营店\">店铺：&nbsp;<a style=\"margin: 0px; padding: 0px; color: #5e69ad; text-decoration-line: none;\" href=\"https://mall.jd.com/index-135377.html\" target=\"_blank\">密农人家生鲜专营店</a></li>\r\n<li style=\"margin: 0px 0px 5px; padding: 0px 0px 0px 42px; list-style: none; white-space: nowrap; text-overflow: ellipsis; overflow: hidden; width: 200px; float: left;\" title=\"2.0kg\">商品毛重：2.0kg</li>\r\n<li style=\"margin: 0px 0px 5px; padding: 0px 0px 0px 42px; list-style: none; white-space: nowrap; text-overflow: ellipsis; overflow: hidden; width: 200px; float: left;\" title=\"SC-shs\">货号：SC-shs</li>\r\n<li style=\"margin: 0px 0px 5px; padding: 0px 0px 0px 42px; list-style: none; white-space: nowrap; text-overflow: ellipsis; overflow: hidden; width: 200px; float: left;\" title=\"1kg以上\">重量：1kg以上</li>\r\n<li style=\"margin: 0px 0px 5px; padding: 0px 0px 0px 42px; list-style: none; white-space: nowrap; text-overflow: ellipsis; overflow: hidden; width: 200px; float: left;\" title=\"其它\">分类：其它</li>\r\n</ul>','密农人家生鲜专营店',1,5),(36,'有机马铃薯土豆','欧盟有机认证 美国有机认证 中国有机认证 供港澳蔬菜基地','good_image/40019.jpg','500g',25.00,33,'<ul id=\"parameter-brand\" class=\"p-parameter-list\" style=\"margin: 0px; padding: 20px 0px 0px; list-style: none; overflow: hidden; color: #666666; font-family: tahoma, arial, \'Microsoft YaHei\', \'Hiragino Sans GB\', u5b8bu4f53, sans-serif; font-size: 12px;\">\r\n<li style=\"margin: 0px 0px 5px; padding: 0px 0px 0px 42px; white-space: nowrap; text-overflow: ellipsis; overflow: hidden; width: 485px; float: left;\" title=\"有机汇\">品牌：&nbsp;<a style=\"margin: 0px; padding: 0px; color: #5e69ad; text-decoration-line: none;\" href=\"https://list.jd.com/list.html?cat=12218,13553,13575&amp;ev=exbrand_231998\" target=\"_blank\">有机汇</a></li>\r\n</ul>\r\n<ul class=\"parameter2 p-parameter-list\" style=\"margin: 0px; padding: 20px 0px 15px; list-style: none; overflow: hidden; color: #666666; font-family: tahoma, arial, \'Microsoft YaHei\', \'Hiragino Sans GB\', u5b8bu4f53, sans-serif; font-size: 12px;\">\r\n<li style=\"margin: 0px 0px 5px; padding: 0px 0px 0px 42px; white-space: nowrap; text-overflow: ellipsis; overflow: hidden; width: 200px; float: left;\" title=\"有机汇   有机马铃薯土豆   宝宝辅食土豆泥   新鲜蔬菜   孕产食材 500g\">商品名称：有机汇 有机马铃薯土豆 宝宝辅食土豆泥 新鲜蔬菜 孕产食材 500g</li>\r\n<li style=\"margin: 0px 0px 5px; padding: 0px 0px 0px 42px; white-space: nowrap; text-overflow: ellipsis; overflow: hidden; width: 200px; float: left;\" title=\"16570037077\">商品编号：16570037077</li>\r\n<li style=\"margin: 0px 0px 5px; padding: 0px 0px 0px 42px; white-space: nowrap; text-overflow: ellipsis; overflow: hidden; width: 200px; float: left;\" title=\"有机汇生鲜旗舰店\">店铺：&nbsp;<a style=\"margin: 0px; padding: 0px; color: #5e69ad; text-decoration-line: none;\" href=\"https://youjihui.jd.com/\" target=\"_blank\">有机汇生鲜旗舰店</a></li>\r\n<li style=\"margin: 0px 0px 5px; padding: 0px 0px 0px 42px; white-space: nowrap; text-overflow: ellipsis; overflow: hidden; width: 200px; float: left;\" title=\"500.00g\">商品毛重：500.00g</li>\r\n<li style=\"margin: 0px 0px 5px; padding: 0px 0px 0px 42px; white-space: nowrap; text-overflow: ellipsis; overflow: hidden; width: 200px; float: left;\" title=\"中国大陆\">商品产地：中国大陆</li>\r\n<li style=\"margin: 0px 0px 5px; padding: 0px 0px 0px 42px; white-space: nowrap; text-overflow: ellipsis; overflow: hidden; width: 200px; float: left;\" title=\"土豆/洋芋\">分类：土豆/洋芋</li>\r\n<li style=\"margin: 0px 0px 5px; padding: 0px 0px 0px 42px; white-space: nowrap; text-overflow: ellipsis; overflow: hidden; width: 200px; float: left;\" title=\"500-1kg\">重量：500-1kg</li>\r\n<li style=\"margin: 0px 0px 5px; padding: 0px 0px 0px 42px; white-space: nowrap; text-overflow: ellipsis; overflow: hidden; width: 200px; float: left;\" title=\"有机\">资质认证：有机</li>\r\n</ul>','有机汇生鲜旗舰店',1,5),(37,'板栗薯','无丝无筋|小时候的味道|香糯粉','good_image/40020.jpg','2500g',39.90,3,'<div class=\"p-parameter\" style=\"margin: 0px 0px 10px; padding: 0px 10px 10px; border-bottom: 1px solid #eeeeee; color: #666666; font-family: tahoma, arial, \'Microsoft YaHei\', \'Hiragino Sans GB\', u5b8bu4f53, sans-serif; font-size: 12px;\">\r\n<ul id=\"parameter-brand\" class=\"p-parameter-list\" style=\"margin: 0px; padding: 20px 0px 0px; list-style: none; overflow: hidden;\">\r\n<li style=\"margin: 0px 0px 5px; padding: 0px 0px 0px 42px; white-space: nowrap; text-overflow: ellipsis; overflow: hidden; width: 485px; float: left;\" title=\"博多客\">品牌：&nbsp;<a style=\"margin: 0px; padding: 0px; color: #5e69ad; text-decoration-line: none;\" href=\"https://list.jd.com/list.html?cat=12218,13553,13575&amp;ev=exbrand_146559\" target=\"_blank\">博多客</a></li>\r\n</ul>\r\n<ul class=\"parameter2 p-parameter-list\" style=\"margin: 0px; padding: 20px 0px 15px; list-style: none; overflow: hidden;\">\r\n<li style=\"margin: 0px 0px 5px; padding: 0px 0px 0px 42px; white-space: nowrap; text-overflow: ellipsis; overflow: hidden; width: 200px; float: left;\" title=\"板栗薯 5斤装 白心红薯 爆皮王地瓜 无丝无筋 番薯 蕃薯   新鲜蔬菜  非紫薯小香薯 荔心\">商品名称：板栗薯 5斤装 白心红薯 爆皮王地瓜 无丝无筋 番薯 蕃薯 新鲜蔬菜 非紫薯小香薯 荔心</li>\r\n<li style=\"margin: 0px 0px 5px; padding: 0px 0px 0px 42px; white-space: nowrap; text-overflow: ellipsis; overflow: hidden; width: 200px; float: left;\" title=\"10499159113\">商品编号：10499159113</li>\r\n<li style=\"margin: 0px 0px 5px; padding: 0px 0px 0px 42px; white-space: nowrap; text-overflow: ellipsis; overflow: hidden; width: 200px; float: left;\" title=\"博多客官方旗舰店\">店铺：&nbsp;<a style=\"margin: 0px; padding: 0px; color: #5e69ad; text-decoration-line: none;\" href=\"https://mall.jd.com/index-169882.html\" target=\"_blank\">博多客官方旗舰店</a></li>\r\n<li style=\"margin: 0px 0px 5px; padding: 0px 0px 0px 42px; white-space: nowrap; text-overflow: ellipsis; overflow: hidden; width: 200px; float: left;\" title=\"2.5kg\">商品毛重：2.5kg</li>\r\n<li style=\"margin: 0px 0px 5px; padding: 0px 0px 0px 42px; white-space: nowrap; text-overflow: ellipsis; overflow: hidden; width: 200px; float: left;\" title=\"中国大陆\">商品产地：中国大陆</li>\r\n<li style=\"margin: 0px 0px 5px; padding: 0px 0px 0px 42px; white-space: nowrap; text-overflow: ellipsis; overflow: hidden; width: 200px; float: left;\" title=\"绿色\">资质认证：绿色</li>\r\n<li style=\"margin: 0px 0px 5px; padding: 0px 0px 0px 42px; white-space: nowrap; text-overflow: ellipsis; overflow: hidden; width: 200px; float: left;\" title=\"1kg-2.5kg\">重量：1kg-2.5kg</li>\r\n<li style=\"margin: 0px 0px 5px; padding: 0px 0px 0px 42px; white-space: nowrap; text-overflow: ellipsis; overflow: hidden; width: 200px; float: left;\" title=\"地瓜/红薯\">分类：地瓜/红薯</li>\r\n<li style=\"margin: 0px 0px 5px; padding: 0px 0px 0px 42px; white-space: nowrap; text-overflow: ellipsis; overflow: hidden; width: 200px; float: left;\" title=\"简装\">包装：简装</li>\r\n<li style=\"margin: 0px 0px 5px; padding: 0px 0px 0px 42px; white-space: nowrap; text-overflow: ellipsis; overflow: hidden; width: 200px; float: left;\" title=\"卤菜，火锅，炒菜，炖菜，煎炸，蒸菜，烧烤\">烹饪建议：卤菜，火锅，炒菜，炖菜，煎炸，蒸菜，烧烤</li>\r\n</ul>\r\n<p class=\"more-par\" style=\"margin: -5px 0px 0px; padding: 0px 20px 0px 0px; text-align: right;\"><a class=\"J-more-param\" style=\"margin: 0px; padding: 0px; color: #005aa0; text-decoration-line: none;\" href=\"https://item.jd.com/10499159113.html#product-detail\">更多参数<span class=\"txt-arr\">&gt;&gt;</span></a></p>\r\n</div>\r\n<div id=\"suyuan-video\" style=\"margin: 0px; padding: 0px; color: #666666; font-family: tahoma, arial, \'Microsoft YaHei\', \'Hiragino Sans GB\', u5b8bu4f53, sans-serif; font-size: 12px;\">&nbsp;</div>\r\n<div id=\"J-detail-banner\" style=\"margin: 0px; padding: 0px; text-align: center; color: #666666; font-family: tahoma, arial, \'Microsoft YaHei\', \'Hiragino Sans GB\', u5b8bu4f53, sans-serif; font-size: 12px;\">&nbsp;</div>\r\n<div id=\"J-detail-pop-tpl-top-new\" style=\"margin: 0px; padding: 0px; overflow: hidden; color: #666666; font-family: tahoma, arial, \'Microsoft YaHei\', \'Hiragino Sans GB\', u5b8bu4f53, sans-serif; font-size: 12px;\">&nbsp;</div>\r\n<div class=\"detail-content clearfix\" style=\"margin: 10px 0px; padding: 0px; position: relative; background: #f7f7f7; color: #666666; font-family: tahoma, arial, \'Microsoft YaHei\', \'Hiragino Sans GB\', u5b8bu4f53, sans-serif; font-size: 12px;\" data-name=\"z-have-detail-nav\">\r\n<div class=\"detail-content-wrap\" style=\"margin: 0px; padding: 0px; width: 990px; float: left; background-color: #ffffff;\">\r\n<div class=\"detail-content-item\" style=\"margin: 0px; padding: 0px; width: 990px;\">\r\n<div id=\"activity_header\" style=\"margin: 0px; padding: 0px;\">&nbsp;</div>\r\n<div id=\"J-detail-content\" style=\"margin: 0px; padding: 0px;\"><br /><img id=\"b4105d91237e4fbf978064ef83b6aa73\" style=\"margin: 0px; padding: 0px; vertical-align: middle;\" src=\"https://img30.360buyimg.com/popWareDetail/jfs/t6220/74/2299010524/291616/1ce9e1fc/595f9476Nb2fae674.jpg\" alt=\"\" /><span style=\"margin: 0px; padding: 0px; color: #ff0000; font-size: x-large;\">现在天气热温度高红薯在运输中容易发芽，但是不影响食用哦，介意慎拍</span><br /><img id=\"24c48e4232854dc397a622f3fe65b3a6\" style=\"margin: 0px; padding: 0px; vertical-align: middle;\" src=\"https://img30.360buyimg.com/popWareDetail/jfs/t6523/337/2289787296/410889/be0824d2/595f9475N01753200.jpg\" alt=\"\" /><br /><img id=\"034d0a12cee143a0bd76dda1f02e5ac3\" style=\"margin: 0px; padding: 0px; vertical-align: middle;\" src=\"https://img30.360buyimg.com/popWareDetail/jfs/t6106/167/4192702287/558577/e572f75/595f9474Ne796f84c.jpg\" alt=\"\" /><br /><img id=\"aab92bcbc7ee41ff83a8d7d38bb5ebcd\" style=\"margin: 0px; padding: 0px; vertical-align: middle;\" src=\"https://img30.360buyimg.com/popWareDetail/jfs/t5752/251/5375401179/283284/c54362c/595f9474Ne6942a21.jpg\" alt=\"\" /><br /><img id=\"445279c5fe314281b397de73f1f3f824\" style=\"margin: 0px; padding: 0px; vertical-align: middle;\" src=\"https://img30.360buyimg.com/popWareDetail/jfs/t2584/236/3461603713/328849/175ca2c4/57903bdbN69f4d933.jpg\" alt=\"\" /><br /><br />\r\n<p style=\"margin: 0px; padding: 0px;\">&nbsp; &nbsp;</p>\r\n<p style=\"margin: 0px; padding: 0px;\"><strong style=\"margin: 0px; padding: 0px;\"><span style=\"margin: 0px; padding: 0px; font-size: x-large; color: #ff0000;\">板栗薯，5斤装，香糯粉，大红薯，爆皮地瓜，现挖现发。</span></strong></p>\r\n<p style=\"margin: 0px; padding: 0px;\">&nbsp;</p>\r\n<img id=\"e75bb98fb1314025b1c50998703da7b2\" style=\"margin: 0px; padding: 0px; vertical-align: middle;\" src=\"https://img30.360buyimg.com/popWareDetail/jfs/t2938/318/1783401195/228120/1979e405/57903bfdN5c10993d.jpg\" alt=\"\" /><br /><br /><br />&nbsp; &nbsp;<br /><br /><img id=\"21a4122751d3488faf71c6f2cda38eb3\" style=\"margin: 0px; padding: 0px; vertical-align: middle;\" src=\"https://img30.360buyimg.com/popWareDetail/jfs/t2992/312/1809858806/308166/4bc7ba84/57903bfaN5e6a09d0.jpg\" alt=\"\" /><br /><br /><img id=\"485de86eb55f4e10b37afc0ae22fd84f\" style=\"margin: 0px; padding: 0px; vertical-align: middle;\" src=\"https://img30.360buyimg.com/popWareDetail/jfs/t3010/72/33582138/240908/cd2c811e/57903bf9N2e94c202.jpg\" alt=\"\" /><br /><br /><img id=\"d252e1b686204bdb90d3f6f54ea243ba\" style=\"margin: 0px; padding: 0px; vertical-align: middle;\" src=\"https://img30.360buyimg.com/popWareDetail/jfs/t2869/19/3038702328/588375/cf572f2/577d040bN71263f5a.jpg\" alt=\"\" /><img id=\"56f6b8ac2c4146e4b478c0dc063c457c\" style=\"margin: 0px; padding: 0px; vertical-align: middle;\" src=\"https://img30.360buyimg.com/popWareDetail/jfs/t2602/13/3542873277/299525/b4a24bc/57903bfbN072e56c1.jpg\" alt=\"\" /><br /><br /><img id=\"a9c317ef7f2f4b469d674202bacd2254\" style=\"margin: 0px; padding: 0px; vertical-align: middle;\" src=\"https://img30.360buyimg.com/popWareDetail/jfs/t2797/285/3013366572/555143/af9ef389/577d03e0N52cd1652.jpg\" alt=\"\" /><img id=\"fc6ac70c7e3e4c0bafee3278b07acfad\" style=\"margin: 0px; padding: 0px; vertical-align: middle;\" src=\"https://img30.360buyimg.com/popWareDetail/jfs/t2668/12/3548550974/335997/c6cb88c/57903bf7Nb7da76d9.jpg\" alt=\"\" /><br /><img id=\"0fcee39e37e447f3bd152cec56f7104c\" style=\"margin: 0px; padding: 0px; vertical-align: middle;\" src=\"https://img30.360buyimg.com/popWareDetail/jfs/t2893/342/3503003974/237257/42bc4220/57903be0N369f0c69.jpg\" alt=\"\" /><br /><img id=\"3d2eafc8333c45c7a154b27cd33b3906\" style=\"margin: 0px; padding: 0px; vertical-align: middle;\" src=\"https://img30.360buyimg.com/popWareDetail/jfs/t2989/70/2558819859/574247/81290e2d/57b52421N16753576.jpg\" alt=\"\" /><br /><img id=\"6545b4be71a343a581032f72027ceb92\" style=\"margin: 0px; padding: 0px; vertical-align: middle;\" src=\"https://img30.360buyimg.com/popWareDetail/jfs/t2692/316/3492058571/279955/ebfcbf99/57903bddN0c4dcf21.jpg\" alt=\"\" /><br /><img id=\"ad5f119c992f460e8be66297724a67f0\" style=\"margin: 0px; padding: 0px; vertical-align: middle;\" src=\"https://img30.360buyimg.com/popWareDetail/jfs/t2896/13/3516646224/329838/93a79e95/57903bdaN787a83e6.jpg\" alt=\"\" /><br /><img id=\"9516f43bddef43359b52f688068367e9\" style=\"margin: 0px; padding: 0px; vertical-align: middle;\" src=\"https://img30.360buyimg.com/popWareDetail/jfs/t2821/220/3536016017/197888/73c18f32/57903babN919df45d.jpg\" alt=\"\" /><br /><img id=\"a6e0c75302d54c6eb54f19a97e133663\" style=\"margin: 0px; padding: 0px; vertical-align: middle;\" src=\"https://img30.360buyimg.com/popWareDetail/jfs/t2629/108/3464774258/296033/9b95a820/57903ba9N6fb2c825.jpg\" alt=\"\" /><br /><img id=\"e30d7d9f3e7b4711aaae73e388ae747a\" style=\"margin: 0px; padding: 0px; vertical-align: middle;\" src=\"https://img30.360buyimg.com/popWareDetail/jfs/t2884/130/3435384889/253634/11cdfec/57903badNc5569aba.jpg\" alt=\"\" /><br /><img id=\"dc48ad867b8b4594b790da72c5379657\" style=\"margin: 0px; padding: 0px; vertical-align: middle;\" src=\"https://img30.360buyimg.com/popWareDetail/jfs/t2794/190/3531299640/191252/f00e1428/57903ba3N16834d0e.jpg\" alt=\"\" /><br /><img id=\"d1cf65e8943b46d78df61c0bf4ac1e67\" style=\"margin: 0px; padding: 0px; vertical-align: middle;\" src=\"https://img30.360buyimg.com/popWareDetail/jfs/t2998/283/21672723/149801/123776a2/57903b8fNacb36c8f.jpg\" alt=\"\" /><br /><img id=\"130ba5ca91cc4239a3268acca0ecb265\" style=\"margin: 0px; padding: 0px; vertical-align: middle;\" src=\"https://img30.360buyimg.com/popWareDetail/jfs/t2974/33/1812566617/180130/1225ccf0/57903b8aN6d4e7b10.jpg\" alt=\"\" /></div>\r\n</div>\r\n</div>\r\n</div>','博多客官方旗舰店',1,5),(38,'haha','haha','good_image/40018_u4yDbBh.jpg','500g',11.00,6,'<div class=\"item-rate-info\" style=\"width: 160px; position: relative; float: left; padding: 20px 0px 0px 100px; font-family: tahoma, arial, \'Hiragino Sans GB\', 宋体, sans-serif; font-size: 12px;\" data-spm=\"1000328\" data-spm-anchor-id=\"a1z0b.8135601.0.1000328.627376f7k7K89j\">\r\n<div class=\"item-detail\" style=\"width: 130px; color: #999999;\"><a class=\"item-d-img\" style=\"text-decoration-line: none; color: #3366cc; display: block; background: #f2f2f2; border: 1px solid #e6e6e6; width: 128px; height: 130px; line-height: 127px; text-align: center; overflow: hidden;\" href=\"https://trade.taobao.com/trade/detail/trade_snap.htm?trade_id=230095468976815300\" target=\"_blank\"><img style=\"vertical-align: middle;\" src=\"https://img.alicdn.com/bao/uploaded/i1/3173723611/O1CN011cXseTKEM2YRNWW_!!3173723611.jpg_130x130.jpg\" alt=\"\" /></a>\r\n<div class=\"item-title\" style=\"height: 18px; line-height: 18px; overflow: hidden; margin-top: 5px; width: 123px; overflow-wrap: break-word; word-break: break-all;\"><a style=\"text-decoration-line: none; color: #3366cc;\" title=\"蜂蜜 天然农家自产野生土蜂蜜原蜜百花蜜洋槐蜜结晶蜜 正宗纯蜂蜜\" href=\"https://trade.taobao.com/trade/detail/trade_snap.htm?trade_id=230095468976815300\" target=\"_blank\">蜂蜜 天然农家自产野生土蜂蜜原蜜百花蜜洋槐蜜结晶蜜 正宗纯蜂蜜</a></div>\r\n</div>\r\n</div>\r\n<div class=\"item-rate-main\" style=\"float: left; margin-left: 20px; width: 570px; font-family: tahoma, arial, \'Hiragino Sans GB\', 宋体, sans-serif; font-size: 12px;\">\r\n<div class=\"item-rate-act\" style=\"margin: 10px 0px 20px;\">\r\n<div class=\"rate-control\">\r\n<ul style=\"margin: 0px; padding: 0px; list-style: none;\">\r\n<li class=\"good\" style=\"margin: 0px; padding: 0px; display: inline;\"><label style=\"float: left; padding: 4px 5px; cursor: pointer;\" for=\"rate-good-230095468976815300\"><input id=\"rate-good-230095468976815300\" class=\"good-rate\" style=\"margin-top: 0px; margin-right: 5px; margin-left: 0px; padding: 0px; font-size: 12px; line-height: 1.5; font-family: tahoma, arial, \'Hiragino Sans GB\', 宋体, sans-serif; vertical-align: text-bottom;\" type=\"radio\" name=\"rates230095468976815300\" value=\"1\" />&nbsp;</label><span class=\"rate-score rate-score-good\" style=\"text-align: center; display: block; color: #ffffff; line-height: 14px; padding: 2px; float: left; visibility: hidden; margin-right: 5px; background-color: #ff6d02;\"><br /></span></li>\r\n<li class=\"normal\" style=\"margin: 0px; padding: 0px; display: inline;\"><label style=\"float: left; padding: 4px 5px; cursor: pointer;\" for=\"rate-normal-230095468976815300\"><input id=\"rate-normal-230095468976815300\" class=\"noraml-rate\" style=\"margin-top: 0px; margin-right: 5px; margin-left: 0px; padding: 0px; font-size: 12px; line-height: 1.5; font-family: tahoma, arial, \'Hiragino Sans GB\', 宋体, sans-serif; vertical-align: text-bottom;\" type=\"radio\" name=\"rates230095468976815300\" value=\"0\" />&nbsp;</label><span class=\"rate-score rate-score-normal\" style=\"text-align: center; display: block; color: #ffffff; line-height: 14px; padding: 2px; float: left; visibility: hidden; margin-right: 5px; background-color: #f0ca01;\"><br /></span></li>\r\n<li class=\"bad\" style=\"margin: 0px; padding: 0px; display: inline;\"><label style=\"float: left; padding: 4px 5px; cursor: pointer;\" for=\"rate-bad-230095468976815300\"><input id=\"rate-bad-230095468976815300\" class=\"bad-rate\" style=\"margin-top: 0px; margin-right: 5px; margin-left: 0px; padding: 0px; font-size: 12px; line-height: 1.5; font-family: tahoma, arial, \'Hiragino Sans GB\', 宋体, sans-serif; vertical-align: text-bottom;\" type=\"radio\" name=\"rates230095468976815300\" value=\"-1\" />&nbsp;</label><span class=\"rate-score rate-score-bad\" style=\"text-align: center; display: block; color: #ffffff; line-height: 14px; padding: 2px; float: left; visibility: hidden; margin-right: 5px; background-color: #999999;\"><br /></span></li>\r\n</ul>\r\n</div>\r\n</div>\r\n<div class=\"rate-msg-box\" style=\"border: 1px solid #daf1fc; padding: 3px; background: #eef8fd; zoom: 1;\">\r\n<div class=\"bd\">\r\n<div class=\"textinput\" style=\"z-index: 0;\"><span class=\"ph-label\" style=\"color: #aaaaaa; position: absolute; padding: 5px 0px 0px 9px; line-height: 1.5; opacity: 1; transition: all 0.2s ease-out 0s; display: block; width: 535px;\">亲，写点评价吧，你的评价对其他买家有很大帮助的。</span><textarea class=\"rate-msg\" style=\"margin: 0px; padding: 8px; font-size: 12px; line-height: 1.5; font-family: tahoma, arial, \'Hiragino Sans GB\', 宋体, sans-serif; width: 544px; border-color: #cccccc; height: 110px; outline: 0px; display: block; resize: vertical;\" name=\"rateContents230095468976815300\" data-spm-anchor-id=\"a1z0b.8135601.0.i0.627376f7k7K89j\"></textarea></div>\r\n</div>\r\n<div class=\"ft\" style=\"vertical-align: middle;\">\r\n<div class=\"J_photo_uploader photo-uploader\" style=\"padding: 3px 0px 0px; width: 390px; float: left; vertical-align: middle;\"><a class=\"J_btn upload-btn btn-chrome\" style=\"color: #ffffff; line-height: 20px; position: relative; float: left; margin-top: 4px; transition: background 0.3s ease 0s; border: 1px solid #7ca0b8; text-align: center; background-color: #93b4c6; cursor: pointer; padding-right: 2px;\" data-auth=\"{&quot;max&quot;:[5,&quot;最多允许上传五张图片！&quot;],&quot;maxSize&quot;:[5000, &quot;文件大小为{size}，文件太大！&quot;],&quot;allowExts&quot;:[{&quot;desc&quot;:&quot;JPG,JPEG,PNG,GIF,BMP&quot;, &quot;ext&quot;:&quot;*.jpg;*.jpeg;*.png;*.gif;*.bmp&quot;},&quot;文件格式错误！&quot;]}\"><span class=\"tb-rate-ico-bg ico-img\" style=\"background: url(\'http://img.alicdn.com/tps/TB1WgeNIVXXXXb5XXXXXXXXXXXX.png\') 0px -400px no-repeat transparent; line-height: 18px; padding-left: 24px; display: inline-block;\">晒照片</span></a>\r\n<div class=\"file-input-wrapper\" style=\"width: 62px; height: 20px; left: 0px; top: 0px; position: absolute; z-index: 300; margin: 0px; overflow: hidden; padding: 0px; opacity: 0;\"><input class=\"file-input\" style=\"margin: 0px; padding: 0px; font-size: 400px; line-height: 1.5; font-family: sans-serif; vertical-align: text-bottom; cursor: pointer; width: 70px; height: 400px; background-image: initial; background-position: 0px 0px; background-size: initial; background-repeat: initial; background-attachment: initial; background-origin: initial; background-clip: initial; position: absolute; top: -200px; left: 0px;\" type=\"file\" name=\"picture\" /></div>\r\n<a class=\"J_MobileUpload upload-btn upload-btn-mobile\" style=\"text-decoration-line: none; color: #ffffff; line-height: 20px; position: relative; float: left; margin-top: 4px; transition: background 0.3s ease 0s; border: 1px solid #e29d58; text-align: center; background: #e5a86a; cursor: pointer; padding-right: 2px; margin-left: 5px;\" href=\"https://rate.taobao.com/remarkSeller.jhtml?spm=a1z09.2.0.0.74a22e8d7Bdcx7&amp;tradeID=230095468976815300&amp;returnURL=https://buyertrade.taobao.com/trade/itemlist/list_bought_items.htm\" data-token=\"rateToken20130606\" data-max=\"5\">手机晒图</a><span class=\"upload-msg\" style=\"margin: 8px 0px 0px 4px; color: #aaaaaa; float: left;\">限5张</span></div>\r\n<div class=\"share-box\" style=\"padding-top: 9px; float: right; height: 26px; position: relative;\" data-spm-anchor-id=\"a1z0b.8135601.0.i1.627376f7k7K89j\"><label style=\"vertical-align: middle; margin-right: 5px;\" for=\"privacy-radio-public-230095468976815300\"><input id=\"privacy-radio-public-230095468976815300\" class=\"privacy-control\" style=\"margin-top: 0px; margin-right: 5px; margin-left: 0px; padding: 2px; font-size: 12px; line-height: 1.5; font-family: tahoma, arial, \'Hiragino Sans GB\', 宋体, sans-serif; vertical-align: middle;\" type=\"radio\" name=\"anony230095468976815300\" value=\"0\" data-spm-anchor-id=\"a1z0b.8135601.0.i2.627376f7k7K89j\" />&nbsp;公开&nbsp;</label><label class=\"checked\" style=\"vertical-align: middle; margin-right: 5px;\" for=\"privacy-radio-anony-230095468976815300\"><input id=\"privacy-radio-anony-230095468976815300\" class=\"privacy-control\" style=\"margin-top: 0px; margin-right: 5px; margin-left: 0px; padding: 2px; font-size: 12px; line-height: 1.5; font-family: tahoma, arial, \'Hiragino Sans GB\', 宋体, sans-serif; vertical-align: middle;\" type=\"radio\" name=\"anony230095468976815300\" value=\"1\" checked=\"checked\" data-spm-anchor-id=\"a1z0b.8135601.0.i3.627376f7k7K89j\" />&nbsp;匿名</label></div>\r\n</div>\r\n</div>\r\n</div>','轩品会生鲜专营店',1,5),(39,'烟台红富士苹果','【坏果包赔】产地现摘现发，新鲜有保证，坏果包赔','good_image/00002_kr2uNIT.jpg','1000g',33.00,0,'<p>&nbsp;&nbsp;</p>','轩品会生鲜专营店',1,1),(40,'烟台红富士苹果','【坏果包赔】产地现摘现发，新鲜有保证，坏果包赔','good_image/00002_E335nR2.jpg','100g',33.00,0,'<p>&nbsp;&nbsp;</p>','轩品会生鲜专营店',1,1),(41,'烟台红富士苹果','【坏果包赔】产地现摘现发，新鲜有保证，坏果包赔','good_image/00002_y5Dbe97.jpg','1000g',33.00,0,'<p>&nbsp;&nbsp;</p>','轩品会生鲜专营店',1,1),(42,'烟台红富士苹果','【坏果包赔】产地现摘现发，新鲜有保证，坏果包赔','good_image/00002_TuY6CiT.jpg','100g',33.00,0,'<p>&nbsp;&nbsp;</p>','轩品会生鲜专营店',1,1),(43,'烟台红富士苹果','【坏果包赔】产地现摘现发，新鲜有保证，坏果包赔','good_image/00002_OsfITwi.jpg','500g',18.00,0,'<p>&nbsp;&nbsp;</p>','轩品会生鲜专营店',1,1),(44,'烟台红富士苹果','【坏果包赔】产地现摘现发，新鲜有保证，坏果包赔','good_image/00002_gphMgrl.jpg','1000g',33.00,0,'<p>&nbsp;&nbsp;</p>','轩品会生鲜专营店',1,1),(45,'蜜桔橘子高山桔子','现货发早青桔，，个大很甜，产地直销，皮薄汁多，无核无渣 欢迎企业家庭团购 可咨询客服','good_image/00001_wNMNHWZ.jpg','1000g',20.00,0,'<p>&nbsp;&nbsp;</p>','轩品会生鲜专营店',1,1),(46,'蜜桔橘子高山桔子','现货发早青桔，，个大很甜，产地直销，皮薄汁多，无核无渣 欢迎企业家庭团购 可咨询客服','good_image/00001_TVjbEQY.jpg','500g',10.00,0,'<p>&nbsp;&nbsp;</p>','轩品会生鲜专营店',1,1),(47,'蜜桔橘子高山桔子','现货发早青桔，，个大很甜，产地直销，皮薄汁多，无核无渣 欢迎企业家庭团购 可咨询客服','good_image/00001_9JaYWKT.jpg','500g',12.00,0,'<p>&nbsp; &nbsp;&nbsp;</p>','轩品会生鲜专营店',1,1),(48,'蜜桔橘子高山桔子','现货发早青桔，，个大很甜，产地直销，皮薄汁多，无核无渣 欢迎企业家庭团购 可咨询客服','good_image/00001_3Fdl1DH.jpg','500g',14.00,0,'<p>&nbsp;&nbsp;</p>','轩品会生鲜专营店',1,1),(49,'烟台红富士苹果','【坏果包赔】产地现摘现发，新鲜有保证，坏果包赔','good_image/00002_kW3hSu8.jpg','500g',10.00,0,'<p>&nbsp;&nbsp;</p>','轩品会生鲜专营店',1,1),(50,'蜜桔橘子高山桔子','现货发早青桔，，个大很甜，产地直销，皮薄汁多，无核无渣 欢迎企业家庭团购 可咨询客服','good_image/00001_sFae1T3.jpg','500g',12.00,1,'<p>&nbsp; &nbsp;</p>','轩品会生鲜专营店',1,1),(51,'烟台红富士苹果','【坏果包赔】产地现摘现发，新鲜有保证，坏果包赔','good_image/00002_oGiUoL4.jpg','500g',12.00,22,'<p>&nbsp; &nbsp;</p>','轩品会生鲜专营店',1,1);
/*!40000 ALTER TABLE `goodsinfo` ENABLE KEYS */;
UNLOCK TABLES;

--
-- Table structure for table `goodstest_commentinfo`
--

DROP TABLE IF EXISTS `goodstest_commentinfo`;
/*!40101 SET @saved_cs_client     = @@character_set_client */;
/*!40101 SET character_set_client = utf8 */;
CREATE TABLE `goodstest_commentinfo` (
  `id` int(11) NOT NULL AUTO_INCREMENT,
  `content` varchar(200) NOT NULL,
  `time` datetime(6) NOT NULL,
  `likenum` int(11) NOT NULL,
  `dislikenum` int(11) NOT NULL,
  `goods_id` int(11) NOT NULL,
  `user_id` int(11) NOT NULL,
  `grade` int(11) NOT NULL,
  PRIMARY KEY (`id`),
  KEY `goodstest_commentinfo_goods_id_f7bcbdc4_fk_goodsinfo_id` (`goods_id`),
  KEY `goodstest_commentinfo_user_id_2ce21de2_fk_userinfo_id` (`user_id`),
  CONSTRAINT `goodstest_commentinfo_goods_id_f7bcbdc4_fk_goodsinfo_id` FOREIGN KEY (`goods_id`) REFERENCES `goodsinfo` (`id`),
  CONSTRAINT `goodstest_commentinfo_user_id_2ce21de2_fk_userinfo_id` FOREIGN KEY (`user_id`) REFERENCES `userinfo` (`id`)
) ENGINE=InnoDB AUTO_INCREMENT=63 DEFAULT CHARSET=utf8;
/*!40101 SET character_set_client = @saved_cs_client */;

--
-- Dumping data for table `goodstest_commentinfo`
--

LOCK TABLES `goodstest_commentinfo` WRITE;
/*!40000 ALTER TABLE `goodstest_commentinfo` DISABLE KEYS */;
INSERT INTO `goodstest_commentinfo` VALUES (1,'新鲜而旦漂亮，很好吃，又脆又甜，酸酸甜甜的，这个味道真的是久违了 酸甜酸甜的，太好吃了 真心不错啦，个大均匀，脆，酸甜，是我要的味道，关键看得出，真没打蜡 比门口水果店的好吃','2018-10-27 05:59:10.248000',6,3,2,2,5),(2,'新鲜而旦漂亮，很好吃，又脆又甜，酸酸甜甜的，这个味道真的是久违了 酸甜酸甜的，太好吃了 真心不错啦，个大均匀，脆，酸甜，是我要的味道，关键看得出，真没打蜡 比门口水果店的好吃','2018-10-28 12:55:27.885000',40,6,2,2,3),(3,'新鲜而旦漂亮，很好吃，又脆又甜，酸酸甜甜的，这个味道真的是久违了 酸甜酸甜的，太好吃了 真心不错啦，个大均匀，脆，酸甜，是我要的味道，关键看得出，真没打蜡 比门口水果店的好吃','2018-10-27 05:59:12.280000',13,11,2,1,5),(4,'新鲜而旦漂亮，很好吃，又脆又甜，酸酸甜甜的，这个味道真的是久违了 酸甜酸甜的，太好吃了 真心不错啦，个大均匀，脆，酸甜，是我要的味道，关键看得出，真没打蜡 比门口水果店的好吃','2018-10-27 07:58:19.976000',28,4,2,1,2),(5,'收到后赶紧吃了一个，汁特别多，非常脆，而且非常甜，香甜可口，都是足重，反正看着就是特别新鲜，就像刚摘的一样，尝了一个，嘎嘣脆甜，汁又多，苹果大小颗颗均匀，含糖量也高，口感脆甜，果肉丰厚，果心小，皮薄多','2018-10-26 11:13:44.536000',4,2,2,2,5),(6,'苹果已收到了，酸甜酸甜的太好吃了，果大，皮薄，个个都非常包满，就知道不是打蜡水果，苹果味道很浓重，很香甜，色泽诱人，很好吃，多汁，果皮很薄，苹果一切开就会有果汁流出来， 水分特别的足，很甜，果肉特别的','2018-10-29 11:48:02.233845',29,1,2,2,1),(7,'苹果已收到了，酸甜酸甜的太好吃了，果大，皮薄，个个都非常包满，就知道不是打蜡水果，苹果味道很浓重，很香甜，色泽诱人，很好吃，多汁，果皮很薄，苹果一切开就会有果汁流出来， 水分特别的足，很甜，果肉特别的','2018-10-26 07:02:33.066000',2,2,2,1,5),(8,'烟台红富士苹果','2018-10-26 14:27:52.135000',0,0,2,2,5),(9,'金艳黄心猕猴桃金果','2018-10-26 14:28:36.394000',0,0,4,2,5),(10,'新鲜草莓水果','2018-10-27 01:33:12.799000',1,1,5,2,5),(11,'烟台红富士苹果','2018-10-27 07:58:45.241000',4,0,2,2,2),(12,'冷冻无公害金鲳鱼','2018-10-27 03:20:02.515000',0,0,7,2,5),(13,'板栗薯','2018-10-28 10:44:54.601000',0,0,37,2,5),(14,'新鲜草莓水果','2018-10-28 10:47:23.853000',0,0,5,2,5),(15,'蜜桔橘子高山桔子','2018-10-28 10:57:59.793000',0,0,1,2,5),(16,' 红洋葱','2018-10-28 11:30:51.070000',1,0,22,2,3),(17,'金艳黄心猕猴桃金果','2018-10-28 11:31:26.027000',0,0,4,2,3),(18,'新鲜草莓水果','2018-10-29 06:36:56.747000',1,1,5,2,0),(19,'夏盐池滩羊肉','2018-10-28 11:32:57.789000',0,0,14,2,2),(20,'新鲜草莓水果','2018-10-28 12:56:41.187000',0,0,5,2,4),(21,' 咸鹅','2018-10-28 13:27:16.189000',0,0,17,2,2),(22,'山东冷冻法式鹅肝','2018-10-28 13:27:16.196000',0,0,16,2,1),(23,'有机马铃薯土豆','2018-10-29 07:50:09.302000',0,0,36,2,4),(24,'冰菜 冰草 沙拉菜','2018-10-29 07:53:44.593000',0,0,23,2,5),(25,'新鲜草莓水果','2018-10-29 07:53:44.603000',0,0,5,2,5),(26,'新鲜草莓水果','2018-10-29 07:53:44.610000',0,0,5,2,5),(27,'\r\n南极捕捞','2018-10-29 07:53:44.622000',0,0,8,2,5),(28,'\r\n南极捕捞','2018-10-29 07:53:44.631000',0,0,8,2,5),(29,'泰国活冻黑虎','2018-10-29 07:53:44.641000',0,0,6,2,5),(30,'泰国活冻黑虎','2018-10-29 07:53:44.647000',0,0,6,2,5),(31,'泰国活冻黑虎','2018-10-29 07:53:44.654000',0,0,6,2,5),(32,'新鲜草莓水果','2018-10-29 07:53:44.663000',0,0,5,2,5),(33,'京觅 熟冻麻辣','2018-10-29 07:53:44.669000',0,0,10,2,5),(34,'蜜桔橘子高山','2018-10-29 07:53:44.675000',0,0,1,2,5),(35,'泰国活冻黑虎','2018-10-29 07:53:44.681000',0,0,6,2,5),(36,'冷冻太湖','2018-10-29 07:53:44.688000',0,0,9,2,5),(37,'冷冻太湖','2018-10-29 07:53:44.695000',0,0,9,2,5),(38,'蜜桔橘子高山','2018-10-29 07:53:44.701000',0,0,1,2,5),(39,'高山桔子linux','2018-10-29 11:13:41.439400',0,0,1,2,2),(40,'骨羔羊腿肉','2018-10-29 11:53:18.121584',0,0,13,2,4),(41,'溧阳馆 咸鹅','2018-10-29 11:53:18.128232',0,0,17,2,3),(42,'冻黑虎虾4','2018-10-29 11:54:13.105968',0,0,6,2,4),(43,'橘子高山桔2','2018-10-29 11:54:13.111766',0,0,1,2,2),(44,'鸽老鸽子肉','2018-10-30 02:16:03.998000',0,0,15,2,5),(45,'','2018-10-30 02:16:46.369000',0,0,1,2,5),(46,'高山桔子4','2018-10-30 02:19:57.623000',0,0,1,2,4),(47,'鲜草莓水果','2018-10-30 02:58:33.364000',0,0,5,2,3),(48,'','2018-10-30 03:02:37.179000',0,0,5,2,2),(49,'羊肉片4','2018-10-30 12:23:52.762029',0,0,12,2,4),(50,'富士苹果2','2018-10-30 12:23:52.934302',0,0,51,2,2),(51,'鲜草莓水果5','2018-10-30 12:24:52.208784',0,0,5,2,5),(52,'盐池滩羊肉4','2018-10-30 12:25:07.507526',0,0,14,2,4),(53,'冷冻法式鹅肝5','2018-10-30 12:25:22.570412',0,0,16,2,5),(54,'冰草 沙拉菜','2018-10-30 12:25:41.856328',0,0,23,2,1),(55,'土豆2','2018-10-30 12:26:11.190277',0,0,36,2,2),(56,'板栗薯5','2018-10-30 12:26:23.473130',0,0,37,2,5),(57,'板栗薯2','2018-10-30 12:26:36.358017',0,0,37,2,2),(58,'黑虎虾','2018-10-30 12:26:47.232165',0,0,6,2,5),(59,'捕捞','2018-10-30 12:26:58.023574',0,0,8,2,5),(60,'冷冻无公害金鲳','2018-10-30 12:27:06.821539',0,0,7,2,5),(61,'上海青','2018-10-30 12:27:19.698479',0,0,18,2,2),(62,'橘子高山桔子4','2018-10-31 02:21:45.286170',0,0,1,2,4);
/*!40000 ALTER TABLE `goodstest_commentinfo` ENABLE KEYS */;
UNLOCK TABLES;

--
-- Table structure for table `orderdetailinfo`
--

DROP TABLE IF EXISTS `orderdetailinfo`;
/*!40101 SET @saved_cs_client     = @@character_set_client */;
/*!40101 SET character_set_client = utf8 */;
CREATE TABLE `orderdetailinfo` (
  `id` int(11) NOT NULL AUTO_INCREMENT,
  `money` decimal(8,2) NOT NULL,
  `count` int(11) NOT NULL,
  `goods_id` int(11) NOT NULL,
  `order_id` varchar(20) NOT NULL,
  PRIMARY KEY (`id`),
  KEY `orderdetailinfo_goods_id_93e4972d_fk_goodsinfo_id` (`goods_id`),
  KEY `orderdetailinfo_order_id_d64c07fd_fk_orderinfo_oid` (`order_id`),
  CONSTRAINT `orderdetailinfo_goods_id_93e4972d_fk_goodsinfo_id` FOREIGN KEY (`goods_id`) REFERENCES `goodsinfo` (`id`),
  CONSTRAINT `orderdetailinfo_order_id_d64c07fd_fk_orderinfo_oid` FOREIGN KEY (`order_id`) REFERENCES `orderinfo` (`oid`)
) ENGINE=InnoDB AUTO_INCREMENT=118 DEFAULT CHARSET=utf8;
/*!40101 SET character_set_client = @saved_cs_client */;

--
-- Dumping data for table `orderdetailinfo`
--

LOCK TABLES `orderdetailinfo` WRITE;
/*!40000 ALTER TABLE `orderdetailinfo` DISABLE KEYS */;
INSERT INTO `orderdetailinfo` VALUES (9,196.00,2,1,'10232209537611'),(10,780.00,1,17,'10232213447025'),(11,420.00,1,16,'10232213447025'),(12,99.00,1,5,'10232216035760'),(13,98.00,1,1,'10232217372442'),(14,18.90,1,4,'10232218457991'),(15,177.80,2,10,'10232222236650'),(16,34.90,1,7,'10232223008599'),(17,67.90,1,6,'10232223008599'),(18,119.70,3,37,'10232225398552'),(19,29.70,3,18,'10232225561797'),(20,25.00,1,36,'10232226511580'),(21,26.40,3,22,'10232227281767'),(22,29.70,3,18,'10232227417445'),(23,495.00,5,14,'10240822476997'),(24,540.00,3,13,'10240822476997'),(25,59.00,1,12,'10240822476997'),(26,99.00,1,5,'10240958436496'),(27,18.90,1,4,'10240958551049'),(28,48.00,1,8,'10241005256952'),(29,88.90,1,10,'10241005339952'),(30,98.00,1,1,'10241029248435'),(31,34.90,1,7,'10241029388784'),(32,88.90,1,10,'10241032441479'),(33,48.00,1,8,'10241032441479'),(34,18.90,1,4,'10241033143942'),(35,25.00,1,36,'10241035589864'),(36,39.90,1,37,'10241038493669'),(37,195.00,1,24,'10241434517528'),(38,8.80,1,22,'10241438285085'),(39,17.60,2,22,'10241442076199'),(40,19.80,2,21,'10241442361573'),(41,8.80,1,22,'10241443441185'),(42,9.90,1,21,'10241444039746'),(43,59.60,1,23,'10241444483483'),(44,59.60,1,23,'10241445227379'),(45,9.90,1,21,'10241446161858'),(46,9.90,1,21,'10241446503969'),(47,9.90,1,21,'10241450144305'),(48,59.60,1,23,'10241451559205'),(49,98.00,1,1,'10241858215373'),(50,25.00,1,36,'10241859035422'),(51,98.00,1,1,'10241905263185'),(52,9.90,1,18,'10241905429137'),(54,34.90,1,7,'10241906174107'),(55,39.90,1,37,'10241906266706'),(56,195.00,1,24,'10242018496467'),(57,68.60,7,32,'10242018496467'),(58,96.00,2,8,'10242037462371'),(59,34.90,1,7,'10242059599450'),(75,98.00,1,1,'10242202137966'),(76,99.00,1,5,'10242242218953'),(77,98.00,1,1,'10242247405859'),(80,99.00,1,5,'10242250558506'),(81,67.90,1,6,'10242251149710'),(82,39.90,1,37,'10242251369009'),(83,39.90,1,37,'10250825041164'),(85,75.60,4,4,'10261514421967'),(86,99.00,1,5,'10261514421967'),(87,99.00,1,5,'10261525109722'),(88,99.00,1,14,'10261525565998'),(89,98.00,1,1,'10282102004874'),(90,297.00,3,5,'10282102151143'),(91,420.00,1,16,'10282102273902'),(92,59.60,1,23,'10282102358448'),(93,67.90,1,6,'10290829499819'),(94,196.00,2,1,'10290829499819'),(95,99.00,1,5,'10290830355129'),(96,196.00,1,15,'10290832346287'),(97,180.00,1,13,'10291554371676'),(98,780.00,1,17,'10291554371676'),(99,98.00,1,1,'10291912319752'),(100,98.00,1,1,'10291915572664'),(103,145.00,5,2,'10291930163736'),(104,294.00,3,1,'10291930163736'),(105,98.00,1,1,'10291930415345'),(106,297.00,1,14,'10291952244376'),(107,196.00,2,1,'10292017201368'),(108,58.00,2,2,'10292017201368'),(109,18.90,1,4,'10292017201368'),(110,177.80,2,10,'10292017201368'),(111,295.00,5,12,'10302023052047'),(112,36.00,3,51,'10302023052047'),(113,29.00,1,2,'10302028467945'),(114,294.00,3,1,'10302028467945'),(115,56.70,3,4,'10302028467945'),(116,29.00,1,2,'10302029101658'),(117,98.00,1,1,'10311032115141');
/*!40000 ALTER TABLE `orderdetailinfo` ENABLE KEYS */;
UNLOCK TABLES;

--
-- Table structure for table `orderinfo`
--

DROP TABLE IF EXISTS `orderinfo`;
/*!40101 SET @saved_cs_client     = @@character_set_client */;
/*!40101 SET character_set_client = utf8 */;
CREATE TABLE `orderinfo` (
  `oid` varchar(20) NOT NULL,
  `odate` datetime(6) NOT NULL,
  `statu` int(11) NOT NULL,
  `oaddress_id` int(11) NOT NULL,
  `ouser_id` int(11) NOT NULL,
  `omoney` decimal(8,2) NOT NULL,
  PRIMARY KEY (`oid`),
  KEY `orderinfo_oaddress_id_a38a3a88_fk_useraddressinfo_id` (`oaddress_id`),
  KEY `orderinfo_ouser_id_754f05e6_fk_userinfo_id` (`ouser_id`),
  CONSTRAINT `orderinfo_oaddress_id_a38a3a88_fk_useraddressinfo_id` FOREIGN KEY (`oaddress_id`) REFERENCES `useraddressinfo` (`id`),
  CONSTRAINT `orderinfo_ouser_id_754f05e6_fk_userinfo_id` FOREIGN KEY (`ouser_id`) REFERENCES `userinfo` (`id`)
) ENGINE=InnoDB DEFAULT CHARSET=utf8;
/*!40101 SET character_set_client = @saved_cs_client */;

--
-- Dumping data for table `orderinfo`
--

LOCK TABLES `orderinfo` WRITE;
/*!40000 ALTER TABLE `orderinfo` DISABLE KEYS */;
INSERT INTO `orderinfo` VALUES ('10232209537611','2018-10-26 08:42:54.755000',2,9,2,196.00),('10232213447025','2018-10-28 13:27:16.128000',3,9,2,1200.00),('10232216035760','2018-10-23 14:16:03.804000',1,9,2,99.00),('10232217372442','2018-10-23 14:17:37.735000',1,9,2,98.00),('10232218457991','2018-10-23 14:18:45.818000',1,9,2,18.90),('10232222236650','2018-10-23 14:22:23.794000',1,9,2,177.80),('10232223008599','2018-10-23 14:23:00.789000',1,9,2,102.80),('10232225398552','2018-10-24 01:55:52.456000',1,9,2,119.70),('10232225561797','2018-10-24 01:51:09.793000',1,9,2,29.70),('10232226511580','2018-10-23 14:26:51.235000',1,9,2,25.00),('10232227281767','2018-10-28 11:30:04.053000',3,9,2,26.40),('10232227417445','2018-10-24 01:53:00.405000',1,9,2,29.70),('10240822476997','2018-10-24 01:54:58.879000',1,12,2,1094.00),('10240958436496','2018-10-24 02:05:10.126000',1,12,2,99.00),('10240958551049','2018-10-24 01:59:03.472000',1,12,2,18.90),('10241005256952','2018-10-24 02:28:01.395000',1,12,2,48.00),('10241005339952','2018-10-24 02:05:42.604000',1,12,2,88.90),('10241029248435','2018-10-24 02:32:04.100000',1,12,2,98.00),('10241029388784','2018-10-24 02:30:16.112000',1,12,2,34.90),('10241032441479','2018-10-24 02:32:59.760000',1,12,2,136.90),('10241033143942','2018-10-24 02:33:21.942000',1,12,2,18.90),('10241035589864','2018-10-24 02:36:05.143000',1,12,2,25.00),('10241038493669','2018-10-24 02:38:55.955000',1,12,2,39.90),('10241434517528','2018-10-24 06:35:08.164000',1,11,2,195.00),('10241438285085','2018-10-24 06:38:33.840000',1,11,2,8.80),('10241442076199','2018-10-24 06:42:10.862000',1,11,2,17.60),('10241442361573','2018-10-24 06:42:39.267000',1,11,2,19.80),('10241443441185','2018-10-24 06:43:46.984000',1,11,2,8.80),('10241444039746','2018-10-24 06:44:08.763000',1,11,2,9.90),('10241444483483','2018-10-24 06:44:51.934000',1,11,2,59.60),('10241445227379','2018-10-30 12:25:41.830418',3,11,2,59.60),('10241446161858','2018-10-24 06:46:20.609000',1,11,2,9.90),('10241446503969','2018-10-24 06:46:53.874000',1,11,2,9.90),('10241450144305','2018-10-24 06:50:18.149000',1,11,2,9.90),('10241451559205','2018-10-24 06:51:59.256000',1,11,2,59.60),('10241858215373','2018-10-24 10:58:34.507000',1,9,2,98.00),('10241859035422','2018-10-30 12:26:11.130982',3,9,2,25.00),('10241905263185','2018-10-24 11:08:33.581000',1,9,2,98.00),('10241905429137','2018-10-30 12:27:19.658371',3,9,2,9.90),('10241906174107','2018-10-27 03:20:02.462000',3,9,2,34.90),('10241906266706','2018-10-28 10:44:54.568000',3,9,2,39.90),('10242018496467','2018-10-29 07:54:22.574000',2,9,2,263.60),('10242037462371','2018-10-30 12:26:57.997170',3,9,2,96.00),('10242059599450','2018-10-30 12:27:06.809407',3,9,2,34.90),('10242202137966','2018-10-28 10:57:59.755000',3,9,2,98.00),('10242242218953','2018-10-30 03:02:37.123000',3,9,2,99.00),('10242247405859','2018-10-31 02:21:45.240223',3,9,2,98.00),('10242250558506','2018-10-28 12:56:41.139000',3,9,2,99.00),('10242251149710','2018-10-30 12:26:47.149333',3,9,2,67.90),('10242251369009','2018-10-30 12:26:36.331253',3,9,2,39.90),('10250825041164','2018-10-30 12:26:23.419830',3,9,2,39.90),('10261514421967','2018-10-28 11:31:25.870000',3,12,2,174.60),('10261525109722','2018-10-28 10:47:23.786000',3,11,2,99.00),('10261525565998','2018-10-28 11:32:57.716000',3,11,2,99.00),('10282102004874','2018-10-30 12:25:52.011217',2,10,2,98.00),('10282102151143','2018-10-30 12:24:52.177137',3,10,2,297.00),('10282102273902','2018-10-30 12:25:22.540081',3,10,2,420.00),('10282102358448','2018-10-30 12:25:47.057040',2,10,2,59.60),('10290829499819','2018-10-29 11:54:13.064155',3,10,2,263.90),('10290830355129','2018-10-30 02:58:33.308000',3,10,2,99.00),('10290832346287','2018-10-30 02:16:03.941000',3,10,2,196.00),('10291554371676','2018-10-29 11:53:18.078399',3,10,2,960.00),('10291912319752','2018-10-29 11:13:41.415924',3,10,2,98.00),('10291915572664','2018-10-30 02:19:57.466000',3,9,2,98.00),('10291930163736','2018-10-29 11:52:34.924154',1,9,2,439.00),('10291930415345','2018-10-30 02:16:46.289000',3,9,2,98.00),('10291952244376','2018-10-30 12:25:07.480760',3,9,2,297.00),('10292017201368','2018-10-29 12:17:20.825958',0,9,2,450.70),('10302023052047','2018-10-30 12:23:52.646866',3,12,2,331.00),('10302028467945','2018-10-31 02:20:54.691633',2,12,2,379.70),('10302029101658','2018-10-30 12:29:10.036737',1,12,2,29.00),('10311032115141','2018-10-31 02:32:11.179143',1,11,2,98.00);
/*!40000 ALTER TABLE `orderinfo` ENABLE KEYS */;
UNLOCK TABLES;

--
-- Table structure for table `useraddressinfo`
--

DROP TABLE IF EXISTS `useraddressinfo`;
/*!40101 SET @saved_cs_client     = @@character_set_client */;
/*!40101 SET character_set_client = utf8 */;
CREATE TABLE `useraddressinfo` (
  `id` int(11) NOT NULL AUTO_INCREMENT,
  `another_name` varchar(20) NOT NULL,
  `urecipients` varchar(20) NOT NULL,
  `upro` int(11) NOT NULL,
  `ucity` int(11) NOT NULL,
  `udisc` int(11) NOT NULL,
  `uaddress` varchar(80) NOT NULL,
  `upostcode` varchar(6) NOT NULL,
  `uaddphone` varchar(20) NOT NULL,
  `userid_id` int(11) NOT NULL,
  PRIMARY KEY (`id`),
  KEY `useraddressinfo_userid_id_0671e268_fk_userinfo_id` (`userid_id`),
  CONSTRAINT `useraddressinfo_userid_id_0671e268_fk_userinfo_id` FOREIGN KEY (`userid_id`) REFERENCES `userinfo` (`id`)
) ENGINE=InnoDB AUTO_INCREMENT=15 DEFAULT CHARSET=utf8;
/*!40101 SET character_set_client = @saved_cs_client */;

--
-- Dumping data for table `useraddressinfo`
--

LOCK TABLES `useraddressinfo` WRITE;
/*!40000 ALTER TABLE `useraddressinfo` DISABLE KEYS */;
INSERT INTO `useraddressinfo` VALUES (1,'家','RUNNING_007',410000,411600,411627,'常营镇','461400','15396991584',1),(2,'学校','张永磊',320000,320200,320211,'苍梧路59号','222000','15396991584',1),(3,'哈哈','师傅的说法',120000,120100,120105,'放的放的地方街道','461400','15396991584',1),(4,'呵呵','呵呵',140000,140300,140302,'山西省阳泉市城　区常营镇','461400','15396991584',1),(5,'家2','running',410000,411600,411627,'哈哈街道','461400','15396991584',1),(6,'是的','反倒是',120000,120200,120223,'阿斯顿发生','461400','15396991584',1),(7,'范德萨范德萨','  bvfd',110000,110100,110101,'哈哈街道','461400','15396991584',1),(8,'梵蒂冈','  发给',130000,130200,130203,'哈哈街道','461400','15396991584',1),(9,'家','张永磊',150000,150400,150421,'呵呵街道','461400','15196991584',2),(10,'学校','running',130000,130500,130521,'苍梧路59号淮海工学院','222000','15396991584',2),(11,'哈哈','张永磊',320000,320200,320211,'无锡软件园','214000','15296991584',2),(12,'家3','张永磊',130000,130300,130301,'哈哈街道','222000','15396991584',2),(13,'嘿嘿','嘿嘿',310000,310200,310230,'嘿嘿街道','123456','15196991584',2),(14,'哈哈哈','张永磊',140000,140500,140521,'苍梧路59号','214000','15396991584',2);
/*!40000 ALTER TABLE `useraddressinfo` ENABLE KEYS */;
UNLOCK TABLES;

--
-- Table structure for table `userinfo`
--

DROP TABLE IF EXISTS `userinfo`;
/*!40101 SET @saved_cs_client     = @@character_set_client */;
/*!40101 SET character_set_client = utf8 */;
CREATE TABLE `userinfo` (
  `id` int(11) NOT NULL AUTO_INCREMENT,
  `uname` varchar(20) NOT NULL,
  `upwd` varchar(40) NOT NULL,
  `umail` varchar(30) NOT NULL,
  `isDelete` tinyint(1) NOT NULL,
  `default_id` int(11) NOT NULL,
  `goodsids` varchar(40) NOT NULL,
  PRIMARY KEY (`id`)
) ENGINE=InnoDB AUTO_INCREMENT=8 DEFAULT CHARSET=utf8;
/*!40101 SET character_set_client = @saved_cs_client */;

--
-- Dumping data for table `userinfo`
--

LOCK TABLES `userinfo` WRITE;
/*!40000 ALTER TABLE `userinfo` DISABLE KEYS */;
INSERT INTO `userinfo` VALUES (1,'running','7c222fb2927d828af22f592134e8932480637c0d','running@163.com',0,1,'31,32'),(2,'RUNNING_007','7c222fb2927d828af22f592134e8932480637c0d','15396991584@163.com',0,11,'2,1,51,38,4'),(5,'hahaha','7c222fb2927d828af22f592134e8932480637c0d','123@163.com',0,0,'6,1'),(6,'hehehe','7c222fb2927d828af22f592134e8932480637c0d','123@163.com',0,0,'3,5,4,1,22'),(7,'linux','7c222fb2927d828af22f592134e8932480637c0d','linux@163.com',0,0,'');
/*!40000 ALTER TABLE `userinfo` ENABLE KEYS */;
UNLOCK TABLES;
/*!40103 SET TIME_ZONE=@OLD_TIME_ZONE */;

/*!40101 SET SQL_MODE=@OLD_SQL_MODE */;
/*!40014 SET FOREIGN_KEY_CHECKS=@OLD_FOREIGN_KEY_CHECKS */;
/*!40014 SET UNIQUE_CHECKS=@OLD_UNIQUE_CHECKS */;
/*!40101 SET CHARACTER_SET_CLIENT=@OLD_CHARACTER_SET_CLIENT */;
/*!40101 SET CHARACTER_SET_RESULTS=@OLD_CHARACTER_SET_RESULTS */;
/*!40101 SET COLLATION_CONNECTION=@OLD_COLLATION_CONNECTION */;
/*!40111 SET SQL_NOTES=@OLD_SQL_NOTES */;

-- Dump completed on 2018-11-26 13:36:08
